id,imo,created_at,updated_at,created_by_id,updated_by_id,date,day_no,vessel_type,total_hs,total_ls,total_uls,total_fuel,total_hs_co_2,total_ls_co_2,total_uls_co_2,total_co_2,total_me_fuel,total_ae_fuel,total_boiler_fuel,me_hs_co_2,me_ls_co_2,me_uls_co_2,ae_hs_co_2,ae_ls_co_2,ae_uls_co_2,boiler_hs_co_2,boiler_ls_co_2,boiler_uls_co_2,total_me_co_2,total_ae_co_2,total_boiler_co_2,miles_by_gps,steaming_time,total_aux_engine_time,speed_by_log,speed_by_gps,wind_speed,rpm,slip,wind_direction,draft_aft,draft_fwd,displacement,course_at_sea,dwt,attained_cii,current_cii,mean_draft,cii_rating_2019,cii_rating_2020,cii_rating_2021,cii_rating_2022,cii_rating,required_cii
1229263,9200677,,,,,2022-11-11,,Container,0.0,7.2,0.0,7.2,0.0,22.69,0.0,22.69,0.0,4.8,2.4,0.0,0.0,0.0,0.0,15.12,0.0,0.0,7.56,0.0,0.0,15.12,7.56,0.0,15.7,,0.0,0.0,0.0,0.0,0.0,0.0,1.73,1.54,10149.0,0.0,68824,,34.42,,,,,,,8.29
1662264,9200677,,,,,2023-01-01,,Container,0.0,45.9,0.0,45.9,0.0,144.63,0.0,144.63,38.5,7.4,0.0,0.0,121.31,0.0,0.0,23.32,0.0,0.0,0.0,0.0,121.31,23.32,0.0,355.0,24.0,24.0,18.08,14.81,5.5,55.4,8.0,30.0,9.7,5.7,41640.0,32.0,68824,5.92,5.92,,,,,,A,8.12
1662265,9200677,,,,,2023-01-02,,Container,0.0,47.6,0.0,47.6,0.0,149.99,0.0,149.99,40.2,7.4,0.0,0.0,126.67,0.0,0.0,23.32,0.0,0.0,0.0,0.0,126.67,23.32,0.0,360.0,24.0,24.0,17.92,15.02,13.5,56.0,7.7,357.0,9.7,5.7,41640.0,32.0,68824,6.05,5.99,,,,,,A,8.12
1662266,9200677,,,,,2023-01-03,,Container,0.0,48.1,0.0,48.1,0.0,151.56,0.0,151.56,40.5,7.6,0.0,0.0,127.62,0.0,0.0,23.95,0.0,0.0,0.0,0.0,127.62,23.95,0.0,351.0,24.0,24.0,17.52,14.64,14.7,54.9,8.2,30.0,9.7,5.7,41640.0,32.0,68824,6.27,6.08,,,,,,A,8.12
1662267,9200677,,,,,2023-01-04,,Container,0.0,46.9,0.0,46.9,0.0,147.78,0.0,147.78,39.6,7.3,0.0,0.0,124.78,0.0,0.0,23.0,0.0,0.0,0.0,0.0,124.78,23.0,0.0,312.0,23.0,24.0,17.04,13.55,23.5,55.7,15.1,20.0,9.7,5.7,41640.0,32.0,68824,6.88,6.26,,,,,,B,8.12
1662268,9200677,,,,,2023-01-05,,Container,0.0,48.6,0.0,48.6,0.0,153.14,0.0,153.14,40.9,7.7,0.0,0.0,128.88,0.0,0.0,24.26,0.0,0.0,0.0,0.0,128.88,24.26,0.0,336.0,24.0,24.0,17.38,14.01,26.4,54.7,11.9,10.0,9.7,5.7,41640.0,32.0,68824,6.62,6.33,,,,,,A,8.12
1662269,9200677,,,,,2023-01-06,,Container,0.0,58.1,0.0,58.1,0.0,183.07,0.0,183.07,50.5,7.6,0.0,0.0,159.13,0.0,0.0,23.95,0.0,0.0,0.0,0.0,159.13,23.95,0.0,383.0,24.0,25.0,18.27,15.94,22.3,59.4,7.7,35.0,9.7,5.7,41640.0,19.0,68824,6.95,6.45,,,,,,B,8.12
1662270,9200677,,,,,2023-01-07,,Container,0.0,40.7,0.0,40.7,0.0,128.25,0.0,128.25,33.2,7.2,0.3,0.0,104.61,0.0,0.0,22.69,0.0,0.0,0.95,0.0,104.61,22.69,0.95,327.0,24.0,24.0,17.2,13.63,15.2,51.1,8.2,60.0,9.7,5.7,41640.0,19.0,68824,5.7,6.34,,,,,,A,8.12
1662271,9200677,,,,,2023-01-08,,Container,0.0,34.9,0.0,34.9,0.0,109.97,0.0,109.97,24.8,7.3,2.8,0.0,78.14,0.0,0.0,23.0,0.0,0.0,8.82,0.0,78.14,23.0,8.82,302.0,24.0,24.0,16.87,12.56,9.5,47.2,8.5,120.0,9.7,5.7,41640.0,294.0,68824,5.29,6.23,,,,,,A,8.12
1662272,9200677,,,,,2023-01-09,,Container,0.0,32.3,0.0,32.3,0.0,101.78,0.0,101.78,23.1,6.9,2.3,0.0,72.79,0.0,0.0,21.74,0.0,0.0,7.25,0.0,72.79,21.74,7.25,278.0,22.0,24.0,7.84,6.32,3.1,23.15,3.05,20.0,9.7,5.7,41640.0,111.0,68824,5.32,6.14,,,,,,A,8.12
1662274,9200677,,,,,2023-01-11,,Container,0.0,14.9,0.0,14.9,0.0,46.95,0.0,41.73,6.0,6.3,2.6,0.0,18.91,0.0,0.0,19.85,0.0,0.0,8.19,0.0,18.91,19.85,8.19,19.0,10.0,21.0,2.52,2.45,2.42,8.37,0.0,98.0,7.7,6.4,36750.83,64.17,68824,31.91,6.45,,,,,,E,8.12
1662276,9200677,,,,,2023-01-13,,Container,0.0,50.34,0.0,50.34,0.0,158.62,0.0,158.47,45.24,5.1,0.0,0.0,142.55,0.0,0.0,16.07,0.0,0.0,0.0,0.0,142.55,16.07,0.0,324.0,19.5,19.5,17.69,16.62,19.5,52.0,9.0,325.0,9.3,8.0,44101.0,112.0,68824,7.11,6.62,,,,,,B,8.12
1662277,9200677,,,,,2023-01-14,,Container,0.0,40.6,0.0,40.6,0.0,127.93,0.0,127.78,33.2,7.4,0.0,0.0,104.61,0.0,0.0,23.32,0.0,0.0,0.0,0.0,104.61,23.32,0.0,314.0,24.0,24.0,11.42,13.07,18.2,51.5,12.7,325.0,9.2,8.4,50594.0,102.0,68824,5.91,6.56,,,,,,A,8.12
1662278,9200677,,,,,2023-01-15,,Container,0.0,53.1,0.0,53.1,0.0,167.32,0.0,166.87,39.3,11.9,1.9,0.0,123.83,0.0,0.0,37.5,0.0,0.0,5.99,0.0,123.83,37.5,5.99,379.0,28.5,39.6,9.8,9.96,6.6,34.63,7.6,118.33,9.2,8.4,50594.0,51.0,68824,6.4,6.55,,,,,,A,8.12
1662281,9200677,,,,,2023-01-18,,Container,0.0,27.3,0.0,27.3,0.0,86.02,0.0,85.73,24.2,3.0,0.1,0.0,76.25,0.0,0.0,9.45,0.0,0.0,0.32,0.0,76.25,9.45,0.32,155.0,10.5,10.5,15.3,14.76,9.6,68.0,13.9,128.0,14.0,13.4,91231.0,219.0,68824,8.04,6.82,,,,,,C,8.12
1662282,9200677,,,,,2023-01-19,,Container,0.0,80.9,0.0,80.9,0.0,254.92,0.0,254.62,74.4,6.5,0.0,0.0,234.43,0.0,0.0,20.48,0.0,0.0,0.0,0.0,234.43,20.48,0.0,390.0,24.0,24.0,16.63,16.23,9.2,67.8,17.6,45.0,14.0,13.4,91231.0,219.0,68824,9.49,7.05,,,,,,D,8.12
1662283,9200677,,,,,2023-01-20,,Container,0.0,80.6,0.0,80.6,0.0,253.97,0.0,253.67,73.8,6.8,0.0,0.0,232.54,0.0,0.0,21.43,0.0,0.0,0.0,0.0,232.54,21.43,0.0,420.0,25.0,25.0,16.8,16.8,14.0,67.0,13.8,250.0,14.0,13.4,91231.0,219.0,68824,8.78,7.19,,,,,,D,8.12
1662284,9200677,,,,,2023-01-21,,Container,0.0,67.9,0.0,67.9,0.0,213.95,0.0,213.66,60.1,7.8,0.0,0.0,189.38,0.0,0.0,24.58,0.0,0.0,0.0,0.0,189.38,24.58,0.0,352.0,24.0,24.4,15.08,14.67,16.0,69.0,17.2,180.0,14.0,13.4,91231.0,219.0,68824,8.82,7.3,,,,,,D,8.12
1662285,9200677,,,,,2023-01-22,,Container,0.0,93.0,0.0,93.0,0.0,293.04,0.0,292.75,86.5,6.5,0.0,0.0,272.56,0.0,0.0,20.48,0.0,0.0,0.0,0.0,272.56,20.48,0.0,390.0,24.0,24.0,17.42,16.25,15.5,72.0,21.7,165.0,14.0,13.4,91231.0,198.0,68824,10.91,7.54,,,,,,E,8.12
1662286,9200677,,,,,2023-01-23,,Container,0.0,92.7,0.0,92.7,0.0,292.1,0.0,291.8,86.2,6.5,0.0,0.0,271.62,0.0,0.0,20.48,0.0,0.0,0.0,0.0,271.62,20.48,0.0,423.0,24.0,24.0,18.17,17.64,9.8,72.0,15.5,250.0,14.0,13.4,91231.0,156.0,68824,10.02,7.71,,,,,,E,8.12
1662287,9200677,,,,,2023-01-24,,Container,0.0,92.5,0.0,92.5,0.0,291.47,0.0,291.17,86.0,6.5,0.0,0.0,270.99,0.0,0.0,20.48,0.0,0.0,0.0,0.0,270.99,20.48,0.0,416.0,24.0,24.0,17.88,17.33,13.0,72.0,17.0,120.0,14.0,13.4,91231.0,198.0,68824,10.17,7.87,,,,,,E,8.12
1662288,9200677,,,,,2023-01-25,,Container,0.0,97.0,0.0,97.0,0.0,305.65,0.0,305.35,90.3,6.7,0.0,0.0,284.54,0.0,0.0,21.11,0.0,0.0,0.0,0.0,284.54,21.11,0.0,430.0,25.0,25.0,17.64,17.2,23.0,72.0,17.8,260.0,14.0,13.4,91231.0,198.0,68824,10.32,8.02,,,,,,E,8.12
1662289,9200677,,,,,2023-01-26,,Container,0.0,94.6,0.0,94.6,0.0,298.08,0.0,297.79,88.2,6.4,0.0,0.0,277.92,0.0,0.0,20.17,0.0,0.0,0.0,0.0,277.92,20.17,0.0,399.0,24.0,24.0,17.5,16.63,30.0,72.0,20.3,260.0,14.0,13.4,91231.0,205.0,68824,10.84,8.17,,,,,,E,8.12
1662290,9200677,,,,,2023-01-27,,Container,0.0,107.0,0.0,107.0,0.0,337.16,0.0,336.86,100.1,6.9,0.0,0.0,315.42,0.0,0.0,21.74,0.0,0.0,0.0,0.0,315.42,21.74,0.0,428.0,25.0,25.0,17.56,17.12,20.0,74.0,20.3,180.0,14.0,13.4,91231.0,270.0,68824,11.44,8.35,,,,,,E,8.12
1662291,9200677,,,,,2023-01-28,,Container,0.0,104.1,0.0,104.1,0.0,328.02,0.0,327.72,97.5,6.6,0.0,0.0,307.22,0.0,0.0,20.8,0.0,0.0,0.0,0.0,307.22,20.8,0.0,416.0,24.0,24.0,17.96,17.33,17.0,74.0,19.8,180.0,14.0,13.4,91231.0,283.0,68824,11.45,8.5,,,,,,E,8.12
1662292,9200677,,,,,2023-01-29,,Container,0.0,80.3,0.0,80.3,0.0,253.03,0.0,252.73,72.7,6.9,0.7,0.0,229.08,0.0,0.0,21.74,0.0,0.0,2.21,0.0,229.08,21.74,2.21,353.0,24.0,24.0,14.71,14.71,35.0,74.0,18.5,5.0,14.0,13.4,91231.0,208.0,68824,10.4,8.58,,,,,,E,8.12
1662293,9200677,,,,,2023-01-30,,Container,0.0,87.9,0.0,87.9,0.0,276.97,0.0,276.68,81.3,6.6,0.0,0.0,256.18,0.0,0.0,20.8,0.0,0.0,0.0,0.0,256.18,20.8,0.0,422.0,24.0,24.0,15.42,17.58,19.0,74.0,10.9,140.0,14.0,13.4,91231.0,264.0,68824,9.53,8.63,,,,,,D,8.12
1662294,9200677,,,,,2023-01-31,,Container,0.0,93.0,0.0,93.0,0.0,293.04,0.0,292.75,86.5,6.5,0.0,0.0,272.56,0.0,0.0,20.48,0.0,0.0,0.0,0.0,272.56,20.48,0.0,419.0,24.0,25.0,17.5,17.46,8.9,69.0,15.0,130.0,14.0,13.4,91231.0,334.0,68824,10.15,8.69,,,,,,E,8.12
1662295,9200677,,,,,2023-02-01,,Container,0.0,82.9,0.0,82.9,0.0,261.22,0.0,260.92,76.2,6.7,0.0,0.0,240.11,0.0,0.0,21.11,0.0,0.0,0.0,0.0,240.11,21.11,0.0,398.0,24.0,24.0,16.42,16.58,14.7,69.0,0.9,190.0,14.0,13.4,91231.0,338.0,68824,9.53,8.73,,,,,,D,8.12
1662296,9200677,,,,,2023-02-02,,Container,0.0,85.1,0.0,85.1,0.0,268.15,0.0,267.85,78.5,6.6,0.0,0.0,247.35,0.0,0.0,20.8,0.0,0.0,0.0,0.0,247.35,20.8,0.0,410.0,24.0,24.0,17.33,17.07,17.2,69.0,15.4,180.0,14.0,13.4,91231.0,338.0,68824,9.49,8.76,,,,,,D,8.12
1662297,9200677,,,,,2023-02-03,,Container,0.0,89.4,0.0,89.4,0.0,281.7,0.0,281.4,82.6,6.8,0.0,0.0,260.27,0.0,0.0,21.43,0.0,0.0,0.0,0.0,260.27,21.43,0.0,415.0,25.0,25.0,17.0,16.6,8.4,69.0,17.2,175.0,14.0,13.4,91231.0,338.0,68824,9.85,8.8,,,,,,E,8.12
1662298,9200677,,,,,2023-02-04,,Container,0.0,85.8,0.0,85.8,0.0,270.36,0.0,270.06,79.2,6.6,0.0,0.0,249.56,0.0,0.0,20.8,0.0,0.0,0.0,0.0,249.56,20.8,0.0,400.0,24.0,24.0,17.21,16.67,9.0,69.0,17.2,200.0,14.0,13.4,91231.0,338.0,68824,9.81,8.84,,,,,,E,8.12
1662299,9200677,,,,,2023-02-05,,Container,0.0,93.4,0.0,93.4,0.0,294.3,0.0,294.01,86.4,7.0,0.0,0.0,272.25,0.0,0.0,22.06,0.0,0.0,0.0,0.0,272.25,22.06,0.0,421.0,25.0,25.0,17.36,16.84,14.0,71.0,16.9,250.0,14.0,13.4,91231.0,338.0,68824,10.15,8.89,,,,,,E,8.12
1662300,9200677,,,,,2023-02-06,,Container,0.0,114.7,0.0,114.7,0.0,361.42,0.0,360.53,104.9,9.5,0.3,0.0,330.54,0.0,0.0,29.93,0.0,0.0,0.95,0.0,330.54,29.93,0.95,492.0,32.2,35.2,11.76,11.33,11.67,46.67,12.37,191.67,14.0,13.4,91231.0,1.67,68824,10.65,8.96,,,,,,E,8.12
1662302,9200677,,,,,2023-02-08,,Container,0.0,17.5,0.0,17.5,0.0,55.14,0.0,45.9,9.9,6.3,1.3,0.0,31.19,0.0,0.0,19.85,0.0,0.0,4.1,0.0,31.19,19.85,4.1,65.0,8.1,25.1,5.39,5.4,3.4,19.67,-4.5,36.67,11.6,11.5,71070.0,28.67,68824,10.26,9.01,,,,,,E,8.12
1662304,9200677,,,,,2023-02-10,,Container,0.0,20.8,0.0,20.8,0.0,65.54,0.0,65.33,10.5,7.7,2.6,0.0,33.09,0.0,0.0,24.26,0.0,0.0,8.19,0.0,33.09,24.26,8.19,63.0,6.7,30.6,4.36,4.48,5.45,15.65,1.12,68.75,10.32,9.24,57802.5,63.25,68824,15.07,9.07,,,,,,E,8.12
1662306,9200677,,,,,2023-02-12,,Container,0.0,44.0,0.0,44.0,0.0,138.64,0.0,138.47,30.3,10.9,2.8,0.0,95.48,0.0,0.0,34.35,0.0,0.0,8.82,0.0,95.48,34.35,8.82,205.0,14.8,38.8,7.84,7.78,7.25,30.0,-6.78,35.0,10.2,8.6,54964.0,192.0,68824,9.81,9.11,,,,,,E,8.12
1662309,9200677,,,,,2023-02-15,,Container,0.0,70.5,0.0,70.5,0.0,222.15,0.0,222.15,60.2,10.0,0.3,0.0,189.69,0.0,0.0,31.51,0.0,0.0,0.95,0.0,189.69,31.51,0.95,418.0,28.8,31.6,10.7,10.7,6.0,44.33,9.93,230.0,9.2,6.0,42734.0,184.0,68824,7.72,9.13,,,,,,C,8.12
1662312,9200677,,,,,2023-02-18,,Container,0.0,25.7,0.0,25.7,0.0,80.98,0.0,80.98,20.9,4.7,0.1,0.0,65.86,0.0,0.0,14.81,0.0,0.0,0.32,0.0,65.86,14.81,0.32,230.0,15.5,15.8,14.97,14.84,13.5,52.0,-1.0,340.0,9.2,5.2,40105.0,88.0,68824,5.12,9.13,,,,,,A,8.12
1662313,9200677,,,,,2023-02-19,,Container,0.0,35.1,0.0,35.1,0.0,110.6,0.0,110.6,27.3,7.2,0.6,0.0,86.02,0.0,0.0,22.69,0.0,0.0,1.89,0.0,86.02,22.69,1.89,257.0,20.0,27.0,4.99,4.89,2.0,18.33,2.6,113.33,9.2,5.2,40105.0,15.67,68824,6.25,9.07,,,,,,A,8.12
1662316,9200677,,,,,2023-02-22,,Container,0.0,49.31,0.0,49.31,0.0,155.38,0.0,155.38,42.41,6.9,0.0,0.0,133.63,0.0,0.0,21.74,0.0,0.0,0.0,0.0,133.63,21.74,0.0,354.0,22.5,22.5,16.04,15.73,15.0,56.0,3.3,20.0,9.2,5.2,40105.0,157.0,68824,6.38,9.07,,,,,,A,8.12
1662317,9200677,,,,,2023-02-23,,Container,0.0,49.31,0.0,49.31,0.0,155.38,0.0,155.38,41.8,7.51,0.0,0.0,131.71,0.0,0.0,23.66,0.0,0.0,0.0,0.0,131.71,23.66,0.0,357.0,24.0,24.0,15.04,14.88,14.0,56.0,9.0,10.0,9.2,5.2,40105.0,157.0,68824,6.32,9.0,,,,,,A,8.12
1662318,9200677,,,,,2023-02-24,,Container,0.0,53.7,0.0,53.7,0.0,169.21,0.0,169.21,46.1,7.6,0.0,0.0,145.26,0.0,0.0,23.95,0.0,0.0,0.0,0.0,145.26,23.95,0.0,379.0,24.0,25.2,15.88,15.79,14.0,58.0,6.7,10.0,9.2,5.2,40105.0,157.0,68824,6.49,8.93,,,,,,A,8.12
1662319,9200677,,,,,2023-02-25,,Container,0.0,52.3,0.0,52.3,0.0,164.8,0.0,164.8,45.0,7.3,0.0,0.0,141.79,0.0,0.0,23.0,0.0,0.0,0.0,0.0,141.79,23.0,0.0,364.0,23.0,24.7,16.0,15.83,17.0,58.0,6.6,15.0,9.2,5.2,40105.0,157.0,68824,6.58,8.88,,,,,,A,8.12
1662320,9200677,,,,,2023-02-26,,Container,0.0,53.8,0.0,53.8,0.0,169.52,0.0,169.52,46.4,7.4,0.0,0.0,146.21,0.0,0.0,23.32,0.0,0.0,0.0,0.0,146.21,23.32,0.0,360.0,24.0,24.0,14.67,15.0,35.0,58.0,12.9,10.0,9.2,5.2,40105.0,157.0,68824,6.84,8.83,,,,,,B,8.12
1662321,9200677,,,,,2023-02-27,,Container,0.0,62.0,0.0,62.0,0.0,195.36,0.0,195.36,54.3,7.7,0.0,0.0,171.1,0.0,0.0,24.26,0.0,0.0,0.0,0.0,171.1,24.26,0.0,350.0,24.0,24.0,14.08,14.58,27.0,60.0,16.2,5.0,9.2,5.2,40105.0,157.0,68824,8.11,8.81,,,,,,C,8.12
1662322,9200677,,,,,2023-02-28,,Container,0.0,60.7,0.0,60.7,0.0,191.27,0.0,191.27,53.1,7.6,0.0,0.0,167.32,0.0,0.0,23.95,0.0,0.0,0.0,0.0,167.32,23.95,0.0,362.0,24.0,28.0,15.58,15.08,24.0,60.0,13.2,10.0,9.2,5.2,40105.0,157.0,68824,7.68,8.78,,,,,,C,8.12
1662323,9200677,,,,,2023-03-01,,Container,0.0,56.7,0.0,56.7,0.0,178.66,0.0,178.66,49.6,7.1,0.0,0.0,156.29,0.0,0.0,22.37,0.0,0.0,0.0,0.0,156.29,22.37,0.0,351.0,23.0,23.0,15.22,15.26,10.0,60.0,12.3,170.0,9.2,5.2,40105.0,78.0,68824,7.4,8.75,,,,,,B,8.12
1662324,9200677,,,,,2023-03-02,,Container,0.0,41.9,0.0,41.9,0.0,132.03,0.0,132.03,34.7,7.2,0.0,0.0,109.34,0.0,0.0,22.69,0.0,0.0,0.0,0.0,109.34,22.69,0.0,301.0,24.0,25.0,15.38,12.54,31.0,52.0,17.5,15.0,9.2,5.2,40105.0,56.0,68824,6.37,8.71,,,,,,A,8.12
1662325,9200677,,,,,2023-03-03,,Container,0.0,54.8,0.0,54.8,0.0,172.67,0.0,172.67,46.5,7.7,0.6,0.0,146.52,0.0,0.0,24.26,0.0,0.0,1.89,0.0,146.52,24.26,1.89,284.0,21.5,33.0,14.0,13.21,14.0,60.0,24.9,345.0,9.2,5.2,40105.0,76.0,68824,8.83,8.71,,,,,,D,8.12
1662326,9200677,,,,,2023-03-04,,Container,0.0,70.7,0.0,70.7,0.0,222.78,0.0,222.78,64.2,6.5,0.0,0.0,202.29,0.0,0.0,20.48,0.0,0.0,0.0,0.0,202.29,20.48,0.0,385.0,23.0,23.0,20.65,16.74,36.0,66.0,12.7,15.0,9.2,5.2,40105.0,73.0,68824,8.41,8.71,,,,,,C,8.12
1662327,9200677,,,,,2023-03-05,,Container,0.0,85.1,0.0,85.1,0.0,268.15,0.0,268.15,78.8,6.3,0.0,0.0,248.3,0.0,0.0,19.85,0.0,0.0,0.0,0.0,248.3,19.85,0.0,390.0,24.0,24.0,14.08,16.25,37.0,68.0,17.8,10.0,9.2,5.2,40105.0,73.0,68824,9.99,8.73,,,,,,E,8.12
1662328,9200677,,,,,2023-03-06,,Container,0.0,63.1,0.0,63.1,0.0,198.83,0.0,198.83,56.3,6.8,0.0,0.0,177.4,0.0,0.0,21.43,0.0,0.0,0.0,0.0,177.4,21.43,0.0,361.0,23.0,23.0,9.8,7.85,14.5,30.5,6.3,5.0,4.6,2.6,20052.5,29.0,68824,8.0,8.72,,,,,,C,8.12
1662329,9200677,,,,,2023-03-07,,Container,0.0,55.63,0.0,55.63,0.0,175.29,0.0,175.29,44.2,10.7,0.73,0.0,139.27,0.0,0.0,33.72,0.0,0.0,2.3,0.0,139.27,33.72,2.3,404.0,33.7,40.4,9.79,9.81,10.5,34.83,6.17,88.33,9.2,5.2,40105.0,50.67,68824,6.3,8.67,,,,,,A,8.12
1662332,9200677,,,,,2023-03-10,,Container,0.0,24.5,0.0,24.5,0.0,77.2,0.0,76.07,19.8,3.7,1.0,0.0,62.39,0.0,0.0,11.66,0.0,0.0,3.15,0.0,62.39,11.66,3.15,104.0,7.3,15.7,11.72,9.46,11.5,36.0,0.75,110.0,9.2,6.8,40105.0,7.0,68824,10.63,8.73,,,,,,E,8.12
1662333,9200677,,,,,2023-03-11,,Container,0.0,84.5,0.0,84.5,0.0,266.26,0.0,265.7,77.9,6.6,0.0,0.0,245.46,0.0,0.0,20.8,0.0,0.0,0.0,0.0,245.46,20.8,0.0,483.0,24.0,24.0,10.27,10.06,10.5,36.0,1.75,165.0,4.6,3.4,20052.5,2.0,68824,7.99,8.71,,,,,,C,8.12
1662334,9200677,,,,,2023-03-12,,Container,0.0,82.2,0.0,82.2,0.0,259.01,0.0,258.45,75.2,7.0,0.0,0.0,236.96,0.0,0.0,22.06,0.0,0.0,0.0,0.0,236.96,22.06,0.0,463.0,24.0,24.0,19.21,19.29,13.0,70.0,5.3,35.0,9.2,6.8,40105.0,4.0,68824,8.11,8.69,,,,,,C,8.12
1662335,9200677,,,,,2023-03-13,,Container,0.0,80.1,0.0,80.1,0.0,252.4,0.0,251.83,73.3,6.8,0.0,0.0,230.97,0.0,0.0,21.43,0.0,0.0,0.0,0.0,230.97,21.43,0.0,464.0,24.0,24.0,19.42,19.33,18.0,70.0,4.9,35.0,9.2,6.8,40105.0,4.0,68824,7.89,8.68,,,,,,C,8.12
1662336,9200677,,,,,2023-03-14,,Container,0.0,63.0,0.0,63.0,0.0,198.51,0.0,197.95,55.0,8.0,0.0,0.0,173.3,0.0,0.0,25.21,0.0,0.0,0.0,0.0,173.3,25.21,0.0,413.0,24.0,24.0,18.63,17.21,14.0,62.0,5.0,30.0,9.2,6.8,40105.0,4.0,68824,6.96,8.64,,,,,,B,8.12
1662337,9200677,,,,,2023-03-15,,Container,0.0,61.2,0.0,61.2,0.0,192.84,0.0,192.28,53.3,7.9,0.0,0.0,167.95,0.0,0.0,24.89,0.0,0.0,0.0,0.0,167.95,24.89,0.0,413.0,24.0,24.0,17.63,17.21,9.0,62.0,5.0,270.0,9.2,6.8,40105.0,4.0,68824,6.76,8.6,,,,,,B,8.12
1662338,9200677,,,,,2023-03-16,,Container,0.0,37.6,0.0,37.6,0.0,118.48,0.0,117.91,29.8,7.8,0.0,0.0,93.9,0.0,0.0,24.58,0.0,0.0,0.0,0.0,93.9,24.58,0.0,344.0,24.0,24.0,14.79,14.33,12.0,52.0,5.5,35.0,9.2,6.8,40105.0,294.0,68824,4.98,8.54,,,,,,A,8.12
1662339,9200677,,,,,2023-03-17,,Container,0.0,46.2,0.0,46.2,0.0,145.58,0.0,143.89,37.5,8.6,0.1,0.0,118.16,0.0,0.0,27.1,0.0,0.0,0.32,0.0,118.16,27.1,0.32,367.0,26.5,28.1,8.89,9.68,9.13,34.67,6.57,46.67,9.2,6.8,40105.0,131.0,68824,5.7,8.49,,,,,,A,8.12
1662341,9200677,,,,,2023-03-19,,Container,0.0,16.49,0.0,16.49,0.0,51.96,0.0,49.71,7.5,6.3,2.69,0.0,23.63,0.0,0.0,19.85,0.0,0.0,8.48,0.0,23.63,19.85,8.48,47.0,6.2,24.3,3.3,4.2,7.0,13.0,0.05,110.0,8.9,5.0,38731.0,34.0,68824,15.37,8.52,,,,,,E,8.12
1662348,9200677,,,,,2023-03-26,,Container,0.0,18.5,0.0,18.5,0.0,58.29,0.0,57.73,6.0,8.5,4.0,0.0,18.91,0.0,0.0,26.78,0.0,0.0,12.6,0.0,18.91,26.78,12.6,52.0,5.7,39.0,3.31,2.94,4.48,10.4,0.8,88.0,6.96,4.0,30984.8,94.8,68824,16.13,8.64,,,,,,E,8.12
1662350,9200677,,,,,2023-03-28,,Container,0.0,18.4,0.0,18.4,0.0,57.98,0.0,38.24,6.8,8.8,2.8,0.0,21.43,0.0,0.0,27.73,0.0,0.0,8.82,0.0,21.43,27.73,8.82,31.0,4.3,33.3,4.27,4.13,10.0,17.33,2.17,120.0,13.29,12.89,84931.0,219.67,68824,17.92,8.67,,,,,,E,8.12
1662351,9200677,,,,,2023-03-29,,Container,0.0,49.8,0.0,49.8,0.0,156.92,0.0,148.45,37.6,11.8,0.4,0.0,118.48,0.0,0.0,37.18,0.0,0.0,1.26,0.0,118.48,37.18,1.26,264.0,23.9,51.1,3.98,4.09,8.0,17.33,6.97,13.33,8.87,8.6,56620.67,87.67,68824,8.17,8.66,,,,,,C,8.12
1662352,9200677,,,,,2023-03-30,,Container,0.0,28.2,0.0,28.2,0.0,88.86,0.0,80.86,14.5,10.4,3.3,0.0,45.69,0.0,0.0,32.77,0.0,0.0,10.4,0.0,45.69,32.77,10.4,91.0,12.0,40.1,2.37,2.33,5.0,8.67,0.58,59.17,10.5,9.11,58682.0,50.67,68824,12.91,8.68,,,,,,E,8.12
1662353,9200677,,,,,2023-03-31,,Container,0.0,9.3,0.0,9.3,0.0,29.3,0.0,27.9,3.0,4.3,2.0,0.0,9.45,0.0,0.0,13.55,0.0,0.0,6.3,0.0,9.45,13.55,6.3,24.0,2.5,17.5,6.22,5.33,5.33,17.33,-12.7,203.33,9.5,9.5,55639.0,48.33,68824,16.89,8.69,,,,,,E,8.12
1662354,9200677,,,,,2023-04-01,,Container,0.0,41.8,0.0,41.8,0.0,131.71,0.0,131.42,34.9,6.9,0.0,0.0,109.97,0.0,0.0,21.74,0.0,0.0,0.0,0.0,109.97,21.74,0.0,328.0,23.0,23.0,13.87,14.26,7.0,52.0,5.3,315.0,9.5,9.5,55639.0,91.0,68824,5.82,8.65,,,,,,A,8.12
1662355,9200677,,,,,2023-04-02,,Container,0.0,44.9,0.0,44.9,0.0,141.48,0.0,141.18,37.7,7.2,0.0,0.0,118.79,0.0,0.0,22.69,0.0,0.0,0.0,0.0,118.79,22.69,0.0,350.0,24.0,24.0,5.03,4.86,3.67,17.33,1.37,10.0,3.17,3.17,18546.33,34.0,68824,5.86,8.6,,,,,,A,8.12
1662356,9200677,,,,,2023-04-03,,Container,0.0,67.4,0.0,67.4,0.0,212.38,0.0,211.49,55.7,11.5,0.2,0.0,175.51,0.0,0.0,36.24,0.0,0.0,0.63,0.0,175.51,36.24,0.63,516.0,37.3,38.1,9.48,9.66,10.53,35.17,3.53,123.33,9.5,9.5,55639.0,54.0,68824,5.96,8.54,,,,,,A,8.12
1662360,9200677,,,,,2023-04-07,,Container,0.0,16.0,0.0,16.0,0.0,50.42,0.0,47.57,7.2,6.3,2.5,0.0,22.69,0.0,0.0,19.85,0.0,0.0,7.88,0.0,22.69,19.85,7.88,58.0,5.3,25.9,4.59,4.3,6.0,17.33,0.73,28.33,11.3,9.9,64363.0,132.67,68824,11.92,8.58,,,,,,E,8.12
1662361,9200677,,,,,2023-04-08,,Container,0.0,72.2,0.0,72.2,0.0,227.5,0.0,222.76,60.2,10.3,1.7,0.0,189.69,0.0,0.0,32.46,0.0,0.0,5.36,0.0,189.69,32.46,5.36,347.0,22.7,38.3,3.57,3.61,2.2,10.4,1.76,3.0,8.71,8.12,50467.6,47.4,68824,9.33,8.59,,,,,,D,8.12
1662362,9200677,,,,,2023-04-09,,Container,0.0,46.0,0.0,46.0,0.0,144.95,0.0,144.0,41.8,4.2,0.0,0.0,131.71,0.0,0.0,13.23,0.0,0.0,0.0,0.0,131.71,13.23,0.0,265.0,14.5,14.5,18.97,18.28,10.0,64.0,2.1,20.0,10.5,10.4,61806.0,161.0,68824,7.9,8.58,,,,,,C,8.12
1662363,9200677,,,,,2023-04-10,,Container,0.0,75.7,0.0,75.7,0.0,238.53,0.0,237.58,68.7,7.0,0.0,0.0,216.47,0.0,0.0,22.06,0.0,0.0,0.0,0.0,216.47,22.06,0.0,436.0,24.0,24.0,18.29,18.17,9.0,60.0,6.4,315.0,10.5,10.4,61806.0,161.0,68824,7.92,8.57,,,,,,C,8.12
1662364,9200677,,,,,2023-04-11,,Container,0.0,71.1,0.0,71.1,0.0,224.04,0.0,220.02,52.8,10.8,7.5,0.0,166.37,0.0,0.0,34.03,0.0,0.0,23.63,0.0,166.37,34.03,23.63,330.0,21.4,35.7,4.42,4.34,3.0,0.0,0.0,83.75,11.21,10.2,64871.5,40.25,68824,9.69,8.59,,,,,,E,8.12
1662366,9200677,,,,,2023-04-13,,Container,0.0,74.8,0.0,74.8,0.0,235.69,0.0,234.6,68.0,6.8,0.0,0.0,214.27,0.0,0.0,21.43,0.0,0.0,0.0,0.0,214.27,21.43,0.0,420.0,22.0,23.5,19.09,19.09,7.0,0.0,5.5,5.0,11.2,10.2,64944.0,217.0,68824,8.12,8.59,,,,,,C,8.12
1662367,9200677,,,,,2023-04-14,,Container,0.0,81.6,0.0,81.6,0.0,257.12,0.0,256.03,73.8,7.8,0.0,0.0,232.54,0.0,0.0,24.58,0.0,0.0,0.0,0.0,232.54,24.58,0.0,433.0,24.5,24.5,17.76,17.67,13.0,68.0,10.7,345.0,11.2,10.2,64944.0,227.0,68824,8.59,8.59,,,,,,C,8.12
1662368,9200677,,,,,2023-04-15,,Container,0.0,68.8,0.0,68.8,0.0,216.79,0.0,215.69,60.5,8.3,0.0,0.0,190.64,0.0,0.0,26.15,0.0,0.0,0.0,0.0,190.64,26.15,0.0,390.0,24.0,37.5,16.33,16.25,12.0,61.0,5.2,320.0,11.2,10.2,64944.0,227.0,68824,8.04,8.58,,,,,,C,8.12
1662369,9200677,,,,,2023-04-16,,Container,0.0,63.3,0.0,63.3,0.0,199.46,0.0,198.36,54.7,8.6,0.0,0.0,172.36,0.0,0.0,27.1,0.0,0.0,0.0,0.0,172.36,27.1,0.0,418.0,25.0,25.0,16.6,16.72,15.0,61.0,5.2,315.0,11.2,10.2,64944.0,227.0,68824,6.9,8.56,,,,,,B,8.12
1662370,9200677,,,,,2023-04-17,,Container,0.0,59.6,0.0,59.6,0.0,187.8,0.0,185.61,48.5,11.1,0.0,0.0,152.82,0.0,0.0,34.98,0.0,0.0,0.0,0.0,152.82,34.98,0.0,517.0,34.7,34.2,9.95,9.97,9.1,34.93,6.27,203.33,11.2,10.2,64944.0,183.0,68824,5.22,8.49,,,,,,A,8.12
1662372,9200677,,,,,2023-04-19,,Container,0.0,37.9,0.0,37.9,0.0,119.42,0.0,118.92,35.0,2.9,0.0,0.0,110.28,0.0,0.0,9.14,0.0,0.0,0.0,0.0,110.28,9.14,0.0,211.0,11.32,11.3,18.79,18.62,12.0,65.7,3.9,45.0,10.4,9.3,58682.0,238.0,68824,8.19,8.5,,,,,,C,8.12
1662373,9200677,,,,,2023-04-20,,Container,0.0,45.4,0.0,45.4,0.0,143.06,0.0,142.55,37.2,7.8,0.4,0.0,117.22,0.0,0.0,24.58,0.0,0.0,1.26,0.0,117.22,24.58,1.26,348.0,25.0,25.6,14.0,13.92,12.5,50.3,6.7,80.0,10.4,9.3,58682.0,239.0,68824,5.95,8.47,,,,,,A,8.12
1662374,9200677,,,,,2023-04-21,,Container,0.0,38.7,0.0,38.7,0.0,121.94,0.0,121.44,29.4,7.4,1.9,0.0,92.64,0.0,0.0,23.32,0.0,0.0,5.99,0.0,92.64,23.32,5.99,317.0,24.0,24.0,13.0,13.21,4.7,47.8,4.8,45.0,10.5,9.2,58682.0,252.0,68824,5.57,8.44,,,,,,A,8.12
1662375,9200677,,,,,2023-04-22,,Container,0.0,38.8,0.0,38.8,0.0,122.26,0.0,121.76,28.5,7.7,2.6,0.0,89.8,0.0,0.0,24.26,0.0,0.0,8.19,0.0,89.8,24.26,8.19,338.0,25.0,25.0,13.4,13.52,4.2,46.0,2.3,270.0,10.5,9.2,58682.0,252.0,68824,5.23,8.4,,,,,,A,8.12
1662376,9200677,,,,,2023-04-23,,Container,0.0,43.2,0.0,43.2,0.0,136.12,0.0,134.61,30.7,9.5,3.0,0.0,96.74,0.0,0.0,29.93,0.0,0.0,9.45,0.0,96.74,29.93,9.45,351.0,30.5,32.0,7.28,7.54,13.0,30.1,9.03,220.0,10.43,9.2,58682.0,108.0,68824,5.57,8.36,,,,,,A,8.12
1662379,9200677,,,,,2023-04-26,,Container,0.0,16.1,0.0,16.1,0.0,50.73,0.0,47.06,12.0,3.6,0.5,0.0,37.81,0.0,0.0,11.34,0.0,0.0,1.58,0.0,37.81,11.34,1.58,150.0,10.5,10.5,13.33,14.29,6.5,46.0,-7.1,330.0,10.0,9.5,57116.0,220.0,68824,4.56,8.38,,,,,,A,8.12
1662380,9200677,,,,,2023-04-27,,Container,0.0,26.6,0.0,26.6,0.0,83.82,0.0,78.88,16.8,8.2,1.6,0.0,52.94,0.0,0.0,25.84,0.0,0.0,5.04,0.0,52.94,25.84,5.04,386.0,18.2,24.0,6.74,7.15,2.17,15.43,2.5,15.0,10.0,9.5,57116.0,80.33,68824,2.97,8.31,,,,,,A,8.12
1662394,9200677,,,,,2023-05-11,,Container,0.0,90.2,0.0,90.2,0.0,284.22,0.0,278.14,81.6,8.6,0.0,0.0,257.12,0.0,0.0,27.1,0.0,0.0,0.0,0.0,257.12,27.1,0.0,309.0,21.5,39.5,17.77,14.37,20.0,73.0,30.3,355.0,12.6,12.4,79393.0,42.0,68824,13.08,8.66,,,,,,E,8.12
1662395,9200677,,,,,2023-05-12,,Container,0.0,101.4,0.0,101.4,0.0,319.51,0.0,313.44,92.0,9.4,0.0,0.0,289.89,0.0,0.0,29.62,0.0,0.0,0.0,0.0,289.89,29.62,0.0,390.0,24.0,29.0,16.29,16.25,17.0,72.2,22.6,345.0,12.6,12.4,79393.0,39.0,68824,11.68,8.7,,,,,,E,8.12
1662396,9200677,,,,,2023-05-13,,Container,0.0,96.4,0.0,96.4,0.0,303.76,0.0,297.68,87.3,9.1,0.0,0.0,275.08,0.0,0.0,28.67,0.0,0.0,0.0,0.0,275.08,28.67,0.0,420.0,23.0,23.0,18.3,18.26,15.0,72.8,13.7,45.0,12.6,12.4,79393.0,27.0,68824,10.3,8.72,,,,,,E,8.12
1662397,9200677,,,,,2023-05-14,,Container,0.0,99.2,0.0,99.2,0.0,312.58,0.0,306.5,89.8,9.4,0.0,0.0,282.96,0.0,0.0,29.62,0.0,0.0,0.0,0.0,282.96,29.62,0.0,427.0,24.0,24.0,19.13,17.79,12.0,0.0,0.0,25.0,12.6,12.4,79393.0,21.0,68824,10.43,8.74,,,,,,E,8.12
1662398,9200677,,,,,2023-05-15,,Container,0.0,99.6,0.0,99.6,0.0,313.84,0.0,307.76,89.9,9.7,0.0,0.0,283.27,0.0,0.0,30.56,0.0,0.0,0.0,0.0,283.27,30.56,0.0,435.0,24.0,24.0,18.75,18.13,14.0,73.0,14.2,45.0,12.6,12.4,79393.0,31.0,68824,10.28,8.77,,,,,,E,8.12
1662399,9200677,,,,,2023-05-16,,Container,0.0,100.3,0.0,100.3,0.0,316.05,0.0,309.97,90.4,9.9,0.0,0.0,284.85,0.0,0.0,31.19,0.0,0.0,0.0,0.0,284.85,31.19,0.0,432.0,24.0,24.0,18.46,18.0,12.0,72.8,14.8,45.0,12.6,12.4,79393.0,31.0,68824,10.43,8.79,,,,,,E,8.12
1662400,9200677,,,,,2023-05-17,,Container,0.0,96.3,0.0,96.3,0.0,303.44,0.0,297.37,85.7,10.6,0.0,0.0,270.04,0.0,0.0,33.4,0.0,0.0,0.0,0.0,270.04,33.4,0.0,413.0,23.0,29.0,19.13,17.96,13.0,72.7,15.0,315.0,12.6,12.4,79393.0,31.0,68824,10.46,8.81,,,,,,E,8.12
1662401,9200677,,,,,2023-05-18,,Container,0.0,101.1,0.0,101.1,0.0,318.57,0.0,312.49,89.8,11.3,0.0,0.0,282.96,0.0,0.0,35.61,0.0,0.0,0.0,0.0,282.96,35.61,0.0,432.0,24.0,49.0,19.0,18.0,12.0,0.0,0.0,330.0,12.6,12.4,79393.0,31.0,68824,10.51,8.83,,,,,,E,8.12
1662402,9200677,,,,,2023-05-19,,Container,0.0,95.0,0.0,95.0,0.0,299.34,0.0,293.27,83.3,11.7,0.0,0.0,262.48,0.0,0.0,36.87,0.0,0.0,0.0,0.0,262.48,36.87,0.0,434.0,24.0,48.0,18.83,18.08,12.0,71.0,12.4,190.0,12.6,12.4,79393.0,18.0,68824,9.82,8.85,,,,,,E,8.12
1662403,9200677,,,,,2023-05-20,,Container,0.0,87.5,0.0,87.5,0.0,275.71,0.0,269.64,75.8,11.7,0.0,0.0,238.85,0.0,0.0,36.87,0.0,0.0,0.0,0.0,238.85,36.87,0.0,422.0,24.0,48.0,18.33,17.58,12.0,69.0,11.8,325.0,12.6,12.4,79393.0,294.0,68824,9.28,8.85,,,,,,D,8.12
1662404,9200677,,,,,2023-05-21,,Container,0.0,65.3,0.0,65.3,0.0,205.76,0.0,187.53,49.1,15.9,0.3,0.0,154.71,0.0,0.0,50.1,0.0,0.0,0.95,0.0,154.71,50.1,0.95,342.0,29.7,64.6,8.61,7.76,6.0,33.77,13.97,220.0,12.6,12.4,79393.0,141.0,68824,7.97,8.84,,,,,,C,8.12
1662405,9200677,,,,,2023-05-22,,Container,0.0,15.4,0.0,15.4,0.0,48.53,0.0,31.47,6.1,7.5,1.8,0.0,19.22,0.0,0.0,23.63,0.0,0.0,5.67,0.0,19.22,23.63,5.67,25.0,7.6,29.6,1.07,0.99,2.33,4.0,2.62,60.0,10.16,9.66,61758.33,61.17,68824,18.29,8.85,,,,,,E,8.12
1662406,9200677,,,,,2023-05-23,,Container,0.0,16.3,0.0,16.3,0.0,51.36,0.0,43.18,5.7,7.8,2.8,0.0,17.96,0.0,0.0,24.58,0.0,0.0,8.82,0.0,17.96,24.58,8.82,38.0,4.0,27.9,5.33,5.07,6.0,17.33,0.0,208.33,12.2,12.2,76595.0,203.0,68824,16.51,8.86,,,,,,E,8.12
1662407,9200677,,,,,2023-05-24,,Container,0.0,38.8,0.0,38.8,0.0,122.26,0.0,116.81,27.1,10.4,1.3,0.0,85.39,0.0,0.0,32.77,0.0,0.0,4.1,0.0,85.39,32.77,4.1,246.0,22.3,46.9,5.92,5.78,0.5,21.5,7.0,10.0,12.2,12.2,76595.0,120.0,68824,6.9,8.84,,,,,,B,8.12
1662408,9200677,,,,,2023-05-25,,Container,0.0,26.3,0.0,26.3,0.0,82.87,0.0,73.89,18.6,6.6,1.1,0.0,58.61,0.0,0.0,20.8,0.0,0.0,3.47,0.0,58.61,20.8,3.47,72.0,12.7,22.6,3.52,3.43,3.2,12.84,1.62,68.0,12.08,11.72,74082.2,16.2,68824,14.91,8.86,,,,,,E,8.12
1662410,9200677,,,,,2023-05-27,,Container,0.0,47.1,0.0,47.1,0.0,148.41,0.0,147.58,43.6,3.5,0.0,0.0,137.38,0.0,0.0,11.03,0.0,0.0,0.0,0.0,137.38,11.03,0.0,217.0,12.5,13.7,19.6,17.36,13.0,67.8,11.9,225.0,12.9,12.8,82152.0,97.0,68824,9.88,8.88,,,,,,E,8.12
1662411,9200677,,,,,2023-05-28,,Container,0.0,93.5,0.0,93.5,0.0,294.62,0.0,293.79,86.9,6.6,0.0,0.0,273.82,0.0,0.0,20.8,0.0,0.0,0.0,0.0,273.82,20.8,0.0,415.0,23.0,23.0,18.91,18.04,15.0,73.0,14.8,45.0,12.9,12.8,82152.0,102.0,68824,10.29,8.9,,,,,,E,8.12
1662412,9200677,,,,,2023-05-29,,Container,0.0,126.5,0.0,126.5,0.0,398.6,0.0,396.11,115.6,10.5,0.4,0.0,364.26,0.0,0.0,33.09,0.0,0.0,1.26,0.0,364.26,33.09,1.26,534.0,32.3,38.1,11.82,11.71,8.0,48.67,10.57,115.0,12.9,12.8,82152.0,40.67,68824,10.78,8.93,,,,,,E,8.12
1662420,9200677,,,,,2023-06-06,,Container,0.0,22.6,0.0,22.6,0.0,71.21,0.0,70.59,16.2,4.4,2.0,0.0,51.05,0.0,0.0,13.86,0.0,0.0,6.3,0.0,51.05,13.86,6.3,163.0,14.0,14.0,10.5,11.64,18.0,46.0,11.8,135.0,11.2,11.2,67994.0,147.0,68824,6.29,9.0,,,,,,A,8.12
1662421,9200677,,,,,2023-06-07,,Container,0.0,43.0,0.0,43.0,0.0,135.49,0.0,131.63,24.1,13.2,5.7,0.0,75.94,0.0,0.0,41.59,0.0,0.0,17.96,0.0,75.94,41.59,17.96,241.0,25.1,49.0,1.87,1.96,5.17,7.33,1.33,110.0,11.07,11.07,66855.0,81.17,68824,7.94,8.99,,,,,,C,8.12
1662422,9200677,,,,,2023-06-08,,Container,0.0,20.0,0.0,20.0,0.0,63.02,0.0,60.89,11.8,6.0,2.2,0.0,37.18,0.0,0.0,18.91,0.0,0.0,6.93,0.0,37.18,18.91,6.93,158.0,16.5,21.0,7.48,7.66,7.7,28.0,-1.37,176.67,10.8,10.8,64577.0,21.67,68824,5.6,8.98,,,,,,A,8.12
1662423,9200677,,,,,2023-06-09,,Container,0.0,22.5,0.0,22.5,0.0,70.9,0.0,68.76,15.7,5.2,1.6,0.0,49.47,0.0,0.0,16.39,0.0,0.0,5.04,0.0,49.47,16.39,5.04,77.0,5.25,17.66,4.69,4.81,9.0,17.75,0.35,166.75,7.57,7.35,43989.75,82.5,68824,12.97,8.99,,,,,,E,8.12
1662424,9200677,,,,,2023-06-10,,Container,0.0,97.0,0.0,97.0,0.0,305.65,0.0,304.94,89.3,7.7,0.0,0.0,281.38,0.0,0.0,24.26,0.0,0.0,0.0,0.0,281.38,24.26,0.0,429.0,24.0,24.0,21.71,17.88,23.0,71.0,12.6,10.0,10.1,9.8,58653.0,160.0,68824,10.33,9.0,,,,,,E,8.12
1662425,9200677,,,,,2023-06-11,,Container,0.0,102.3,0.0,102.3,0.0,322.35,0.0,320.21,93.2,8.9,0.2,0.0,293.67,0.0,0.0,28.04,0.0,0.0,0.63,0.0,293.67,28.04,0.63,499.0,29.6,29.6,12.92,12.58,9.33,46.67,9.0,43.67,10.1,9.8,58653.0,71.33,68824,9.32,9.01,,,,,,D,8.12
1662431,9200677,,,,,2023-06-17,,Container,0.0,24.9,0.0,24.9,0.0,78.46,0.0,76.33,16.9,5.7,2.3,0.0,53.25,0.0,0.0,17.96,0.0,0.0,7.25,0.0,53.25,17.96,7.25,78.0,6.0,23.5,5.93,5.78,13.0,22.13,-1.2,223.33,11.3,10.4,6398.0,145.0,68824,14.22,9.07,,,,,,E,8.12
1662432,9200677,,,,,2023-06-18,,Container,0.0,87.8,0.0,87.8,0.0,276.66,0.0,275.95,80.7,7.1,0.0,0.0,254.29,0.0,0.0,22.37,0.0,0.0,0.0,0.0,254.29,22.37,0.0,425.0,24.5,24.5,3.92,17.35,16.0,68.0,12.9,337.0,11.3,10.4,6398.0,217.0,68824,9.43,9.08,,,,,,D,8.12
1662433,9200677,,,,,2023-06-19,,Container,0.0,82.3,0.0,82.3,0.0,259.33,0.0,258.62,75.3,7.0,0.0,0.0,237.27,0.0,0.0,22.06,0.0,0.0,0.0,0.0,237.27,22.06,0.0,402.0,24.0,24.0,17.29,16.75,19.0,68.0,15.6,45.0,11.3,10.4,6398.0,227.0,68824,9.35,9.08,,,,,,D,8.12
1662434,9200677,,,,,2023-06-20,,Container,0.0,84.1,0.0,84.1,0.0,265.0,0.0,264.29,76.6,7.5,0.0,0.0,241.37,0.0,0.0,23.63,0.0,0.0,0.0,0.0,241.37,23.63,0.0,439.0,25.0,27.0,17.84,17.56,16.0,62.0,10.7,335.0,11.3,10.4,6398.0,227.0,68824,8.75,9.08,,,,,,D,8.12
1662435,9200677,,,,,2023-06-21,,Container,0.0,62.1,0.0,62.1,0.0,195.68,0.0,194.97,54.0,8.1,0.0,0.0,170.15,0.0,0.0,25.52,0.0,0.0,0.0,0.0,170.15,25.52,0.0,382.0,24.0,24.0,15.58,15.92,21.0,60.0,8.6,315.0,11.3,10.4,6398.0,204.0,68824,7.42,9.06,,,,,,B,8.12
1662436,9200677,,,,,2023-06-22,,Container,0.0,73.9,0.0,73.9,0.0,232.86,0.0,230.73,64.1,9.4,0.4,0.0,201.98,0.0,0.0,29.62,0.0,0.0,1.26,0.0,201.98,29.62,1.26,387.0,28.0,31.0,11.25,10.49,14.0,46.33,10.37,180.0,11.3,10.4,6398.0,130.0,68824,8.66,9.05,,,,,,C,8.12
1662438,9200677,,,,,2023-06-24,,Container,0.0,83.1,0.0,83.1,0.0,261.85,0.0,261.4,77.3,5.8,0.0,0.0,243.57,0.0,0.0,18.28,0.0,0.0,0.0,0.0,243.57,18.28,0.0,412.0,23.0,23.0,18.26,17.91,24.0,70.0,10.1,335.0,10.7,9.3,59609.0,240.0,68824,9.22,9.07,,,,,,D,8.12
1662439,9200677,,,,,2023-06-25,,Container,0.0,90.0,0.0,90.0,0.0,283.59,0.0,283.15,84.0,6.0,0.0,0.0,264.68,0.0,0.0,18.91,0.0,0.0,0.0,0.0,264.68,18.91,0.0,424.0,24.0,24.0,17.83,17.67,18.0,70.0,13.4,325.0,10.7,9.3,59609.0,255.0,68824,9.7,9.07,,,,,,E,8.12
1662440,9200677,,,,,2023-06-26,,Container,0.0,76.7,0.0,76.7,0.0,241.68,0.0,241.24,70.4,6.3,0.0,0.0,221.83,0.0,0.0,19.85,0.0,0.0,0.0,0.0,221.83,19.85,0.0,427.0,25.0,25.0,17.04,17.08,15.0,52.0,18.9,335.0,10.7,9.3,59609.0,252.0,68824,8.21,9.07,,,,,,C,8.12
1662441,9200677,,,,,2023-06-27,,Container,0.0,37.6,0.0,37.6,0.0,118.48,0.0,117.14,29.9,7.0,0.7,0.0,94.21,0.0,0.0,22.06,0.0,0.0,2.21,0.0,94.21,22.06,2.21,268.0,19.0,26.2,4.82,4.7,5.33,17.67,3.33,111.67,10.8,9.3,59609.0,84.0,68824,6.35,9.05,,,,,,A,8.12
1662451,9200677,,,,,2023-07-07,,Container,0.0,92.3,0.0,92.3,0.0,290.84,0.0,282.48,81.6,10.7,0.0,0.0,257.12,0.0,0.0,33.72,0.0,0.0,0.0,0.0,257.12,33.72,0.0,391.0,24.0,48.0,17.5,16.29,17.0,69.0,18.6,15.0,12.6,12.2,78338.0,24.0,68824,10.5,9.18,,,,,,E,8.12
1662452,9200677,,,,,2023-07-08,,Container,0.0,85.0,0.0,85.0,0.0,267.83,0.0,259.48,74.9,10.1,0.0,0.0,236.01,0.0,0.0,31.83,0.0,0.0,0.0,0.0,236.01,31.83,0.0,384.0,23.0,46.0,17.13,16.7,13.0,68.0,15.1,45.0,12.6,12.2,78338.0,31.0,68824,9.82,9.18,,,,,,E,8.12
1662453,9200677,,,,,2023-07-09,,Container,0.0,84.5,0.0,84.5,0.0,266.26,0.0,257.9,74.1,10.4,0.0,0.0,233.49,0.0,0.0,32.77,0.0,0.0,0.0,0.0,233.49,32.77,0.0,408.0,24.0,48.0,17.71,17.0,25.0,70.0,11.7,45.0,12.6,12.2,78338.0,22.0,68824,9.18,9.18,,,,,,D,8.12
1662454,9200677,,,,,2023-07-10,,Container,0.0,90.6,0.0,90.6,0.0,285.48,0.0,277.12,79.5,11.1,0.0,0.0,250.5,0.0,0.0,34.98,0.0,0.0,0.0,0.0,250.5,34.98,0.0,415.0,24.0,50.0,17.79,17.29,22.0,69.0,14.0,12.0,12.6,12.2,78338.0,28.0,68824,9.7,9.19,,,,,,E,8.12
1662455,9200677,,,,,2023-07-11,,Container,0.0,89.8,0.0,89.8,0.0,282.96,0.0,274.6,78.6,11.2,0.0,0.0,247.67,0.0,0.0,35.29,0.0,0.0,0.0,0.0,247.67,35.29,0.0,401.0,24.0,50.0,17.88,16.71,14.9,68.0,15.8,182.0,12.6,12.2,78338.0,8.0,68824,9.95,9.19,,,,,,E,8.12
1662456,9200677,,,,,2023-07-12,,Container,0.0,87.6,0.0,87.6,0.0,276.03,0.0,267.67,76.3,11.3,0.0,0.0,240.42,0.0,0.0,35.61,0.0,0.0,0.0,0.0,240.42,35.61,0.0,460.0,24.0,48.3,20.21,19.17,24.0,70.0,5.8,200.0,12.6,12.2,78338.0,28.0,68824,8.45,9.19,,,,,,C,8.12
1662457,9200677,,,,,2023-07-13,,Container,0.0,59.2,0.0,59.2,0.0,186.54,0.0,178.18,47.5,11.7,0.0,0.0,149.67,0.0,0.0,36.87,0.0,0.0,0.0,0.0,149.67,36.87,0.0,378.0,23.0,46.0,15.65,16.43,13.0,58.0,2.9,190.0,12.6,12.2,78338.0,351.0,68824,6.85,9.17,,,,,,B,8.12
1662458,9200677,,,,,2023-07-14,,Container,0.0,52.4,0.0,52.4,0.0,165.11,0.0,156.76,40.1,12.3,0.0,0.0,126.36,0.0,0.0,38.76,0.0,0.0,0.0,0.0,126.36,38.76,0.0,353.0,24.0,48.0,14.25,14.71,16.7,53.5,5.3,170.0,12.6,12.2,78338.0,50.0,68824,6.45,9.14,,,,,,A,8.12
1662459,9200677,,,,,2023-07-15,,Container,0.0,54.2,0.0,54.2,0.0,170.78,0.0,162.43,41.8,12.4,0.0,0.0,131.71,0.0,0.0,39.07,0.0,0.0,0.0,0.0,131.71,39.07,0.0,348.0,24.0,48.0,14.54,14.5,21.0,54.0,8.9,190.0,12.6,12.2,78338.0,18.0,68824,6.78,9.12,,,,,,B,8.12
1662460,9200677,,,,,2023-07-16,,Container,0.0,53.0,0.0,53.0,0.0,167.0,0.0,158.65,40.2,12.8,0.0,0.0,126.67,0.0,0.0,40.33,0.0,0.0,0.0,0.0,126.67,40.33,0.0,347.0,24.0,48.0,14.5,14.46,12.0,54.7,9.0,115.0,12.6,12.2,78338.0,348.0,68824,6.64,9.1,,,,,,A,8.12
1662461,9200677,,,,,2023-07-17,,Container,0.0,46.6,0.0,46.6,0.0,146.84,0.0,129.03,32.0,13.9,0.7,0.0,100.83,0.0,0.0,43.8,0.0,0.0,2.21,0.0,100.83,43.8,2.21,227.0,20.9,50.0,3.6,3.55,3.0,14.25,3.6,10.0,6.3,5.95,39169.0,45.0,68824,8.26,9.1,,,,,,C,8.12
1662462,9200677,,,,,2023-07-18,,Container,0.0,16.04,0.0,16.04,0.0,50.54,0.0,35.62,3.8,9.9,2.34,0.0,11.97,0.0,0.0,31.19,0.0,0.0,7.37,0.0,11.97,31.19,7.37,32.0,4.2,32.6,3.33,3.14,4.0,5.67,0.0,110.83,10.5,10.0,64880.0,88.17,68824,16.17,9.11,,,,,,E,8.12
1662465,9200677,,,,,2023-07-21,,Container,0.0,45.75,0.0,45.75,0.0,144.16,0.0,131.33,30.3,12.8,2.65,0.0,95.48,0.0,0.0,40.33,0.0,0.0,8.35,0.0,95.48,40.33,8.35,253.0,15.2,65.6,16.73,16.36,8.5,26.5,-1.67,251.25,11.3,11.2,66598.0,149.6,68824,7.54,9.12,,,,,,B,8.12
1662467,9200677,,,,,2023-07-23,,Container,0.0,21.7,0.0,21.7,0.0,68.38,0.0,66.78,9.0,10.2,2.5,0.0,28.36,0.0,0.0,32.14,0.0,0.0,7.88,0.0,28.36,32.14,7.88,85.0,15.0,32.5,2.0,1.89,4.0,83.33,106.67,111.67,10.3,10.0,59753.0,60.0,68824,11.42,9.14,,,,,,E,8.12
1662469,9200677,,,,,2023-07-25,,Container,0.0,15.5,0.0,15.5,0.0,48.84,0.0,47.24,6.2,6.9,2.4,0.0,19.54,0.0,0.0,21.74,0.0,0.0,7.56,0.0,19.54,21.74,7.56,42.0,4.0,29.6,5.78,4.67,9.67,17.9,3.43,113.33,13.9,13.6,90641.0,44.67,68824,16.34,9.15,,,,,,E,8.12
1662470,9200677,,,,,2023-07-26,,Container,0.0,59.6,0.0,59.6,0.0,187.8,0.0,185.13,45.4,13.1,1.1,0.0,143.06,0.0,0.0,41.28,0.0,0.0,3.47,0.0,143.06,41.28,3.47,277.0,24.86,63.51,3.23,2.7,5.8,10.88,3.72,73.0,13.98,13.68,90641.0,44.4,68824,9.71,9.16,,,,,,E,8.12
1662471,9200677,,,,,2023-07-27,,Container,0.0,44.3,0.0,44.3,0.0,139.59,0.0,139.06,40.7,3.6,0.0,0.0,128.25,0.0,0.0,11.34,0.0,0.0,0.0,0.0,128.25,11.34,0.0,184.0,11.5,12.5,15.91,16.0,15.0,60.7,4.4,25.0,14.1,13.8,90641.0,173.0,68824,10.98,9.16,,,,,,E,8.12
1662472,9200677,,,,,2023-07-28,,Container,0.0,90.5,0.0,90.5,0.0,285.17,0.0,284.63,83.4,7.1,0.0,0.0,262.79,0.0,0.0,22.37,0.0,0.0,0.0,0.0,262.79,22.37,0.0,375.0,23.0,23.0,17.39,16.3,15.0,65.4,20.0,100.0,14.1,13.8,90641.0,93.0,68824,11.03,9.18,,,,,,E,8.12
1662473,9200677,,,,,2023-07-29,,Container,0.0,95.8,0.0,95.8,0.0,301.87,0.0,301.33,88.4,7.4,0.0,0.0,278.55,0.0,0.0,23.32,0.0,0.0,0.0,0.0,278.55,23.32,0.0,387.0,23.5,25.0,17.53,16.47,19.0,68.8,19.4,90.0,14.1,13.8,90641.0,147.0,68824,11.31,9.2,,,,,,E,8.12
1662474,9200677,,,,,2023-07-30,,Container,0.0,60.9,0.0,60.9,0.0,191.9,0.0,189.67,46.8,12.0,2.1,0.0,147.47,0.0,0.0,37.81,0.0,0.0,6.62,0.0,147.47,37.81,6.62,255.0,28.7,40.0,2.41,2.43,3.8,10.36,3.86,62.0,14.1,13.8,90641.0,14.2,68824,10.81,9.21,,,,,,E,8.12
1662476,9200677,,,,,2023-08-01,,Container,0.0,100.5,0.0,100.5,0.0,316.68,0.0,313.92,90.7,8.9,0.9,0.0,285.8,0.0,0.0,28.04,0.0,0.0,2.84,0.0,285.8,28.04,2.84,379.0,30.3,38.0,9.36,9.33,16.0,44.0,13.57,98.33,13.9,12.4,85955.0,145.67,68824,12.03,9.24,,,,,,E,8.12
1662478,9200677,,,,,2023-08-03,,Container,0.0,26.2,0.0,26.2,0.0,82.56,0.0,79.36,16.7,6.8,2.7,0.0,52.62,0.0,0.0,21.43,0.0,0.0,8.51,0.0,52.62,21.43,8.51,61.0,6.0,45.6,5.25,5.08,12.0,22.67,7.6,123.33,13.9,13.6,90697.0,155.33,68824,18.9,9.25,,,,,,E,8.12
1662479,9200677,,,,,2023-08-04,,Container,0.0,95.9,0.0,95.9,0.0,302.18,0.0,301.11,88.9,7.0,0.0,0.0,280.12,0.0,0.0,22.06,0.0,0.0,0.0,0.0,280.12,22.06,0.0,356.0,24.5,24.5,14.57,14.53,29.0,70.5,27.6,295.0,13.9,13.6,90697.0,244.0,68824,12.29,9.28,,,,,,E,8.12
1662480,9200677,,,,,2023-08-05,,Container,0.0,92.4,0.0,92.4,0.0,291.15,0.0,290.09,85.5,6.9,0.0,0.0,269.41,0.0,0.0,21.74,0.0,0.0,0.0,0.0,269.41,21.74,0.0,344.0,24.0,24.0,14.71,14.33,28.0,68.4,27.7,350.0,13.9,13.6,90697.0,230.0,68824,12.25,9.3,,,,,,E,8.12
1662481,9200677,,,,,2023-08-06,,Container,0.0,95.0,0.0,95.0,0.0,299.34,0.0,298.28,88.0,7.0,0.0,0.0,277.29,0.0,0.0,22.06,0.0,0.0,0.0,0.0,277.29,22.06,0.0,359.0,25.0,25.0,15.2,14.36,18.0,71.6,28.1,335.0,13.9,13.6,90697.0,248.0,68824,12.07,9.32,,,,,,E,8.12
1662482,9200677,,,,,2023-08-07,,Container,0.0,92.2,0.0,92.2,0.0,290.52,0.0,289.46,85.3,6.9,0.0,0.0,268.78,0.0,0.0,21.74,0.0,0.0,0.0,0.0,268.78,21.74,0.0,354.0,24.0,24.0,15.88,14.75,17.0,69.8,33.4,350.0,13.9,13.6,90697.0,250.0,68824,11.88,9.34,,,,,,E,8.12
1662483,9200677,,,,,2023-08-08,,Container,0.0,91.4,0.0,91.4,0.0,288.0,0.0,286.93,84.0,7.4,0.0,0.0,264.68,0.0,0.0,23.32,0.0,0.0,0.0,0.0,264.68,23.32,0.0,384.0,25.0,25.0,15.84,15.36,8.0,68.7,23.0,350.0,13.9,13.6,90697.0,335.0,68824,10.86,9.35,,,,,,E,8.12
1662484,9200677,,,,,2023-08-09,,Container,0.0,101.1,0.0,101.1,0.0,318.57,0.0,315.37,90.0,10.7,0.4,0.0,283.59,0.0,0.0,33.72,0.0,0.0,1.26,0.0,283.59,33.72,1.26,467.0,32.5,39.0,10.29,9.93,5.0,42.4,6.9,210.0,13.9,13.6,90697.0,117.0,68824,9.81,9.36,,,,,,E,8.12
1662486,9200677,,,,,2023-08-11,,Container,0.0,45.7,0.0,45.7,0.0,144.0,0.0,143.08,37.6,7.9,0.2,0.0,118.48,0.0,0.0,24.89,0.0,0.0,0.63,0.0,118.48,24.89,0.63,285.0,24.0,24.0,12.42,11.88,21.0,51.6,20.8,315.0,14.0,13.8,91283.0,327.0,68824,7.29,9.35,,,,,,B,8.12
1662487,9200677,,,,,2023-08-12,,Container,0.0,51.8,0.0,51.8,0.0,163.22,0.0,160.47,41.9,9.5,0.4,0.0,132.03,0.0,0.0,29.93,0.0,0.0,1.26,0.0,132.03,29.93,1.26,579.0,28.4,34.8,12.01,11.58,18.67,33.93,17.1,210.0,14.0,13.8,91283.0,224.33,68824,4.03,9.29,,,,,,A,8.12
1662489,9200677,,,,,2023-08-14,,Container,0.0,57.4,0.0,57.4,0.0,180.87,0.0,179.95,53.0,4.4,0.0,0.0,167.0,0.0,0.0,13.86,0.0,0.0,0.0,0.0,167.0,13.86,0.0,252.0,15.0,15.0,17.27,16.8,11.0,0.0,0.0,315.0,14.0,13.8,91283.0,316.0,68824,10.38,9.31,,,,,,E,8.12
1662490,9200677,,,,,2023-08-15,,Container,0.0,200.5,0.0,200.5,0.0,631.78,0.0,627.18,123.35,76.75,0.4,0.0,388.68,0.0,0.0,241.84,0.0,0.0,1.26,0.0,388.68,241.84,1.26,456.0,33.3,43.1,9.26,8.68,9.6,34.18,3.78,87.6,14.0,13.8,91283.0,37.6,68824,19.98,9.41,,,,,,E,8.12
1662492,9200677,,,,,2023-08-17,,Container,0.0,21.3,0.0,21.3,0.0,67.12,0.0,66.32,11.7,8.5,1.1,0.0,36.87,0.0,0.0,26.78,0.0,0.0,3.47,0.0,36.87,26.78,3.47,82.0,12.8,42.5,2.35,2.19,2.4,8.4,0.66,4.0,8.15,8.03,52451.8,17.8,68824,11.75,9.42,,,,,,E,8.12
1662493,9200677,,,,,2023-08-18,,Container,0.0,14.3,0.0,14.3,0.0,45.06,0.0,44.26,10.6,3.7,0.0,0.0,33.4,0.0,0.0,11.66,0.0,0.0,0.0,0.0,33.4,11.66,0.0,150.0,11.2,16.9,3.06,2.94,5.0,9.95,-0.28,102.5,6.9,6.8,44702.5,44.83,68824,4.29,9.4,,,,,,A,8.12
1662494,9200677,,,,,2023-08-19,,Container,0.0,29.9,0.0,29.9,0.0,94.21,0.0,93.95,23.2,6.7,0.0,0.0,73.1,0.0,0.0,21.11,0.0,0.0,0.0,0.0,73.1,21.11,0.0,295.0,21.8,21.8,14.04,13.53,16.0,49.6,6.1,80.0,13.8,13.6,89405.0,137.0,68824,4.63,9.38,,,,,,A,8.12
1662495,9200677,,,,,2023-08-20,,Container,0.0,46.9,2.0,48.9,0.0,147.78,6.41,153.39,36.4,12.3,0.2,0.0,114.7,0.0,0.0,33.09,5.77,0.0,0.0,0.64,114.7,38.86,0.64,420.0,37.7,43.5,6.49,6.18,6.75,25.08,11.15,112.5,13.8,13.6,89405.0,48.0,68824,5.31,9.34,,,,,,A,8.12
1662497,9200677,,,,,2023-08-22,,Container,0.0,12.8,9.3,22.1,0.0,40.33,29.82,67.46,12.7,8.4,1.0,0.0,40.02,0.0,0.0,0.0,26.93,0.0,0.32,2.89,40.02,26.93,3.2,83.0,8.5,38.5,6.33,6.05,7.2,12.96,4.7,132.0,13.9,13.89,90940.0,64.6,68824,11.81,9.35,,,,,,E,8.12
1662500,9200677,,,,,2023-08-25,,Container,0.0,51.3,0.0,51.3,0.0,161.65,0.0,159.87,40.4,10.5,0.4,0.0,127.3,0.0,0.0,33.09,0.0,0.0,1.26,0.0,127.3,33.09,1.26,369.0,32.0,38.4,9.36,8.62,9.33,34.43,2.17,25.0,14.0,13.9,91881.0,151.33,68824,6.3,9.34,,,,,,A,8.12
1662502,9200677,,,,,2023-08-27,,Container,0.0,24.2,0.0,24.2,0.0,76.25,0.0,74.48,18.1,4.9,1.2,0.0,57.03,0.0,0.0,15.44,0.0,0.0,3.78,0.0,57.03,15.44,3.78,72.0,8.8,20.6,6.58,6.0,8.0,23.4,4.7,196.67,14.0,13.9,91881.0,121.33,68824,15.03,9.36,,,,,,E,8.12
1662503,9200677,,,,,2023-08-28,,Container,0.0,122.5,0.0,122.5,0.0,386.0,0.0,384.22,112.4,10.0,0.1,0.0,354.17,0.0,0.0,31.51,0.0,0.0,0.32,0.0,354.17,31.51,0.32,522.0,32.4,34.9,12.92,11.21,7.0,47.37,11.33,196.67,14.0,13.9,91881.0,54.33,68824,10.69,9.38,,,,,,E,8.12
1662505,9200677,,,,,2023-08-30,,Container,0.0,95.0,0.0,95.0,0.0,299.34,0.0,296.23,87.6,7.4,0.0,0.0,276.03,0.0,0.0,23.32,0.0,0.0,0.0,0.0,276.03,23.32,0.0,311.0,18.0,36.0,18.0,17.28,12.0,70.9,15.0,120.0,14.0,13.7,91414.0,155.0,68824,13.84,9.41,,,,,,E,8.12
1662506,9200677,,,,,2023-08-31,,Container,0.0,47.1,0.0,47.1,0.0,148.41,0.0,141.52,31.5,15.4,0.2,0.0,99.26,0.0,0.0,48.53,0.0,0.0,0.63,0.0,99.26,48.53,0.63,427.0,34.0,68.0,9.18,8.52,6.67,35.0,10.37,88.33,14.0,13.7,91414.0,123.67,68824,4.82,9.37,,,,,,A,8.12
1662511,9200677,,,,,2023-09-05,,Container,0.0,79.4,0.0,79.4,0.0,250.19,0.0,247.17,71.3,8.1,0.0,0.0,224.67,0.0,0.0,25.52,0.0,0.0,0.0,0.0,224.67,25.52,0.0,373.0,20.3,40.6,0.9,18.37,11.0,70.9,10.8,159.0,12.1,11.1,72088.0,66.0,68824,9.63,9.4,,,,,,D,8.12
1662512,9200677,,,,,2023-09-06,,Container,0.0,94.2,0.0,94.2,0.0,296.82,0.0,293.8,84.8,9.4,0.0,0.0,267.2,0.0,0.0,29.62,0.0,0.0,0.0,0.0,267.2,29.62,0.0,438.0,24.0,48.0,19.0,18.25,12.0,71.0,11.6,170.0,12.1,11.1,72088.0,55.0,68824,9.75,9.41,,,,,,E,8.12
1662513,9200677,,,,,2023-09-07,,Container,0.0,94.4,0.0,94.4,0.0,297.45,0.0,294.43,85.0,9.4,0.0,0.0,267.83,0.0,0.0,29.62,0.0,0.0,0.0,0.0,267.83,29.62,0.0,449.0,24.0,48.0,19.58,18.71,12.0,71.0,9.3,210.0,12.1,11.1,72088.0,330.0,68824,9.53,9.41,,,,,,D,8.12
1662514,9200677,,,,,2023-09-08,,Container,0.0,110.4,0.0,110.4,0.0,347.87,0.0,338.8,97.9,12.2,0.3,0.0,308.48,0.0,0.0,38.44,0.0,0.0,0.95,0.0,308.48,38.44,0.95,488.0,29.7,61.6,12.29,11.33,8.0,45.37,9.9,207.33,12.1,11.1,72088.0,149.33,68824,10.09,9.41,,,,,,E,8.12
1662273,9200677,,,,,2023-01-10,,Container,0.0,9.7,0.0,9.7,0.0,30.56,0.0,30.56,0.2,6.0,3.5,0.0,0.63,0.0,0.0,18.91,0.0,0.0,11.03,0.0,0.63,18.91,11.03,0.0,0.6,24.0,0.0,0.0,0.0,0.0,0.0,0.0,4.5,3.2,22050.5,0.0,68824,,6.29,,,,,,,8.12
1662275,9200677,,,,,2023-01-12,,Container,0.0,7.89,0.0,7.89,0.0,24.86,0.0,24.71,1.7,4.14,2.05,0.0,5.36,0.0,0.0,13.05,0.0,0.0,6.46,0.0,5.36,13.05,6.46,0.0,1.5,20.0,0.0,0.0,7.88,0.0,0.0,7.5,4.65,4.0,22050.5,88.75,68824,,6.57,,,,,,,8.12
1662279,9200677,,,,,2023-01-16,,Container,0.0,3.9,0.0,3.9,0.0,12.29,0.0,11.99,0.4,2.4,1.1,0.0,1.26,0.0,0.0,7.56,0.0,0.0,3.47,0.0,1.26,7.56,3.47,0.0,1.8,8.4,0.0,0.0,0.0,0.0,0.0,0.0,4.6,4.2,25297.0,0.0,68824,,6.59,,,,,,,8.12
1662280,9200677,,,,,2023-01-17,,Container,0.0,16.4,0.0,16.4,0.0,51.68,0.0,50.94,0.7,10.5,5.2,0.0,2.21,0.0,0.0,33.09,0.0,0.0,16.39,0.0,2.21,33.09,16.39,0.0,0.7,40.3,0.0,0.0,3.9,0.0,0.0,63.33,9.33,8.95,60820.67,68.67,68824,,6.77,,,,,,,8.12
1662301,9200677,,,,,2023-02-07,,Container,0.0,11.7,0.0,11.7,0.0,36.87,0.0,33.49,0.0,8.3,3.4,0.0,0.0,0.0,0.0,26.15,0.0,0.0,10.71,0.0,0.0,26.15,10.71,0.0,0.0,29.3,0.0,0.0,0.0,0.0,0.0,0.0,5.8,5.72,35535.0,0.0,68824,,9.0,,,,,,,8.12
1662303,9200677,,,,,2023-02-09,,Container,0.0,7.9,0.0,7.9,0.0,24.89,0.0,24.86,0.0,5.5,2.4,0.0,0.0,0.0,0.0,17.33,0.0,0.0,7.56,0.0,0.0,17.33,7.56,0.0,0.0,19.4,0.0,0.0,0.0,0.0,0.0,0.0,0.0,0.0,0.0,0.0,68824,,9.04,,,,,,,8.12
1662305,9200677,,,,,2023-02-11,,Container,0.0,9.0,0.0,9.0,0.0,28.36,0.0,28.36,0.0,6.2,2.8,0.0,0.0,0.0,0.0,19.54,0.0,0.0,8.82,0.0,0.0,19.54,8.82,0.0,0.0,23.3,0.0,0.0,0.0,0.0,0.0,0.0,0.0,0.0,0.0,0.0,68824,,9.1,,,,,,,8.12
1662307,9200677,,,,,2023-02-13,,Container,0.0,5.2,0.0,5.2,0.0,16.39,0.0,16.27,0.3,3.5,1.4,0.0,0.95,0.0,0.0,11.03,0.0,0.0,4.41,0.0,0.95,11.03,4.41,0.0,1.3,13.9,0.0,0.0,0.0,0.0,0.0,0.0,10.2,8.6,54964.0,0.0,68824,,9.13,,,,,,,8.12
1662308,9200677,,,,,2023-02-14,,Container,0.0,13.2,0.0,13.2,0.0,41.59,0.0,41.42,1.0,8.6,3.6,0.0,3.15,0.0,0.0,27.1,0.0,0.0,11.34,0.0,3.15,27.1,11.34,0.0,3.6,34.9,0.0,0.0,1.76,0.0,0.0,5.0,7.76,5.84,39079.2,29.4,68824,,9.18,,,,,,,8.12
1662310,9200677,,,,,2023-02-16,,Container,0.0,5.7,0.0,5.7,0.0,17.96,0.0,17.96,0.0,3.8,1.9,0.0,0.0,0.0,0.0,11.97,0.0,0.0,5.99,0.0,0.0,11.97,5.99,0.0,0.0,11.9,0.0,0.0,0.0,0.0,0.0,0.0,0.0,0.0,0.0,0.0,68824,,9.15,,,,,,,8.12
1662311,9200677,,,,,2023-02-17,,Container,0.0,13.2,0.0,13.2,0.0,41.59,0.0,41.59,0.4,9.2,3.6,0.0,1.26,0.0,0.0,28.99,0.0,0.0,11.34,0.0,1.26,28.99,11.34,0.0,0.7,34.2,0.0,0.0,4.67,0.0,0.0,3.33,6.12,3.47,26736.67,35.67,68824,,9.2,,,,,,,8.12
1662314,9200677,,,,,2023-02-20,,Container,0.0,14.6,0.0,14.6,0.0,46.0,0.0,46.0,1.0,9.5,4.1,0.0,3.15,0.0,0.0,29.93,0.0,0.0,12.92,0.0,3.15,29.93,12.92,0.0,4.1,47.7,0.0,0.0,0.0,0.0,0.0,0.0,9.2,5.2,40105.0,0.0,68824,,9.12,,,,,,,8.12
1662315,9200677,,,,,2023-02-21,,Container,0.0,5.9,0.0,5.9,0.0,18.59,0.0,18.59,0.0,4.4,1.5,0.0,0.0,0.0,0.0,13.86,0.0,0.0,4.73,0.0,0.0,13.86,4.73,0.0,0.0,17.3,0.0,0.0,0.0,0.0,0.0,0.0,4.58,2.6,20052.5,0.0,68824,,9.14,,,,,,,8.12
1662330,9200677,,,,,2023-03-08,,Container,0.0,5.07,0.0,5.07,0.0,15.98,0.0,15.69,0.0,3.37,1.7,0.0,0.0,0.0,0.0,10.62,0.0,0.0,5.36,0.0,0.0,10.62,5.36,0.0,0.0,14.3,0.0,0.0,0.0,0.0,0.0,0.0,0.0,0.0,0.0,0.0,68824,,8.68,,,,,,,8.12
1662331,9200677,,,,,2023-03-09,,Container,0.0,15.5,0.0,15.5,0.0,48.84,0.0,48.28,0.0,9.9,5.6,0.0,0.0,0.0,0.0,31.19,0.0,0.0,17.65,0.0,0.0,31.19,17.65,0.0,0.0,37.6,0.0,0.0,0.0,0.0,0.0,0.0,4.58,3.4,20052.5,0.0,68824,,8.72,,,,,,,8.12
1662340,9200677,,,,,2023-03-18,,Container,0.0,3.1,0.0,3.1,0.0,9.77,0.0,8.64,0.9,1.7,0.5,0.0,2.84,0.0,0.0,5.36,0.0,0.0,1.58,0.0,2.84,5.36,1.58,0.0,3.1,7.8,0.0,0.0,0.0,0.0,0.0,0.0,6.13,4.53,26736.67,0.0,68824,,8.5,,,,,,,8.12
1662342,9200677,,,,,2023-03-20,,Container,0.0,8.2,0.0,8.2,0.0,25.84,0.0,25.28,0.0,5.3,2.9,0.0,0.0,0.0,0.0,16.7,0.0,0.0,9.14,0.0,0.0,16.7,9.14,0.0,0.0,21.8,0.0,0.0,0.0,0.0,0.0,0.0,8.9,5.0,38731.0,0.0,68824,,8.53,,,,,,,8.12
1662343,9200677,,,,,2023-03-21,,Container,0.0,15.3,0.0,15.3,0.0,48.21,0.0,46.52,0.9,9.6,4.8,0.0,2.84,0.0,0.0,30.25,0.0,0.0,15.12,0.0,2.84,30.25,15.12,0.0,5.9,41.3,0.0,0.0,0.0,0.0,0.0,0.0,6.58,3.75,29048.25,0.0,68824,,8.56,,,,,,,8.12
1662344,9200677,,,,,2023-03-22,,Container,0.0,4.8,0.0,4.8,0.0,15.12,0.0,14.84,0.0,3.1,1.7,0.0,0.0,0.0,0.0,9.77,0.0,0.0,5.36,0.0,0.0,9.77,5.36,0.0,0.0,13.8,0.0,0.0,0.0,0.0,0.0,0.0,0.0,0.0,0.0,0.0,68824,,8.57,,,,,,,8.12
1662345,9200677,,,,,2023-03-23,,Container,0.0,7.7,0.0,7.7,0.0,24.26,0.0,23.98,0.0,4.7,3.0,0.0,0.0,0.0,0.0,14.81,0.0,0.0,9.45,0.0,0.0,14.81,9.45,0.0,0.0,25.8,0.0,0.0,0.0,0.0,0.0,0.0,0.0,0.0,0.0,0.0,68824,,8.59,,,,,,,8.12
1662346,9200677,,,,,2023-03-24,,Container,0.0,7.3,0.0,7.3,0.0,23.0,0.0,22.72,0.0,4.2,3.1,0.0,0.0,0.0,0.0,13.23,0.0,0.0,9.77,0.0,0.0,13.23,9.77,0.0,0.0,24.0,0.0,0.0,0.0,0.0,0.0,0.0,0.0,0.0,0.0,0.0,68824,,8.61,,,,,,,8.12
1662347,9200677,,,,,2023-03-25,,Container,0.0,7.4,0.0,7.4,0.0,23.32,0.0,23.04,0.0,4.3,3.1,0.0,0.0,0.0,0.0,13.55,0.0,0.0,9.77,0.0,0.0,13.55,9.77,0.0,0.0,24.0,0.0,0.0,0.0,0.0,0.0,0.0,0.0,0.0,0.0,0.0,68824,,8.62,,,,,,,8.12
1662349,9200677,,,,,2023-03-27,,Container,0.0,6.6,0.0,6.6,0.0,20.8,0.0,20.8,1.0,3.7,1.9,0.0,3.15,0.0,0.0,11.66,0.0,0.0,5.99,0.0,3.15,11.66,5.99,0.0,3.4,17.4,0.0,0.0,0.0,0.0,0.0,0.0,5.93,3.33,25820.67,0.0,68824,,8.65,,,,,,,8.12
1662357,9200677,,,,,2023-04-04,,Container,0.0,3.3,0.0,3.3,0.0,10.4,0.0,10.1,0.0,2.2,1.1,0.0,0.0,0.0,0.0,6.93,0.0,0.0,3.47,0.0,0.0,6.93,3.47,0.0,0.0,9.2,0.0,0.0,0.0,0.0,0.0,0.0,9.5,9.5,55639.0,0.0,68824,,8.55,,,,,,,8.12
1662358,9200677,,,,,2023-04-05,,Container,0.0,9.6,0.0,9.6,0.0,30.25,0.0,29.95,0.0,5.8,3.8,0.0,0.0,0.0,0.0,18.28,0.0,0.0,11.97,0.0,0.0,18.28,11.97,0.0,0.0,24.0,0.0,0.0,0.0,0.0,0.0,0.0,9.5,9.5,55639.0,0.0,68824,,8.57,,,,,,,8.12
1662359,9200677,,,,,2023-04-06,,Container,0.0,2.3,0.0,2.3,0.0,7.25,0.0,6.65,0.3,1.4,0.6,0.0,0.95,0.0,0.0,4.41,0.0,0.0,1.89,0.0,0.95,4.41,1.89,0.0,1.9,7.2,0.0,0.0,0.0,0.0,0.0,0.0,4.75,4.75,27819.5,0.0,68824,,8.57,,,,,,,8.12
1662365,9200677,,,,,2023-04-12,,Container,0.0,7.6,0.0,7.6,0.0,23.95,0.0,20.66,0.8,4.6,2.2,0.0,2.52,0.0,0.0,14.49,0.0,0.0,6.93,0.0,2.52,14.49,6.93,0.0,0.0,17.0,0.0,0.0,3.0,0.0,0.0,5.0,11.2,10.2,64944.0,72.33,68824,,8.6,,,,,,,8.12
1662371,9200677,,,,,2023-04-18,,Container,0.0,8.7,0.0,8.7,0.0,27.41,0.0,25.31,0.5,5.4,2.8,0.0,1.58,0.0,0.0,17.02,0.0,0.0,8.82,0.0,1.58,17.02,8.82,0.0,0.4,24.9,0.0,0.0,4.17,0.0,0.0,115.0,6.93,6.21,39121.33,109.33,68824,,8.5,,,,,,,8.12
1662377,9200677,,,,,2023-04-24,,Container,0.0,11.5,0.0,11.5,0.0,36.24,0.0,35.23,4.7,5.0,1.8,0.0,14.81,0.0,0.0,15.76,0.0,0.0,5.67,0.0,14.81,15.76,5.67,0.0,4.7,23.75,0.0,0.0,0.0,0.0,0.0,0.0,5.2,4.6,29341.0,0.0,68824,,8.38,,,,,,,8.12
1662378,9200677,,,,,2023-04-25,,Container,0.0,14.4,0.0,14.4,0.0,45.37,0.0,41.7,1.1,8.7,4.6,0.0,3.47,0.0,0.0,27.41,0.0,0.0,14.49,0.0,3.47,27.41,14.49,0.0,1.0,40.1,0.0,0.0,3.0,0.0,0.0,11.25,5.0,4.75,28558.0,31.0,68824,,8.4,,,,,,,8.12
1662381,9200677,,,,,2023-04-28,,Container,0.0,13.4,0.0,13.4,0.0,42.22,0.0,38.55,3.7,7.3,2.4,0.0,11.66,0.0,0.0,23.0,0.0,0.0,7.56,0.0,11.66,23.0,7.56,0.0,0.0,24.0,0.0,0.0,0.0,0.0,0.0,0.0,10.0,9.5,57116.0,0.0,68824,,8.33,,,,,,,8.12
1662382,9200677,,,,,2023-04-29,,Container,0.0,11.9,0.0,11.9,0.0,37.5,0.0,33.82,1.6,7.4,2.9,0.0,5.04,0.0,0.0,23.32,0.0,0.0,9.14,0.0,5.04,23.32,9.14,0.0,0.0,24.9,0.0,0.0,0.0,0.0,0.0,0.0,10.0,9.5,57116.0,0.0,68824,,8.35,,,,,,,8.12
1662383,9200677,,,,,2023-04-30,,Container,0.0,27.5,0.0,27.5,0.0,86.65,0.0,82.98,17.3,8.2,2.0,0.0,54.51,0.0,0.0,25.84,0.0,0.0,6.3,0.0,54.51,25.84,6.3,0.0,0.0,38.0,0.0,0.0,0.0,0.0,0.0,0.0,10.0,9.5,57116.0,0.0,68824,,8.39,,,,,,,8.12
1662384,9200677,,,,,2023-05-01,,Container,0.0,19.5,0.0,19.5,0.0,61.44,0.0,57.77,9.3,7.5,2.7,0.0,29.3,0.0,0.0,23.63,0.0,0.0,8.51,0.0,29.3,23.63,8.51,0.0,0.0,24.0,0.0,0.0,0.0,0.0,0.0,0.0,10.0,9.5,57116.0,0.0,68824,,8.42,,,,,,,8.12
1662385,9200677,,,,,2023-05-02,,Container,0.0,14.1,0.0,14.1,0.0,44.43,0.0,40.75,3.4,7.4,3.3,0.0,10.71,0.0,0.0,23.32,0.0,0.0,10.4,0.0,10.71,23.32,10.4,0.0,0.0,24.0,0.0,0.0,0.0,0.0,0.0,0.0,10.0,9.5,57116.0,0.0,68824,,8.44,,,,,,,8.12
1662386,9200677,,,,,2023-05-03,,Container,0.0,13.5,0.0,13.5,0.0,42.54,0.0,38.86,2.7,7.2,3.6,0.0,8.51,0.0,0.0,22.69,0.0,0.0,11.34,0.0,8.51,22.69,11.34,0.0,0.0,28.0,0.0,0.0,0.0,0.0,0.0,0.0,10.0,9.5,57116.0,0.0,68824,,8.46,,,,,,,8.12
1662387,9200677,,,,,2023-05-04,,Container,0.0,14.5,0.0,14.5,0.0,45.69,0.0,42.01,3.4,7.3,3.8,0.0,10.71,0.0,0.0,23.0,0.0,0.0,11.97,0.0,10.71,23.0,11.97,0.0,0.0,28.0,0.0,0.0,0.0,0.0,0.0,0.0,10.0,9.5,57116.0,0.0,68824,,8.48,,,,,,,8.12
1662388,9200677,,,,,2023-05-05,,Container,0.0,20.9,0.0,20.9,0.0,65.86,0.0,62.18,9.4,7.8,3.7,0.0,29.62,0.0,0.0,24.58,0.0,0.0,11.66,0.0,29.62,24.58,11.66,0.0,0.0,32.0,0.0,0.0,0.0,0.0,0.0,0.0,10.0,9.5,57116.0,0.0,68824,,8.51,,,,,,,8.12
1662389,9200677,,,,,2023-05-06,,Container,0.0,12.8,0.0,12.8,0.0,40.33,0.0,36.66,2.1,7.0,3.7,0.0,6.62,0.0,0.0,22.06,0.0,0.0,11.66,0.0,6.62,22.06,11.66,0.0,0.0,26.0,0.0,0.0,0.0,0.0,0.0,0.0,10.0,9.5,57116.0,0.0,68824,,8.53,,,,,,,8.12
1662390,9200677,,,,,2023-05-07,,Container,0.0,34.4,0.0,34.4,0.0,108.39,0.0,97.37,19.1,10.7,4.6,0.0,60.18,0.0,0.0,33.72,0.0,0.0,14.49,0.0,60.18,33.72,14.49,0.0,10.3,40.0,0.0,0.0,0.0,0.0,0.0,0.0,10.03,9.47,57116.0,0.0,68824,,8.58,,,,,,,8.12
1662391,9200677,,,,,2023-05-08,,Container,0.0,4.9,0.0,4.9,0.0,15.44,0.0,10.56,0.0,3.5,1.4,0.0,0.0,0.0,0.0,11.03,0.0,0.0,4.41,0.0,0.0,11.03,4.41,0.0,0.0,15.5,0.0,0.0,0.0,0.0,0.0,0.0,0.0,0.0,0.0,0.0,68824,,8.58,,,,,,,8.12
1662392,9200677,,,,,2023-05-09,,Container,0.0,9.4,0.0,9.4,0.0,29.62,0.0,24.74,0.0,5.6,3.8,0.0,0.0,0.0,0.0,17.65,0.0,0.0,11.97,0.0,0.0,17.65,11.97,0.0,0.0,24.0,0.0,0.0,0.0,0.0,0.0,0.0,0.0,0.0,0.0,0.0,68824,,8.6,,,,,,,8.12
1662393,9200677,,,,,2023-05-10,,Container,0.0,12.9,0.0,12.9,0.0,40.65,0.0,28.45,1.0,7.9,4.0,0.0,3.15,0.0,0.0,24.89,0.0,0.0,12.6,0.0,3.15,24.89,12.6,0.0,0.8,29.0,0.0,0.0,9.63,0.0,0.0,66.67,8.4,8.27,52928.67,23.33,68824,,8.61,,,,,,,8.12
1662409,9200677,,,,,2023-05-26,,Container,0.0,15.7,0.0,15.7,0.0,49.47,0.0,45.94,5.4,7.1,3.2,0.0,17.02,0.0,0.0,22.37,0.0,0.0,10.08,0.0,17.02,22.37,10.08,0.0,4.5,27.95,0.0,0.0,4.0,0.0,0.0,105.0,8.6,8.53,54768.0,23.33,68824,,8.88,,,,,,,8.12
1662413,9200677,,,,,2023-05-30,,Container,0.0,12.5,0.0,12.5,0.0,39.39,0.0,37.49,0.7,7.7,4.1,0.0,2.21,0.0,0.0,24.26,0.0,0.0,12.92,0.0,2.21,24.26,12.92,0.0,2.3,30.7,0.0,0.0,5.33,0.0,0.0,113.33,6.73,4.93,33642.67,69.33,68824,,8.95,,,,,,,8.12
1662414,9200677,,,,,2023-05-31,,Container,0.0,3.9,0.0,3.9,0.0,12.29,0.0,11.76,0.0,2.3,1.6,0.0,0.0,0.0,0.0,7.25,0.0,0.0,5.04,0.0,0.0,7.25,5.04,0.0,0.0,12.5,0.0,0.0,0.0,0.0,0.0,0.0,10.1,7.4,50464.0,0.0,68824,,8.95,,,,,,,8.12
1662415,9200677,,,,,2023-06-01,,Container,0.0,8.5,0.0,8.5,0.0,26.78,0.0,26.25,0.0,4.9,3.6,0.0,0.0,0.0,0.0,15.44,0.0,0.0,11.34,0.0,0.0,15.44,11.34,0.0,0.0,24.0,0.0,0.0,0.0,0.0,0.0,0.0,10.1,7.4,50464.0,0.0,68824,,8.96,,,,,,,8.12
1662416,9200677,,,,,2023-06-02,,Container,0.0,8.6,0.0,8.6,0.0,27.1,0.0,26.57,0.0,4.8,3.8,0.0,0.0,0.0,0.0,15.12,0.0,0.0,11.97,0.0,0.0,15.12,11.97,0.0,0.0,24.0,0.0,0.0,0.0,0.0,0.0,0.0,10.1,7.4,50464.0,0.0,68824,,8.97,,,,,,,8.12
1662417,9200677,,,,,2023-06-03,,Container,0.0,8.6,0.0,8.6,0.0,27.1,0.0,26.57,0.0,4.9,3.7,0.0,0.0,0.0,0.0,15.44,0.0,0.0,11.66,0.0,0.0,15.44,11.66,0.0,0.0,25.0,0.0,0.0,0.0,0.0,0.0,0.0,10.1,7.4,50464.0,0.0,68824,,8.98,,,,,,,8.12
1662418,9200677,,,,,2023-06-04,,Container,0.0,16.1,0.0,16.1,0.0,50.73,0.0,49.66,0.0,10.1,6.0,0.0,0.0,0.0,0.0,31.83,0.0,0.0,18.91,0.0,0.0,31.83,18.91,0.0,0.0,46.5,0.0,0.0,0.0,0.0,0.0,180.0,10.1,7.4,50464.0,0.0,68824,,9.0,,,,,,,8.12
1662419,9200677,,,,,2023-06-05,,Container,0.0,6.9,0.0,6.9,0.0,21.74,0.0,20.01,1.1,4.1,1.7,0.0,3.47,0.0,0.0,12.92,0.0,0.0,5.36,0.0,3.47,12.92,5.36,0.0,2.7,16.68,0.0,0.0,5.33,0.0,0.0,8.33,10.83,9.93,62150.67,80.0,68824,,9.01,,,,,,,8.12
1662426,9200677,,,,,2023-06-12,,Container,0.0,8.5,0.0,8.5,0.0,26.78,0.0,26.07,0.0,5.5,3.0,0.0,0.0,0.0,0.0,17.33,0.0,0.0,9.45,0.0,0.0,17.33,9.45,0.0,0.0,20.2,0.0,0.0,0.0,0.0,0.0,0.0,10.1,9.8,58653.0,0.0,68824,,9.02,,,,,,,8.12
1662427,9200677,,,,,2023-06-13,,Container,0.0,10.5,0.0,10.5,0.0,33.09,0.0,32.37,0.0,6.8,3.7,0.0,0.0,0.0,0.0,21.43,0.0,0.0,11.66,0.0,0.0,21.43,11.66,0.0,0.0,26.6,0.0,0.0,0.0,0.0,0.0,0.0,10.1,9.8,58653.0,0.0,68824,,9.03,,,,,,,8.12
1662428,9200677,,,,,2023-06-14,,Container,0.0,10.0,0.0,10.0,0.0,31.51,0.0,30.8,0.0,6.4,3.6,0.0,0.0,0.0,0.0,20.17,0.0,0.0,11.34,0.0,0.0,20.17,11.34,0.0,0.0,24.0,0.0,0.0,0.0,0.0,0.0,0.0,10.1,9.8,58653.0,0.0,68824,,9.04,,,,,,,8.12
1662429,9200677,,,,,2023-06-15,,Container,0.0,10.8,0.0,10.8,0.0,34.03,0.0,32.61,4.0,4.9,1.9,0.0,12.6,0.0,0.0,15.44,0.0,0.0,5.99,0.0,12.6,15.44,5.99,0.0,5.0,23.7,0.0,0.0,0.0,0.0,0.0,0.0,10.1,9.8,58653.0,0.0,68824,,9.06,,,,,,,8.12
1662430,9200677,,,,,2023-06-16,,Container,0.0,4.3,0.0,4.3,0.0,13.55,0.0,12.84,0.0,2.9,1.4,0.0,0.0,0.0,0.0,9.14,0.0,0.0,4.41,0.0,0.0,9.14,4.41,0.0,0.0,10.7,0.0,0.0,0.0,0.0,0.0,0.0,0.0,0.0,0.0,0.0,68824,,9.06,,,,,,,8.12
1662437,9200677,,,,,2023-06-23,,Container,0.0,10.1,0.0,10.1,0.0,31.83,0.0,30.22,1.2,5.9,3.0,0.0,3.78,0.0,0.0,18.59,0.0,0.0,9.45,0.0,3.78,18.59,9.45,0.0,1.0,23.6,0.0,0.0,6.0,0.0,0.0,111.67,7.13,6.2,21977.33,84.67,68824,,9.07,,,,,,,8.12
1662442,9200677,,,,,2023-06-28,,Container,0.0,16.5,0.0,16.5,0.0,51.99,0.0,51.55,7.2,6.3,3.0,0.0,22.69,0.0,0.0,19.85,0.0,0.0,9.45,0.0,22.69,19.85,9.45,0.0,0.0,24.0,0.0,0.0,0.0,0.0,0.0,0.0,10.8,9.3,59609.0,0.0,68824,,9.07,,,,,,,8.12
1662443,9200677,,,,,2023-06-29,,Container,0.0,27.4,0.0,27.4,0.0,86.34,0.0,85.0,11.7,10.3,5.4,0.0,36.87,0.0,0.0,32.46,0.0,0.0,17.02,0.0,36.87,32.46,17.02,0.0,10.1,39.1,0.0,0.0,0.0,0.0,0.0,0.0,10.8,9.3,59609.0,0.0,68824,,9.1,,,,,,,8.12
1662444,9200677,,,,,2023-06-30,,Container,0.0,3.8,0.0,3.8,0.0,11.97,0.0,11.97,0.0,2.1,1.7,0.0,0.0,0.0,0.0,6.62,0.0,0.0,5.36,0.0,0.0,6.62,5.36,0.0,0.0,10.9,0.0,0.0,0.0,0.0,0.0,0.0,0.0,0.0,0.0,0.0,68824,,9.1,,,,,,,8.12
1662445,9200677,,,,,2023-07-01,,Container,0.0,7.7,0.0,7.7,0.0,24.26,0.0,24.26,0.0,4.4,3.3,0.0,0.0,0.0,0.0,13.86,0.0,0.0,10.4,0.0,0.0,13.86,10.4,0.0,0.0,24.2,0.0,0.0,0.0,0.0,0.0,0.0,0.0,0.0,0.0,0.0,68824,,9.11,,,,,,,8.12
1662446,9200677,,,,,2023-07-02,,Container,0.0,8.5,0.0,8.5,0.0,26.78,0.0,26.78,0.0,5.2,3.3,0.0,0.0,0.0,0.0,16.39,0.0,0.0,10.4,0.0,0.0,16.39,10.4,0.0,0.0,24.0,0.0,0.0,0.0,0.0,0.0,0.0,0.0,0.0,0.0,0.0,68824,,9.12,,,,,,,8.12
1662447,9200677,,,,,2023-07-03,,Container,0.0,8.6,0.0,8.6,0.0,27.1,0.0,27.1,0.0,5.2,3.4,0.0,0.0,0.0,0.0,16.39,0.0,0.0,10.71,0.0,0.0,16.39,10.71,0.0,0.0,24.0,0.0,0.0,0.0,0.0,0.0,0.0,0.0,0.0,0.0,0.0,68824,,9.13,,,,,,,8.12
1662448,9200677,,,,,2023-07-04,,Container,0.0,8.5,0.0,8.5,0.0,26.78,0.0,26.78,0.0,5.1,3.4,0.0,0.0,0.0,0.0,16.07,0.0,0.0,10.71,0.0,0.0,16.07,10.71,0.0,0.0,24.0,0.0,0.0,0.0,0.0,0.0,0.0,0.0,0.0,0.0,0.0,68824,,9.14,,,,,,,8.12
1662449,9200677,,,,,2023-07-05,,Container,0.0,9.6,0.0,9.6,0.0,30.25,0.0,30.25,0.0,5.9,3.7,0.0,0.0,0.0,0.0,18.59,0.0,0.0,11.66,0.0,0.0,18.59,11.66,0.0,0.0,24.0,0.0,0.0,0.0,0.0,0.0,0.0,0.0,0.0,0.0,0.0,68824,,9.15,,,,,,,8.12
1662450,9200677,,,,,2023-07-06,,Container,0.0,10.3,0.0,10.3,0.0,32.46,0.0,32.46,0.0,6.9,3.4,0.0,0.0,0.0,0.0,21.74,0.0,0.0,10.71,0.0,0.0,21.74,10.71,0.0,0.0,24.3,0.0,0.0,0.0,0.0,0.0,0.0,12.6,12.2,78338.0,0.0,68824,,9.16,,,,,,,8.12
1662463,9200677,,,,,2023-07-19,,Container,0.0,13.1,0.0,13.1,0.0,41.28,0.0,37.07,0.0,10.3,2.8,0.0,0.0,0.0,0.0,32.46,0.0,0.0,8.82,0.0,0.0,32.46,8.82,0.0,0.0,52.0,0.0,0.0,0.0,0.0,0.0,0.0,12.6,12.0,77856.0,0.0,68824,,9.12,,,,,,,8.12
1662464,9200677,,,,,2023-07-20,,Container,0.0,16.9,0.0,16.9,0.0,53.25,0.0,44.84,1.6,11.8,3.5,0.0,5.04,0.0,0.0,37.18,0.0,0.0,11.03,0.0,5.04,37.18,11.03,0.0,3.5,50.4,0.0,0.0,0.0,0.0,0.0,0.0,12.6,12.4,77856.0,0.0,68824,,9.13,,,,,,,8.12
1662466,9200677,,,,,2023-07-22,,Container,0.0,15.4,0.0,15.4,0.0,48.53,0.0,39.04,8.0,6.1,1.3,0.0,25.21,0.0,0.0,19.22,0.0,0.0,4.1,0.0,25.21,19.22,4.1,0.0,8.0,29.7,0.0,0.0,3.75,0.0,0.0,12.5,7.98,7.8,46526.0,88.75,68824,,9.14,,,,,,,8.12
1662468,9200677,,,,,2023-07-24,,Container,0.0,5.9,0.0,5.9,0.0,18.59,0.0,17.52,1.0,3.7,1.2,0.0,3.15,0.0,0.0,11.66,0.0,0.0,3.78,0.0,3.15,11.66,3.78,0.0,4.0,19.4,0.0,0.0,0.0,0.0,0.0,0.0,5.15,5.0,29876.5,0.0,68824,,9.15,,,,,,,8.12
1662475,9200677,,,,,2023-07-31,,Container,0.0,8.0,0.0,8.0,0.0,25.21,0.0,22.84,1.6,4.4,2.0,0.0,5.04,0.0,0.0,13.86,0.0,0.0,6.3,0.0,5.04,13.86,6.3,0.0,0.9,18.4,0.0,0.0,6.67,0.0,0.0,15.0,9.25,8.25,57303.33,61.0,68824,,9.21,,,,,,,8.12
1662477,9200677,,,,,2023-08-02,,Container,0.0,4.8,0.0,4.8,0.0,15.12,0.0,14.21,0.0,3.2,1.6,0.0,0.0,0.0,0.0,10.08,0.0,0.0,5.04,0.0,0.0,10.08,5.04,0.0,0.0,11.7,0.0,0.0,0.0,0.0,0.0,0.0,0.0,0.0,0.0,0.0,68824,,9.24,,,,,,,8.12
1662485,9200677,,,,,2023-08-10,,Container,0.0,6.6,0.0,6.6,0.0,20.8,0.0,18.89,0.3,4.1,2.2,0.0,0.95,0.0,0.0,12.92,0.0,0.0,6.93,0.0,0.95,12.92,6.93,0.0,0.6,17.0,0.0,0.0,9.0,0.0,0.0,157.5,14.0,13.78,91283.0,120.0,68824,,9.36,,,,,,,8.12
1662488,9200677,,,,,2023-08-13,,Container,0.0,22.0,0.0,22.0,0.0,69.32,0.0,66.57,9.7,8.6,3.7,0.0,30.56,0.0,0.0,27.1,0.0,0.0,11.66,0.0,30.56,27.1,11.66,0.0,13.3,40.1,0.0,0.0,6.0,0.0,0.0,15.0,14.0,13.8,91283.0,108.0,68824,,9.31,,,,,,,8.12
1662491,9200677,,,,,2023-08-16,,Container,0.0,8.4,0.0,8.4,0.0,26.47,0.0,25.02,0.4,6.6,1.4,0.0,1.26,0.0,0.0,20.8,0.0,0.0,4.41,0.0,1.26,20.8,4.41,0.0,0.6,30.4,0.0,0.0,3.33,0.0,0.0,16.67,8.98,8.85,57618.0,32.67,68824,,9.42,,,,,,,8.12
1662496,9200677,,,,,2023-08-21,,Container,0.0,0.7,2.35,3.05,0.0,2.21,7.53,9.2,0.7,2.1,0.25,0.0,2.21,0.0,0.0,0.0,6.73,0.0,0.0,0.8,2.21,6.73,0.8,0.0,2.9,13.6,0.0,0.0,0.0,0.0,0.0,0.0,6.9,6.8,44702.5,0.0,68824,,9.35,,,,,,,8.12
1662498,9200677,,,,,2023-08-23,,Container,0.0,0.7,5.1,5.8,0.0,2.21,16.35,17.98,0.0,5.1,0.7,0.0,0.0,0.0,0.0,0.0,16.35,0.0,2.21,0.0,0.0,16.35,2.21,0.0,0.0,19.0,0.0,0.0,0.0,0.0,0.0,0.0,0.0,0.0,0.0,0.0,68824,,9.35,,,,,,,8.12
1662499,9200677,,,,,2023-08-24,,Container,0.0,8.9,0.0,8.9,0.0,28.04,0.0,26.3,0.5,7.4,1.0,0.0,1.58,0.0,0.0,23.32,0.0,0.0,3.15,0.0,1.58,23.32,3.15,0.0,0.5,25.7,0.0,0.0,4.0,0.0,0.0,111.67,9.32,9.27,61254.0,86.67,68824,,9.36,,,,,,,8.12
1662501,9200677,,,,,2023-08-26,,Container,0.0,16.8,0.0,16.8,0.0,52.94,0.0,51.16,8.4,6.5,1.9,0.0,26.47,0.0,0.0,20.48,0.0,0.0,5.99,0.0,26.47,20.48,5.99,0.0,2.3,33.6,0.0,0.0,0.0,0.0,0.0,0.0,10.5,10.42,68910.75,0.0,68824,,9.35,,,,,,,8.12
1662504,9200677,,,,,2023-08-29,,Container,0.0,9.6,0.0,9.6,0.0,30.25,0.0,25.88,0.3,6.6,2.7,0.0,0.95,0.0,0.0,20.8,0.0,0.0,8.51,0.0,0.95,20.8,8.51,0.0,0.7,24.9,0.0,0.0,2.67,0.0,0.0,15.0,9.33,9.13,60942.67,83.33,68824,,9.38,,,,,,,8.12
1662507,9200677,,,,,2023-09-01,,Container,0.0,6.2,0.0,6.2,0.0,19.54,0.0,16.42,0.0,4.6,1.6,0.0,0.0,0.0,0.0,14.49,0.0,0.0,5.04,0.0,0.0,14.49,5.04,0.0,0.0,16.0,0.0,0.0,0.0,0.0,0.0,0.0,14.0,13.7,91414.0,0.0,68824,,9.38,,,,,,,8.12
1662508,9200677,,,,,2023-09-02,,Container,0.0,11.4,0.0,11.4,0.0,35.92,0.0,32.81,0.4,8.0,3.0,0.0,1.26,0.0,0.0,25.21,0.0,0.0,9.45,0.0,1.26,25.21,9.45,0.0,2.0,30.0,0.0,0.0,0.0,0.0,0.0,0.0,14.0,13.7,91414.0,0.0,68824,,9.39,,,,,,,8.12
1662509,9200677,,,,,2023-09-03,,Container,0.0,15.4,0.0,15.4,0.0,48.53,0.0,39.19,1.1,10.4,3.9,0.0,3.47,0.0,0.0,32.77,0.0,0.0,12.29,0.0,3.47,32.77,12.29,0.0,5.1,35.6,0.0,0.0,0.0,0.0,0.0,0.0,14.0,13.7,91414.0,0.0,68824,,9.4,,,,,,,8.12
1662510,9200677,,,,,2023-09-04,,Container,0.0,9.8,0.0,9.8,0.0,30.88,0.0,21.72,0.6,6.7,2.5,0.0,1.89,0.0,0.0,21.11,0.0,0.0,7.88,0.0,1.89,21.11,7.88,0.0,0.8,22.7,0.0,0.0,4.0,0.0,0.0,110.0,8.07,7.4,48058.67,110.0,68824,,9.4,,,,,,,8.12
1662515,9200677,,,,,2023-09-09,,Container,0.0,7.1,0.0,7.1,0.0,22.37,0.0,22.37,0.0,6.4,0.7,0.0,0.0,0.0,0.0,20.17,0.0,0.0,2.21,0.0,0.0,20.17,2.21,0.0,0.0,18.3,0.0,0.0,0.0,0.0,0.0,0.0,0.0,0.0,0.0,0.0,68824,,9.42,,,,,,,8.12
1662517,9200677,,,,,2023-09-11,,Container,0.0,6.4,0.0,6.4,0.0,20.17,0.0,14.89,0.2,4.5,1.7,0.0,0.63,0.0,0.0,14.18,0.0,0.0,5.36,0.0,0.63,14.18,5.36,0.0,0.7,19.1,0.0,0.0,5.33,0.0,0.0,5.33,7.73,6.87,44524.67,25.33,68824,,9.43,,,,,,,8.12
1662522,9200677,,,,,2023-09-16,,Container,0.0,8.7,0.0,8.7,0.0,27.41,0.0,26.23,0.6,5.6,2.5,0.0,1.89,0.0,0.0,17.65,0.0,0.0,7.88,0.0,1.89,17.65,7.88,0.0,1.5,23.8,0.0,0.0,0.0,0.0,0.0,0.0,5.27,2.53,21550.67,0.0,68824,,9.44,,,,,,,8.12
1662523,9200677,,,,,2023-09-17,,Container,0.0,6.6,0.0,6.6,0.0,20.8,0.0,20.8,0.0,4.8,1.8,0.0,0.0,0.0,0.0,15.12,0.0,0.0,5.67,0.0,0.0,15.12,5.67,0.0,0.0,20.7,0.0,0.0,0.0,0.0,0.0,0.0,7.9,3.8,32326.0,0.0,68824,,9.45,,,,,,,8.12
1662524,9200677,,,,,2023-09-18,,Container,0.0,7.7,0.0,7.7,0.0,24.26,0.0,24.26,0.0,5.7,2.0,0.0,0.0,0.0,0.0,17.96,0.0,0.0,6.3,0.0,0.0,17.96,6.3,0.0,0.0,24.0,0.0,0.0,0.0,0.0,0.0,0.0,7.9,3.8,32326.0,0.0,68824,,9.46,,,,,,,8.12
1662525,9200677,,,,,2023-09-19,,Container,0.0,13.2,0.0,13.2,0.0,41.59,0.0,41.59,0.0,9.4,3.8,0.0,0.0,0.0,0.0,29.62,0.0,0.0,11.97,0.0,0.0,29.62,11.97,0.0,0.0,39.9,0.0,0.0,2.0,0.0,0.0,136.5,7.9,3.8,32326.0,156.0,68824,,9.47,,,,,,,8.12
1662526,9200677,,,,,2023-09-20,,Container,0.0,3.9,0.0,3.9,0.0,12.29,0.0,12.29,1.0,2.0,0.9,0.0,3.15,0.0,0.0,6.3,0.0,0.0,2.84,0.0,3.15,6.3,2.84,0.0,2.1,10.1,0.0,0.0,0.0,0.0,0.0,0.0,3.95,1.9,16163.0,0.0,68824,,9.47,,,,,,,8.12
1662527,9200677,,,,,2023-09-21,,Container,0.0,16.2,0.0,16.2,0.0,51.05,0.0,39.49,0.7,11.3,4.2,0.0,2.21,0.0,0.0,35.61,0.0,0.0,13.23,0.0,2.21,35.61,13.23,0.0,1.8,41.4,0.0,0.0,2.4,0.0,0.0,12.0,12.2,11.8,74964.0,42.0,68824,,9.48,,,,,,,8.12
1662532,9200677,,,,,2023-09-26,,Container,0.0,17.3,0.0,17.3,0.0,54.51,0.0,47.58,3.8,9.9,3.6,0.0,11.97,0.0,0.0,31.19,0.0,0.0,11.34,0.0,11.97,31.19,11.34,0.0,8.5,43.38,0.0,0.0,0.0,0.0,0.0,0.0,12.2,11.8,74964.0,0.0,68824,,9.45,,,,,,,8.12
1662538,9200677,,,,,2023-10-02,,Container,0.0,3.4,10.6,14.0,0.0,10.71,33.98,44.64,0.2,10.7,3.1,0.0,0.63,0.0,0.0,0.32,33.98,0.0,9.77,0.0,0.63,34.3,9.77,0.0,0.4,47.8,0.0,0.0,3.0,0.0,0.0,104.0,7.67,7.67,46642.67,76.0,68824,,9.4,,,,,,,8.12
1662541,9200677,,,,,2023-10-05,,Container,0.0,6.0,0.0,6.0,0.0,18.91,0.0,18.91,0.8,3.7,1.5,0.0,2.52,0.0,0.0,11.66,0.0,0.0,4.73,0.0,2.52,11.66,4.73,0.0,2.7,13.2,0.0,0.0,0.0,0.0,0.0,0.0,7.67,7.67,46642.67,0.0,68824,,9.36,,,,,,,8.12
1662542,9200677,,,,,2023-10-06,,Container,0.0,8.45,0.0,8.45,0.0,26.63,0.0,26.63,0.0,5.35,3.1,0.0,0.0,0.0,0.0,16.86,0.0,0.0,9.77,0.0,0.0,16.86,9.77,0.0,0.0,24.0,0.0,0.0,0.0,0.0,0.0,0.0,0.0,0.0,0.0,0.0,68824,,9.37,,,,,,,8.12
1662545,9200677,,,,,2023-10-09,,Container,0.0,5.6,0.0,5.6,0.0,17.65,0.0,17.23,0.3,3.8,1.5,0.0,0.95,0.0,0.0,11.97,0.0,0.0,4.73,0.0,0.95,11.97,4.73,0.0,0.6,17.0,0.0,0.0,4.0,0.0,0.0,20.33,7.6,5.0,37598.0,84.67,68824,,9.39,,,,,,,8.12
1662560,9200677,,,,,2023-10-24,,Container,0.0,12.11,0.0,12.11,0.0,38.16,0.0,38.16,2.6,6.5,3.01,0.0,8.19,0.0,0.0,20.48,0.0,0.0,9.48,0.0,8.19,20.48,9.48,0.0,4.0,30.28,0.0,0.0,0.0,0.0,0.0,0.0,8.4,5.1,36388.0,0.0,68824,,9.2,,,,,,,8.12
1662561,9200677,,,,,2023-10-25,,Container,0.0,13.19,0.0,13.19,0.0,41.56,0.0,41.56,0.6,8.39,4.2,0.0,1.89,0.0,0.0,26.44,0.0,0.0,13.23,0.0,1.89,26.44,13.23,0.0,1.5,35.0,0.0,0.0,3.33,0.0,0.0,106.67,6.0,3.07,24934.0,88.33,68824,,9.21,,,,,,,8.12
1662569,9200677,,,,,2023-11-02,,Container,0.0,1.8,3.7,5.5,0.0,5.67,11.86,17.53,3.7,1.3,0.5,0.0,0.0,11.86,0.0,4.1,0.0,0.0,1.58,0.0,11.86,4.1,1.58,0.0,3.0,7.5,0.0,0.0,0.0,0.0,0.0,0.0,4.0,2.0,15589.5,0.0,68824,,9.08,,,,,,,8.12
1662570,9200677,,,,,2023-11-03,,Container,0.0,7.9,0.0,7.9,0.0,24.89,0.0,24.89,0.0,4.6,3.3,0.0,0.0,0.0,0.0,14.49,0.0,0.0,10.4,0.0,0.0,14.49,10.4,0.0,0.0,24.0,0.0,0.0,0.0,0.0,0.0,0.0,0.0,0.0,0.0,0.0,68824,,9.08,,,,,,,8.12
1662571,9200677,,,,,2023-11-04,,Container,0.0,9.3,0.0,9.3,0.0,29.3,0.0,29.3,0.0,5.8,3.5,0.0,0.0,0.0,0.0,18.28,0.0,0.0,11.03,0.0,0.0,18.28,11.03,0.0,0.0,24.0,0.0,0.0,0.0,0.0,0.0,0.0,0.0,0.0,0.0,0.0,68824,,9.09,,,,,,,8.12
1662572,9200677,,,,,2023-11-05,,Container,0.0,6.8,0.0,6.8,0.0,21.43,0.0,21.43,0.0,4.6,2.2,0.0,0.0,0.0,0.0,14.49,0.0,0.0,6.93,0.0,0.0,14.49,6.93,0.0,0.0,24.0,0.0,0.0,0.0,0.0,0.0,0.0,0.0,0.0,0.0,0.0,68824,,9.1,,,,,,,8.12
1662573,9200677,,,,,2023-11-06,,Container,0.0,0.0,4.8,4.8,0.0,0.0,15.39,15.39,0.0,4.8,0.0,0.0,0.0,0.0,0.0,0.0,15.39,0.0,0.0,0.0,0.0,15.39,0.0,0.0,0.0,24.0,0.0,0.0,0.0,0.0,0.0,0.0,0.0,0.0,0.0,0.0,68824,,9.1,,,,,,,8.12
1662574,9200677,,,,,2023-11-07,,Container,0.0,0.0,4.3,4.3,0.0,0.0,13.79,13.79,0.0,4.3,0.0,0.0,0.0,0.0,0.0,0.0,13.79,0.0,0.0,0.0,0.0,13.79,0.0,0.0,0.0,24.0,0.0,0.0,0.0,0.0,0.0,0.0,0.0,0.0,0.0,0.0,68824,,9.1,,,,,,,8.12
1662575,9200677,,,,,2023-11-08,,Container,0.0,0.0,4.3,4.3,0.0,0.0,13.79,13.79,0.0,4.3,0.0,0.0,0.0,0.0,0.0,0.0,13.79,0.0,0.0,0.0,0.0,13.79,0.0,0.0,0.0,24.0,0.0,0.0,0.0,0.0,0.0,0.0,0.0,0.0,0.0,0.0,68824,,9.11,,,,,,,8.12
1662576,9200677,,,,,2023-11-09,,Container,0.0,0.0,4.5,4.5,0.0,0.0,14.43,14.43,0.0,4.5,0.0,0.0,0.0,0.0,0.0,0.0,14.43,0.0,0.0,0.0,0.0,14.43,0.0,0.0,0.0,24.0,0.0,0.0,0.0,0.0,0.0,0.0,0.0,0.0,0.0,0.0,68824,,9.11,,,,,,,8.12
1662577,9200677,,,,,2023-11-10,,Container,0.0,0.0,4.2,4.2,0.0,0.0,13.47,13.47,0.0,4.2,0.0,0.0,0.0,0.0,0.0,0.0,13.47,0.0,0.0,0.0,0.0,13.47,0.0,0.0,0.0,24.0,0.0,0.0,0.0,0.0,0.0,0.0,0.0,0.0,0.0,0.0,68824,,9.11,,,,,,,8.12
1662578,9200677,,,,,2023-11-11,,Container,0.0,0.0,7.9,7.9,0.0,0.0,25.33,25.33,0.0,4.5,3.4,0.0,0.0,0.0,0.0,0.0,14.43,0.0,0.0,10.9,0.0,14.43,10.9,0.0,0.0,24.0,0.0,0.0,0.0,0.0,0.0,0.0,0.0,0.0,0.0,0.0,68824,,9.12,,,,,,,8.12
1662579,9200677,,,,,2023-11-12,,Container,0.0,0.0,6.9,6.9,0.0,0.0,22.12,22.12,0.0,4.3,2.6,0.0,0.0,0.0,0.0,0.0,13.79,0.0,0.0,8.34,0.0,13.79,8.34,0.0,0.0,24.0,0.0,0.0,0.0,0.0,0.0,0.0,0.0,0.0,0.0,0.0,68824,,9.12,,,,,,,8.12
1662580,9200677,,,,,2023-11-13,,Container,0.0,0.0,6.2,6.2,0.0,0.0,19.88,19.88,0.0,3.8,2.4,0.0,0.0,0.0,0.0,0.0,12.18,0.0,0.0,7.69,0.0,12.18,7.69,0.0,0.0,24.0,0.0,0.0,0.0,0.0,0.0,0.0,0.0,0.0,0.0,0.0,68824,,9.13,,,,,,,8.12
1662581,9200677,,,,,2023-11-14,,Container,0.0,0.0,3.9,3.9,0.0,0.0,12.5,12.5,0.0,3.3,0.6,0.0,0.0,0.0,0.0,0.0,10.58,0.0,0.0,1.92,0.0,10.58,1.92,0.0,0.0,22.0,0.0,0.0,0.0,0.0,0.0,0.0,0.0,0.0,0.0,0.0,68824,,9.13,,,,,,,8.12
1662582,9200677,,,,,2023-11-15,,Container,0.0,0.0,4.5,4.5,0.0,0.0,14.43,14.43,0.0,3.7,0.8,0.0,0.0,0.0,0.0,0.0,11.86,0.0,0.0,2.56,0.0,11.86,2.56,0.0,0.0,24.0,0.0,0.0,0.0,0.0,0.0,0.0,0.0,0.0,0.0,0.0,68824,,9.13,,,,,,,8.12
1662583,9200677,,,,,2023-11-16,,Container,0.0,0.0,2.5,2.5,0.0,0.0,8.02,8.02,0.0,2.5,0.0,0.0,0.0,0.0,0.0,0.0,8.02,0.0,0.0,0.0,0.0,8.02,0.0,0.0,0.0,14.0,0.0,0.0,0.0,0.0,0.0,0.0,0.0,0.0,0.0,0.0,68824,,9.13,,,,,,,8.12
1662584,9200677,,,,,2023-11-17,,Container,0.0,0.0,0.0,0.0,0.0,0.0,0.0,0.0,0.0,0.0,0.0,0.0,0.0,0.0,0.0,0.0,0.0,0.0,0.0,0.0,0.0,0.0,0.0,0.0,0.0,0.0,0.0,0.0,0.0,0.0,0.0,0.0,0.0,0.0,0.0,0.0,68824,,9.13,,,,,,,8.12
1662585,9200677,,,,,2023-11-18,,Container,0.0,0.0,0.0,0.0,0.0,0.0,0.0,0.0,0.0,0.0,0.0,0.0,0.0,0.0,0.0,0.0,0.0,0.0,0.0,0.0,0.0,0.0,0.0,0.0,0.0,0.0,0.0,0.0,0.0,0.0,0.0,0.0,0.0,0.0,0.0,0.0,68824,,9.13,,,,,,,8.12
1662586,9200677,,,,,2023-11-19,,Container,0.0,0.0,0.0,0.0,0.0,0.0,0.0,0.0,0.0,0.0,0.0,0.0,0.0,0.0,0.0,0.0,0.0,0.0,0.0,0.0,0.0,0.0,0.0,0.0,0.0,0.0,0.0,0.0,0.0,0.0,0.0,0.0,0.0,0.0,0.0,0.0,68824,,9.13,,,,,,,8.12
1662587,9200677,,,,,2023-11-20,,Container,0.0,0.0,0.0,0.0,0.0,0.0,0.0,0.0,0.0,0.0,0.0,0.0,0.0,0.0,0.0,0.0,0.0,0.0,0.0,0.0,0.0,0.0,0.0,0.0,0.0,0.0,0.0,0.0,0.0,0.0,0.0,0.0,0.0,0.0,0.0,0.0,68824,,9.13,,,,,,,8.12
1662588,9200677,,,,,2023-11-21,,Container,0.0,0.0,0.0,0.0,0.0,0.0,0.0,0.0,0.0,0.0,0.0,0.0,0.0,0.0,0.0,0.0,0.0,0.0,0.0,0.0,0.0,0.0,0.0,0.0,0.0,0.0,0.0,0.0,0.0,0.0,0.0,0.0,0.0,0.0,0.0,0.0,68824,,9.13,,,,,,,8.12
1662589,9200677,,,,,2023-11-22,,Container,0.0,0.0,0.0,0.0,0.0,0.0,0.0,0.0,0.0,0.0,0.0,0.0,0.0,0.0,0.0,0.0,0.0,0.0,0.0,0.0,0.0,0.0,0.0,0.0,0.0,0.0,0.0,0.0,0.0,0.0,0.0,0.0,0.0,0.0,0.0,0.0,68824,,9.13,,,,,,,8.12
1662590,9200677,,,,,2023-11-23,,Container,0.0,0.0,0.0,0.0,0.0,0.0,0.0,0.0,0.0,0.0,0.0,0.0,0.0,0.0,0.0,0.0,0.0,0.0,0.0,0.0,0.0,0.0,0.0,0.0,0.0,0.0,0.0,0.0,0.0,0.0,0.0,0.0,0.0,0.0,0.0,0.0,68824,,9.13,,,,,,,8.12
1662591,9200677,,,,,2023-11-24,,Container,0.0,0.0,0.0,0.0,0.0,0.0,0.0,0.0,0.0,0.0,0.0,0.0,0.0,0.0,0.0,0.0,0.0,0.0,0.0,0.0,0.0,0.0,0.0,0.0,0.0,0.0,0.0,0.0,0.0,0.0,0.0,0.0,0.0,0.0,0.0,0.0,68824,,9.13,,,,,,,8.12
1662592,9200677,,,,,2023-11-25,,Container,0.0,0.0,0.0,0.0,0.0,0.0,0.0,0.0,0.0,0.0,0.0,0.0,0.0,0.0,0.0,0.0,0.0,0.0,0.0,0.0,0.0,0.0,0.0,0.0,0.0,0.0,0.0,0.0,0.0,0.0,0.0,0.0,0.0,0.0,0.0,0.0,68824,,9.13,,,,,,,8.12
1662593,9200677,,,,,2023-11-26,,Container,0.0,0.0,0.0,0.0,0.0,0.0,0.0,0.0,0.0,0.0,0.0,0.0,0.0,0.0,0.0,0.0,0.0,0.0,0.0,0.0,0.0,0.0,0.0,0.0,0.0,0.0,0.0,0.0,0.0,0.0,0.0,0.0,0.0,0.0,0.0,0.0,68824,,9.13,,,,,,,8.12
1662594,9200677,,,,,2023-11-27,,Container,0.0,0.0,0.0,0.0,0.0,0.0,0.0,0.0,0.0,0.0,0.0,0.0,0.0,0.0,0.0,0.0,0.0,0.0,0.0,0.0,0.0,0.0,0.0,0.0,0.0,0.0,0.0,0.0,0.0,0.0,0.0,0.0,0.0,0.0,0.0,0.0,68824,,9.13,,,,,,,8.12
1662595,9200677,,,,,2023-11-28,,Container,0.0,0.0,0.0,0.0,0.0,0.0,0.0,0.0,0.0,0.0,0.0,0.0,0.0,0.0,0.0,0.0,0.0,0.0,0.0,0.0,0.0,0.0,0.0,0.0,0.0,0.0,0.0,0.0,0.0,0.0,0.0,0.0,0.0,0.0,0.0,0.0,68824,,9.13,,,,,,,8.12
1662596,9200677,,,,,2023-11-29,,Container,0.0,0.0,0.0,0.0,0.0,0.0,0.0,0.0,0.0,0.0,0.0,0.0,0.0,0.0,0.0,0.0,0.0,0.0,0.0,0.0,0.0,0.0,0.0,0.0,0.0,0.0,0.0,0.0,0.0,0.0,0.0,0.0,0.0,0.0,0.0,0.0,68824,,9.13,,,,,,,8.12
1662597,9200677,,,,,2023-11-30,,Container,0.0,0.0,0.0,0.0,0.0,0.0,0.0,0.0,0.0,0.0,0.0,0.0,0.0,0.0,0.0,0.0,0.0,0.0,0.0,0.0,0.0,0.0,0.0,0.0,0.0,0.0,0.0,0.0,0.0,0.0,0.0,0.0,0.0,0.0,0.0,0.0,68824,,9.13,,,,,,,8.12
1662598,9200677,,,,,2023-12-01,,Container,0.0,0.0,0.0,0.0,0.0,0.0,0.0,0.0,0.0,0.0,0.0,0.0,0.0,0.0,0.0,0.0,0.0,0.0,0.0,0.0,0.0,0.0,0.0,0.0,0.0,0.0,0.0,0.0,0.0,0.0,0.0,0.0,0.0,0.0,0.0,0.0,68824,,9.13,,,,,,,8.12
1662599,9200677,,,,,2023-12-02,,Container,0.0,0.0,0.0,0.0,0.0,0.0,0.0,0.0,0.0,0.0,0.0,0.0,0.0,0.0,0.0,0.0,0.0,0.0,0.0,0.0,0.0,0.0,0.0,0.0,0.0,0.0,0.0,0.0,0.0,0.0,0.0,0.0,0.0,0.0,0.0,0.0,68824,,9.13,,,,,,,8.12
1662600,9200677,,,,,2023-12-03,,Container,0.0,0.0,0.0,0.0,0.0,0.0,0.0,0.0,0.0,0.0,0.0,0.0,0.0,0.0,0.0,0.0,0.0,0.0,0.0,0.0,0.0,0.0,0.0,0.0,0.0,0.0,0.0,0.0,0.0,0.0,0.0,0.0,0.0,0.0,0.0,0.0,68824,,9.13,,,,,,,8.12
1662601,9200677,,,,,2023-12-04,,Container,0.0,0.0,0.0,0.0,0.0,0.0,0.0,0.0,0.0,0.0,0.0,0.0,0.0,0.0,0.0,0.0,0.0,0.0,0.0,0.0,0.0,0.0,0.0,0.0,0.0,0.0,0.0,0.0,0.0,0.0,0.0,0.0,0.0,0.0,0.0,0.0,68824,,9.13,,,,,,,8.12
1662602,9200677,,,,,2023-12-05,,Container,0.0,0.0,0.0,0.0,0.0,0.0,0.0,0.0,0.0,0.0,0.0,0.0,0.0,0.0,0.0,0.0,0.0,0.0,0.0,0.0,0.0,0.0,0.0,0.0,0.0,0.0,0.0,0.0,0.0,0.0,0.0,0.0,0.0,0.0,0.0,0.0,68824,,9.13,,,,,,,8.12
1662603,9200677,,,,,2023-12-06,,Container,0.0,0.0,0.0,0.0,0.0,0.0,0.0,0.0,0.0,0.0,0.0,0.0,0.0,0.0,0.0,0.0,0.0,0.0,0.0,0.0,0.0,0.0,0.0,0.0,0.0,0.0,0.0,0.0,0.0,0.0,0.0,0.0,0.0,0.0,0.0,0.0,68824,,9.13,,,,,,,8.12
1662604,9200677,,,,,2023-12-07,,Container,0.0,0.0,0.0,0.0,0.0,0.0,0.0,0.0,0.0,0.0,0.0,0.0,0.0,0.0,0.0,0.0,0.0,0.0,0.0,0.0,0.0,0.0,0.0,0.0,0.0,0.0,0.0,0.0,0.0,0.0,0.0,0.0,0.0,0.0,0.0,0.0,68824,,9.13,,,,,,,8.12
1662605,9200677,,,,,2023-12-08,,Container,0.0,0.0,0.0,0.0,0.0,0.0,0.0,0.0,0.0,0.0,0.0,0.0,0.0,0.0,0.0,0.0,0.0,0.0,0.0,0.0,0.0,0.0,0.0,0.0,0.0,0.0,0.0,0.0,0.0,0.0,0.0,0.0,0.0,0.0,0.0,0.0,68824,,9.13,,,,,,,8.12
1662606,9200677,,,,,2023-12-09,,Container,0.0,0.0,0.0,0.0,0.0,0.0,0.0,0.0,0.0,0.0,0.0,0.0,0.0,0.0,0.0,0.0,0.0,0.0,0.0,0.0,0.0,0.0,0.0,0.0,0.0,0.0,0.0,0.0,0.0,0.0,0.0,0.0,0.0,0.0,0.0,0.0,68824,,9.13,,,,,,,8.12
1662607,9200677,,,,,2023-12-10,,Container,0.0,0.0,0.0,0.0,0.0,0.0,0.0,0.0,0.0,0.0,0.0,0.0,0.0,0.0,0.0,0.0,0.0,0.0,0.0,0.0,0.0,0.0,0.0,0.0,0.0,0.0,0.0,0.0,0.0,0.0,0.0,0.0,0.0,0.0,0.0,0.0,68824,,9.13,,,,,,,8.12
1662608,9200677,,,,,2023-12-11,,Container,0.0,0.0,0.0,0.0,0.0,0.0,0.0,0.0,0.0,0.0,0.0,0.0,0.0,0.0,0.0,0.0,0.0,0.0,0.0,0.0,0.0,0.0,0.0,0.0,0.0,0.0,0.0,0.0,0.0,0.0,0.0,0.0,0.0,0.0,0.0,0.0,68824,,9.13,,,,,,,8.12
1662609,9200677,,,,,2023-12-12,,Container,0.0,0.0,0.0,0.0,0.0,0.0,0.0,0.0,0.0,0.0,0.0,0.0,0.0,0.0,0.0,0.0,0.0,0.0,0.0,0.0,0.0,0.0,0.0,0.0,0.0,0.0,0.0,0.0,0.0,0.0,0.0,0.0,0.0,0.0,0.0,0.0,68824,,9.13,,,,,,,8.12
1662610,9200677,,,,,2023-12-13,,Container,0.0,0.0,0.0,0.0,0.0,0.0,0.0,0.0,0.0,0.0,0.0,0.0,0.0,0.0,0.0,0.0,0.0,0.0,0.0,0.0,0.0,0.0,0.0,0.0,0.0,0.0,0.0,0.0,0.0,0.0,0.0,0.0,0.0,0.0,0.0,0.0,68824,,9.13,,,,,,,8.12
1662611,9200677,,,,,2023-12-14,,Container,0.0,0.0,0.0,0.0,0.0,0.0,0.0,0.0,0.0,0.0,0.0,0.0,0.0,0.0,0.0,0.0,0.0,0.0,0.0,0.0,0.0,0.0,0.0,0.0,0.0,0.0,0.0,0.0,0.0,0.0,0.0,0.0,0.0,0.0,0.0,0.0,68824,,9.13,,,,,,,8.12
1662612,9200677,,,,,2023-12-15,,Container,0.0,0.0,0.0,0.0,0.0,0.0,0.0,0.0,0.0,0.0,0.0,0.0,0.0,0.0,0.0,0.0,0.0,0.0,0.0,0.0,0.0,0.0,0.0,0.0,0.0,0.0,0.0,0.0,0.0,0.0,0.0,0.0,0.0,0.0,0.0,0.0,68824,,9.13,,,,,,,8.12
1662613,9200677,,,,,2023-12-16,,Container,0.0,0.0,0.0,0.0,0.0,0.0,0.0,0.0,0.0,0.0,0.0,0.0,0.0,0.0,0.0,0.0,0.0,0.0,0.0,0.0,0.0,0.0,0.0,0.0,0.0,0.0,0.0,0.0,0.0,0.0,0.0,0.0,0.0,0.0,0.0,0.0,68824,,9.13,,,,,,,8.12
1662614,9200677,,,,,2023-12-17,,Container,0.0,0.0,0.0,0.0,0.0,0.0,0.0,0.0,0.0,0.0,0.0,0.0,0.0,0.0,0.0,0.0,0.0,0.0,0.0,0.0,0.0,0.0,0.0,0.0,0.0,0.0,0.0,0.0,0.0,0.0,0.0,0.0,0.0,0.0,0.0,0.0,68824,,9.13,,,,,,,8.12
1662615,9200677,,,,,2023-12-18,,Container,0.0,0.0,0.0,0.0,0.0,0.0,0.0,0.0,0.0,0.0,0.0,0.0,0.0,0.0,0.0,0.0,0.0,0.0,0.0,0.0,0.0,0.0,0.0,0.0,0.0,0.0,0.0,0.0,0.0,0.0,0.0,0.0,0.0,0.0,0.0,0.0,68824,,9.13,,,,,,,8.12
1662616,9200677,,,,,2023-12-19,,Container,0.0,0.0,0.0,0.0,0.0,0.0,0.0,0.0,0.0,0.0,0.0,0.0,0.0,0.0,0.0,0.0,0.0,0.0,0.0,0.0,0.0,0.0,0.0,0.0,0.0,0.0,0.0,0.0,0.0,0.0,0.0,0.0,0.0,0.0,0.0,0.0,68824,,9.13,,,,,,,8.12
1662617,9200677,,,,,2023-12-20,,Container,0.0,0.0,0.0,0.0,0.0,0.0,0.0,0.0,0.0,0.0,0.0,0.0,0.0,0.0,0.0,0.0,0.0,0.0,0.0,0.0,0.0,0.0,0.0,0.0,0.0,0.0,0.0,0.0,0.0,0.0,0.0,0.0,0.0,0.0,0.0,0.0,68824,,9.13,,,,,,,8.12
1662618,9200677,,,,,2023-12-21,,Container,0.0,0.0,0.0,0.0,0.0,0.0,0.0,0.0,0.0,0.0,0.0,0.0,0.0,0.0,0.0,0.0,0.0,0.0,0.0,0.0,0.0,0.0,0.0,0.0,0.0,0.0,0.0,0.0,0.0,0.0,0.0,0.0,0.0,0.0,0.0,0.0,68824,,9.13,,,,,,,8.12
1662619,9200677,,,,,2023-12-22,,Container,0.0,0.0,4.8,4.8,0.0,0.0,15.39,15.39,0.0,0.0,4.8,0.0,0.0,0.0,0.0,0.0,0.0,0.0,0.0,15.39,0.0,0.0,15.39,0.0,0.0,0.0,0.0,0.0,0.0,0.0,0.0,0.0,0.0,0.0,0.0,0.0,68824,,9.14,,,,,,,8.12
1662620,9200677,,,,,2023-12-23,,Container,0.0,0.0,3.9,3.9,0.0,0.0,12.5,12.5,0.0,0.0,3.9,0.0,0.0,0.0,0.0,0.0,0.0,0.0,0.0,12.5,0.0,0.0,12.5,0.0,0.0,0.0,0.0,0.0,0.0,0.0,0.0,0.0,0.0,0.0,0.0,0.0,68824,,9.14,,,,,,,8.12
1662621,9200677,,,,,2023-12-24,,Container,0.0,0.0,3.8,3.8,0.0,0.0,12.18,12.18,0.0,0.0,3.8,0.0,0.0,0.0,0.0,0.0,0.0,0.0,0.0,12.18,0.0,0.0,12.18,0.0,0.0,0.0,0.0,0.0,0.0,0.0,0.0,0.0,0.0,0.0,0.0,0.0,68824,,9.14,,,,,,,8.12
1662622,9200677,,,,,2023-12-25,,Container,0.0,0.0,4.4,4.4,0.0,0.0,14.11,14.11,0.0,0.0,4.4,0.0,0.0,0.0,0.0,0.0,0.0,0.0,0.0,14.11,0.0,0.0,14.11,0.0,0.0,0.0,0.0,0.0,0.0,0.0,0.0,0.0,0.0,0.0,0.0,0.0,68824,,9.15,,,,,,,8.12
1662623,9200677,,,,,2023-12-26,,Container,0.0,0.0,7.3,7.3,0.0,0.0,23.4,23.4,0.0,0.0,7.3,0.0,0.0,0.0,0.0,0.0,0.0,0.0,0.0,23.4,0.0,0.0,23.4,0.0,0.0,0.0,0.0,0.0,0.0,0.0,0.0,0.0,0.0,0.0,0.0,0.0,68824,,9.15,,,,,,,8.12
1662624,9200677,,,,,2023-12-27,,Container,0.0,0.0,2.9,2.9,0.0,0.0,9.3,9.3,0.0,0.9,2.0,0.0,0.0,0.0,0.0,0.0,2.89,0.0,0.0,6.41,0.0,2.89,6.41,0.0,0.0,1.7,0.0,0.0,0.0,0.0,0.0,0.0,0.0,0.0,0.0,0.0,68824,,9.15,,,,,,,8.12
1662625,9200677,,,,,2023-12-28,,Container,0.0,0.0,4.2,4.2,0.0,0.0,13.47,13.47,0.0,3.1,1.1,0.0,0.0,0.0,0.0,0.0,9.94,0.0,0.0,3.53,0.0,9.94,3.53,0.0,0.0,22.0,0.0,0.0,0.0,0.0,0.0,0.0,0.0,0.0,0.0,0.0,68824,,9.16,,,,,,,8.12
1662626,9200677,,,,,2023-12-29,,Container,0.0,0.0,7.4,7.4,0.0,0.0,23.72,23.72,0.0,5.1,2.3,0.0,0.0,0.0,0.0,0.0,16.35,0.0,0.0,7.37,0.0,16.35,7.37,0.0,0.0,24.0,0.0,0.0,0.0,0.0,0.0,0.0,0.0,0.0,0.0,0.0,68824,,9.16,,,,,,,8.12
1662627,9200677,,,,,2023-12-30,,Container,0.0,0.0,0.0,0.0,0.0,0.0,0.0,0.0,0.0,0.0,0.0,0.0,0.0,0.0,0.0,0.0,0.0,0.0,0.0,0.0,0.0,0.0,0.0,0.0,0.0,0.0,0.0,0.0,0.0,0.0,0.0,0.0,0.0,0.0,0.0,0.0,68824,,9.16,,,,,,,8.12
1662628,9200677,,,,,2023-12-31,,Container,0.0,0.0,5.4,5.4,0.0,0.0,17.31,17.31,0.0,4.3,1.1,0.0,0.0,0.0,0.0,0.0,13.79,0.0,0.0,3.53,0.0,13.79,3.53,0.0,0.0,24.0,0.0,0.0,0.0,0.0,0.0,0.0,0.0,0.0,0.0,0.0,68824,,9.16,,,,,,,8.12
1836133,9200677,,,,,2024-01-01,,Container,0.0,0.0,8.7,8.7,0.0,0.0,27.89,27.89,0.0,3.7,5.0,0.0,0.0,0.0,0.0,0.0,11.86,0.0,0.0,16.03,0.0,11.86,16.03,0.0,0.0,24.0,0.0,0.0,0.0,0.0,0.0,0.0,0.0,0.0,0.0,0.0,68824,,,,,,,,,7.95
1836134,9200677,,,,,2024-01-02,,Container,0.0,0.0,6.3,6.3,0.0,0.0,20.2,20.2,0.0,3.7,2.6,0.0,0.0,0.0,0.0,0.0,11.86,0.0,0.0,8.34,0.0,11.86,8.34,0.0,0.0,24.0,0.0,0.0,0.0,0.0,0.0,0.0,0.0,0.0,0.0,0.0,68824,,,,,,,,,7.95
1836135,9200677,,,,,2024-01-03,,Container,0.0,0.0,8.9,8.9,0.0,0.0,28.53,28.53,0.0,3.6,5.3,0.0,0.0,0.0,0.0,0.0,11.54,0.0,0.0,16.99,0.0,11.54,16.99,0.0,0.0,24.0,0.0,0.0,0.0,0.0,0.0,0.0,0.0,0.0,0.0,0.0,68824,,,,,,,,,7.95
1836136,9200677,,,,,2024-01-04,,Container,0.0,0.0,9.9,9.9,0.0,0.0,31.74,31.74,0.0,4.9,5.0,0.0,0.0,0.0,0.0,0.0,15.71,0.0,0.0,16.03,0.0,15.71,16.03,0.0,0.0,24.0,0.0,0.0,0.0,0.0,0.0,0.0,0.0,0.0,0.0,0.0,68824,,,,,,,,,7.95
1836137,9200677,,,,,2024-01-05,,Container,0.0,0.0,9.3,9.3,0.0,0.0,29.82,29.82,0.0,5.1,4.2,0.0,0.0,0.0,0.0,0.0,16.35,0.0,0.0,13.47,0.0,16.35,13.47,0.0,0.0,24.0,0.0,0.0,0.0,0.0,0.0,0.0,0.0,0.0,0.0,0.0,68824,,,,,,,,,7.95
1836138,9200677,,,,,2024-01-06,,Container,0.0,0.0,10.5,10.5,0.0,0.0,33.66,33.66,0.0,5.4,5.1,0.0,0.0,0.0,0.0,0.0,17.31,0.0,0.0,16.35,0.0,17.31,16.35,0.0,0.0,23.0,0.0,0.0,0.0,0.0,0.0,0.0,0.0,0.0,0.0,0.0,68824,,,,,,,,,7.95
1836139,9200677,,,,,2024-01-07,,Container,0.0,0.0,0.0,0.0,0.0,0.0,0.0,0.0,0.0,0.0,0.0,0.0,0.0,0.0,0.0,0.0,0.0,0.0,0.0,0.0,0.0,0.0,0.0,0.0,0.0,0.0,0.0,0.0,0.0,0.0,0.0,0.0,0.0,0.0,0.0,0.0,68824,,,,,,,,,7.95
1836140,9200677,,,,,2024-01-08,,Container,0.0,0.0,3.2,3.2,0.0,0.0,10.26,10.26,0.0,3.2,0.0,0.0,0.0,0.0,0.0,0.0,10.26,0.0,0.0,0.0,0.0,10.26,0.0,0.0,0.0,19.0,0.0,0.0,0.0,0.0,0.0,0.0,0.0,0.0,0.0,0.0,68824,,,,,,,,,7.95
1836141,9200677,,,,,2024-01-09,,Container,0.0,0.0,5.2,5.2,0.0,0.0,16.67,16.67,0.0,5.2,0.0,0.0,0.0,0.0,0.0,0.0,16.67,0.0,0.0,0.0,0.0,16.67,0.0,0.0,0.0,24.0,0.0,0.0,0.0,0.0,0.0,0.0,0.0,0.0,0.0,0.0,68824,,,,,,,,,7.95
1836142,9200677,,,,,2024-01-10,,Container,0.0,0.0,10.2,10.2,0.0,0.0,32.7,32.7,0.0,5.6,4.6,0.0,0.0,0.0,0.0,0.0,17.95,0.0,0.0,14.75,0.0,17.95,14.75,0.0,0.0,30.0,0.0,0.0,0.0,0.0,0.0,0.0,0.0,0.0,0.0,0.0,68824,,,,,,,,,7.95
1836143,9200677,,,,,2024-01-11,,Container,0.0,0.0,8.9,8.9,0.0,0.0,28.53,28.53,0.0,4.6,4.3,0.0,0.0,0.0,0.0,0.0,14.75,0.0,0.0,13.79,0.0,14.75,13.79,0.0,0.0,27.0,0.0,0.0,0.0,0.0,0.0,0.0,0.0,0.0,0.0,0.0,68824,,,,,,,,,7.95
1836144,9200677,,,,,2024-01-12,,Container,0.0,0.0,9.0,9.0,0.0,0.0,28.85,28.85,0.0,5.8,3.2,0.0,0.0,0.0,0.0,0.0,18.59,0.0,0.0,10.26,0.0,18.59,10.26,0.0,0.0,28.0,0.0,0.0,0.0,0.0,0.0,0.0,0.0,0.0,0.0,0.0,68824,,,,,,,,,7.95
1836145,9200677,,,,,2024-01-13,,Container,0.0,4.4,3.4,7.8,0.0,13.86,10.9,24.76,0.0,4.4,3.4,0.0,0.0,0.0,0.0,13.86,0.0,0.0,0.0,10.9,0.0,13.86,10.9,0.0,0.0,24.0,0.0,0.0,0.0,0.0,0.0,0.0,0.0,0.0,0.0,0.0,68824,,,,,,,,,7.95
1836146,9200677,,,,,2024-01-15,,Container,0.0,4.6,3.5,8.1,0.0,14.49,11.22,25.72,0.0,4.6,3.5,0.0,0.0,0.0,0.0,14.49,0.0,0.0,0.0,11.22,0.0,14.49,11.22,0.0,0.0,24.0,0.0,0.0,0.0,0.0,0.0,0.0,0.0,0.0,0.0,0.0,68824,,,,,,,,,7.95
1836147,9200677,,,,,2024-01-16,,Container,0.0,4.0,3.6,7.6,0.0,12.6,11.54,24.15,0.0,4.0,3.6,0.0,0.0,0.0,0.0,12.6,0.0,0.0,0.0,11.54,0.0,12.6,11.54,0.0,0.0,24.0,0.0,0.0,0.0,0.0,0.0,0.0,0.0,0.0,0.0,0.0,68824,,,,,,,,,7.95
1229284,9200677,,,,,2022-12-02,,Container,0.0,6.3,0.0,6.3,0.0,19.85,0.0,19.85,0.0,4.0,2.3,0.0,0.0,0.0,0.0,12.6,0.0,0.0,7.25,0.0,0.0,12.6,7.25,0.0,0.0,,0.0,0.0,0.0,0.0,0.0,0.0,12.41,11.95,77566.0,0.0,68824,,8.36,,,,,,,8.29
1229289,9200677,,,,,2022-12-07,,Container,0.0,13.9,0.0,13.9,0.0,43.8,0.0,43.8,0.0,9.3,4.6,0.0,0.0,0.0,0.0,29.3,0.0,0.0,14.49,0.0,0.0,29.3,14.49,0.0,33.5,,0.0,0.0,0.0,0.0,0.0,0.0,2.91,2.6,16915.12,0.0,68824,,8.63,,,,,,,8.29
1229296,9200677,,,,,2022-12-14,,Container,0.0,9.3,0.0,9.3,0.0,29.3,0.0,29.3,0.0,6.7,2.6,0.0,0.0,0.0,0.0,21.11,0.0,0.0,8.19,0.0,0.0,21.11,8.19,0.0,0.0,,0.0,0.0,0.0,0.0,0.0,0.0,10.4,10.3,61631.0,0.0,68824,,8.91,,,,,,,8.29
1229297,9200677,,,,,2022-12-15,,Container,0.0,9.5,0.0,9.5,0.0,29.93,0.0,29.93,0.0,6.8,2.7,0.0,0.0,0.0,0.0,21.43,0.0,0.0,8.51,0.0,0.0,21.43,8.51,0.0,0.0,,0.0,0.0,0.0,0.0,0.0,0.0,10.4,10.3,61631.0,0.0,68824,,8.96,,,,,,,8.29
1229298,9200677,,,,,2022-12-16,,Container,0.0,9.5,0.0,9.5,0.0,29.93,0.0,29.93,0.0,6.9,2.6,0.0,0.0,0.0,0.0,21.74,0.0,0.0,8.19,0.0,0.0,21.74,8.19,0.0,0.0,,0.0,0.0,0.0,0.0,0.0,0.0,10.4,10.3,61631.0,0.0,68824,,9.01,,,,,,,8.29
1229299,9200677,,,,,2022-12-17,,Container,0.0,9.4,0.0,9.4,0.0,29.62,0.0,29.62,0.0,6.9,2.5,0.0,0.0,0.0,0.0,21.74,0.0,0.0,7.88,0.0,0.0,21.74,7.88,0.0,0.0,,0.0,0.0,0.0,0.0,0.0,0.0,10.4,10.3,61631.0,0.0,68824,,9.06,,,,,,,8.29
1229300,9200677,,,,,2022-12-18,,Container,0.0,9.3,0.0,9.3,0.0,29.3,0.0,29.3,0.0,6.7,2.6,0.0,0.0,0.0,0.0,21.11,0.0,0.0,8.19,0.0,0.0,21.11,8.19,0.0,0.0,,0.0,0.0,0.0,0.0,0.0,0.0,10.4,10.3,61631.0,0.0,68824,,9.11,,,,,,,8.29
1229302,9200677,,,,,2022-12-20,,Container,0.0,5.4,0.0,5.4,0.0,17.02,0.0,17.02,0.0,3.8,1.6,0.0,0.0,0.0,0.0,11.97,0.0,0.0,5.04,0.0,0.0,11.97,5.04,0.0,14.5,,0.0,0.0,0.0,0.0,0.0,0.0,10.4,10.3,61631.0,0.0,68824,,9.21,,,,,,,8.29
1229262,9200677,,,,,2022-11-10,,Container,0.0,3.7,0.0,3.7,0.0,11.66,0.0,11.66,1.7,1.7,0.3,0.0,5.36,0.0,0.0,5.36,0.0,0.0,0.95,0.0,5.36,5.36,0.95,14.5,2.0,,0.0,0.0,0.0,0.0,0.0,0.0,1.65,1.58,9945.43,0.0,68824,11.68,11.68,,,,,,E,8.29
1836148,9200677,,,,,2024-01-17,,Container,0.0,8.2,5.3,13.5,0.0,25.84,16.99,42.83,3.1,6.1,4.3,0.0,6.62,3.21,0.0,19.22,0.0,0.0,0.0,13.79,9.82,19.22,13.79,21.0,2.3,34.0,0.0,0.0,4.0,0.0,0.0,14.67,5.4,3.07,23058.0,30.67,68824,29.63,281.12,,,,,,E,7.95
1836149,9200677,,,,,2024-01-18,,Container,0.0,23.9,0.2,24.1,0.0,75.31,0.64,75.95,18.2,5.7,0.2,0.0,57.35,0.0,0.0,17.96,0.0,0.0,0.0,0.64,57.35,17.96,0.64,290.0,19.5,24.0,15.44,14.87,24.0,52.9,2.9,60.0,8.1,4.6,34587.0,345.0,68824,3.81,22.53,,,,,,A,7.95
1836150,9200677,,,,,2024-01-19,,Container,0.0,33.4,0.0,33.4,0.0,105.24,0.0,105.24,18.9,10.0,4.5,0.0,59.55,0.0,0.0,31.51,0.0,0.0,14.18,0.0,59.55,31.51,14.18,174.0,25.5,44.5,1.85,1.72,3.0,7.72,0.72,23.0,8.48,5.6,38856.5,67.75,68824,8.79,17.6,,,,,,D,7.95
1836151,9200677,,,,,2024-01-20,,Container,0.0,13.7,0.0,13.7,0.0,43.17,0.0,43.11,7.1,4.6,2.0,0.0,22.37,0.0,0.0,14.49,0.0,0.0,6.3,0.0,22.37,14.49,6.3,114.0,12.5,13.5,5.13,4.65,17.0,0.0,0.0,159.0,9.6,8.6,51665.0,100.0,68824,5.49,15.3,,,,,,A,7.95
1836152,9200677,,,,,2024-01-21,,Container,0.0,19.7,0.0,19.7,0.0,62.07,0.0,62.05,6.5,9.2,4.0,0.0,20.48,0.0,0.0,28.99,0.0,0.0,12.6,0.0,20.48,28.99,12.6,159.0,24.0,24.0,5.0,6.63,24.0,16.4,5.6,208.0,9.6,8.6,51665.0,175.0,68824,5.67,13.28,,,,,,A,7.95
1836153,9200677,,,,,2024-01-22,,Container,0.0,27.4,3.0,30.4,0.0,86.34,9.62,95.93,16.5,10.9,3.0,0.0,51.99,0.0,0.0,34.35,0.0,0.0,0.0,9.62,51.99,34.35,9.62,217.0,24.0,24.0,10.0,9.04,31.0,35.0,15.3,325.0,9.6,8.6,51665.0,350.0,68824,6.42,11.75,,,,,,A,7.95
1836154,9200677,,,,,2024-01-23,,Container,0.0,27.6,0.0,27.6,0.0,86.97,0.0,86.94,12.6,11.1,3.9,0.0,39.7,0.0,0.0,34.98,0.0,0.0,12.29,0.0,39.7,34.98,12.29,131.0,24.0,24.0,6.25,5.46,28.0,35.0,40.9,137.0,9.6,8.6,51665.0,178.0,68824,9.64,11.5,,,,,,E,7.95
1836155,9200677,,,,,2024-01-24,,Container,0.0,43.5,0.0,43.5,0.0,137.07,0.0,137.01,24.0,14.6,4.9,0.0,75.62,0.0,0.0,46.0,0.0,0.0,15.44,0.0,75.62,46.0,15.44,253.0,31.0,39.0,9.79,8.56,15.5,39.65,15.9,58.5,9.6,8.6,51665.0,256.5,68824,7.87,10.83,,,,,,C,7.95
1836156,9200677,,,,,2024-01-25,,Container,0.0,12.8,0.0,12.8,0.0,40.33,0.0,40.27,3.1,7.4,2.3,0.0,9.77,0.0,0.0,23.32,0.0,0.0,7.25,0.0,9.77,23.32,7.25,49.0,6.1,23.1,0.0,0.0,0.0,0.0,0.0,0.0,5.18,4.8,29054.0,0.0,68824,11.94,10.86,,,,,,E,7.95
1836157,9200677,,,,,2024-01-26,,Container,0.0,19.7,0.0,19.7,0.0,62.07,0.0,62.02,9.7,8.3,1.7,0.0,30.56,0.0,0.0,26.15,0.0,0.0,5.36,0.0,30.56,26.15,5.36,105.0,11.4,19.4,5.57,4.61,8.0,18.45,7.05,1.5,11.1,10.6,64551.0,156.0,68824,8.58,10.71,,,,,,D,7.95
1836158,9200677,,,,,2024-01-27,,Container,0.0,28.71,0.0,28.71,0.0,90.47,0.0,90.35,9.6,14.3,4.81,0.0,30.25,0.0,0.0,45.06,0.0,0.0,15.16,0.0,30.25,45.06,15.16,33.0,4.5,41.5,0.0,0.0,5.0,0.0,0.0,59.8,6.98,6.84,41977.0,21.8,68824,39.78,11.33,,,,,,E,7.95
1836159,9200677,,,,,2024-01-28,,Container,0.0,34.0,0.0,34.0,0.0,107.13,0.0,107.1,27.0,7.0,0.0,0.0,85.08,0.0,0.0,22.06,0.0,0.0,0.0,0.0,85.08,22.06,0.0,213.0,13.0,13.0,16.54,16.38,20.0,61.4,8.1,186.0,11.9,11.8,72667.0,219.0,68824,7.31,10.84,,,,,,B,7.95
1836160,9200677,,,,,2024-01-29,,Container,0.0,41.9,0.0,41.9,0.0,132.03,0.0,132.0,29.1,11.6,1.2,0.0,91.69,0.0,0.0,36.55,0.0,0.0,3.78,0.0,91.69,36.55,3.78,319.0,24.0,24.0,14.5,13.29,25.0,48.6,5.8,180.0,12.0,11.4,72667.0,229.0,68824,6.01,10.1,,,,,,A,7.95
1836161,9200677,,,,,2024-01-30,,Container,0.0,35.9,0.0,35.9,0.0,113.12,0.0,112.93,16.8,16.1,3.0,0.0,52.94,0.0,0.0,50.73,0.0,0.0,9.45,0.0,52.94,50.73,9.45,230.2,20.4,29.8,1.92,2.02,6.0,6.97,1.33,86.83,8.1,7.83,49536.0,56.17,68824,7.13,9.8,,,,,,B,7.95
1836162,9200677,,,,,2024-01-31,,Container,0.0,20.0,0.0,20.0,0.0,63.02,0.0,62.37,7.9,10.1,2.0,0.0,24.89,0.0,0.0,31.83,0.0,0.0,6.3,0.0,24.89,31.83,6.3,64.3,9.5,26.8,1.79,1.75,5.0,6.55,3.85,11.25,9.23,9.07,58240.0,90.0,68824,14.09,9.92,,,,,,E,7.95
1836163,9200677,,,,,2024-02-01,,Container,0.0,4.4,0.0,4.4,0.0,13.86,0.0,13.66,1.8,2.1,0.5,0.0,5.67,0.0,0.0,6.62,0.0,0.0,1.58,0.0,5.67,6.62,1.58,12.6,2.0,8.0,0.0,0.0,25.0,0.0,0.0,270.0,13.0,12.6,81078.0,135.0,68824,15.75,9.95,,,,,,E,7.95
1836164,9200677,,,,,2024-02-02,,Container,84.5,0.0,0.0,84.5,263.13,0.0,0.0,262.93,72.9,11.6,0.0,227.01,0.0,0.0,36.12,0.0,0.0,0.0,0.0,0.0,227.01,36.12,0.0,397.0,24.0,24.0,17.29,16.54,30.0,68.0,16.2,282.0,13.0,12.6,81078.0,139.0,68824,9.62,9.9,,,,,,E,7.95
1836165,9200677,,,,,2024-02-03,,Container,87.1,0.0,0.0,87.1,271.23,0.0,0.0,271.02,74.9,12.1,0.1,233.24,0.0,0.0,37.68,0.0,0.0,0.31,0.0,0.0,233.24,37.68,0.31,398.0,24.0,24.0,17.21,16.58,30.0,68.0,16.1,311.0,13.0,12.6,81078.0,139.0,68824,9.89,9.9,,,,,,E,7.95
1836166,9200677,,,,,2024-02-04,,Container,89.8,0.0,0.0,89.8,279.64,0.0,0.0,279.43,77.8,12.0,0.0,242.27,0.0,0.0,37.37,0.0,0.0,0.0,0.0,0.0,242.27,37.37,0.0,381.0,23.0,23.0,17.22,16.57,30.0,69.4,17.7,340.0,13.0,12.6,81078.0,139.0,68824,10.66,9.98,,,,,,E,7.95
1836167,9200677,,,,,2024-02-05,,Container,88.3,0.0,0.0,88.3,274.97,0.0,0.0,274.76,75.4,12.9,0.0,234.8,0.0,0.0,40.17,0.0,0.0,0.0,0.0,0.0,234.8,40.17,0.0,394.0,24.0,24.0,16.38,16.42,20.0,67.8,16.4,326.0,13.0,12.6,81078.0,132.0,68824,10.13,10.0,,,,,,E,7.95
1836168,9200677,,,,,2024-02-06,,Container,80.6,0.0,0.0,80.6,250.99,0.0,0.0,250.78,68.0,12.5,0.1,211.75,0.0,0.0,38.92,0.0,0.0,0.31,0.0,0.0,211.75,38.92,0.31,396.0,24.0,24.0,17.42,16.5,15.0,0.0,0.0,103.0,13.0,12.6,81078.0,132.0,68824,9.2,9.93,,,,,,D,7.95
1836169,9200677,,,,,2024-02-07,,Container,77.5,0.0,0.1,77.6,241.33,0.0,0.32,241.45,64.4,13.1,0.1,200.54,0.0,0.0,40.79,0.0,0.0,0.0,0.0,0.32,200.54,40.79,0.32,387.0,24.0,24.0,17.58,16.13,15.0,64.4,16.1,175.0,13.0,12.6,81078.0,124.0,68824,9.07,9.85,,,,,,D,7.95
1836170,9200677,,,,,2024-02-08,,Container,77.81,0.0,0.0,77.81,242.3,0.0,0.0,242.1,66.6,11.21,0.0,207.39,0.0,0.0,34.91,0.0,0.0,0.0,0.0,0.0,207.39,34.91,0.0,385.0,23.0,23.0,17.57,16.74,30.0,65.7,12.2,65.0,13.0,12.6,81078.0,174.0,68824,9.14,9.8,,,,,,D,7.95
1836171,9200677,,,,,2024-02-09,,Container,84.9,0.0,0.0,84.9,264.38,0.0,0.0,264.17,72.7,12.2,0.0,226.39,0.0,0.0,37.99,0.0,0.0,0.0,0.0,0.0,226.39,37.99,0.0,384.0,24.0,24.0,16.38,16.0,15.0,66.0,16.0,215.0,12.8,12.3,79339.0,170.0,68824,10.0,9.81,,,,,,E,7.95
1836172,9200677,,,,,2024-02-10,,Container,53.6,0.0,0.0,53.6,166.91,0.0,0.0,166.71,47.4,6.2,0.0,147.6,0.0,0.0,19.31,0.0,0.0,0.0,0.0,0.0,147.6,19.31,0.0,200.0,11.0,18.0,17.27,18.18,30.0,0.0,0.0,199.0,12.8,12.3,79339.0,196.0,68824,12.11,9.89,,,,,,E,7.95
1836173,9200677,,,,,2024-02-11,,Container,15.7,0.0,1.4,17.1,48.89,0.0,4.49,53.17,8.8,6.1,2.2,27.4,0.0,0.0,19.0,0.0,0.0,2.49,0.0,4.49,27.4,19.0,6.98,55.0,5.5,19.3,0.0,0.0,0.0,0.0,0.0,0.0,4.27,4.1,26446.33,0.0,68824,14.05,9.93,,,,,,E,7.95
1836174,9200677,,,,,2024-02-12,,Container,13.4,0.0,0.3,13.7,41.73,0.0,0.96,42.02,10.5,2.9,0.3,32.7,0.0,0.0,9.03,0.0,0.0,0.0,0.0,0.96,32.7,9.03,0.96,59.0,5.0,29.0,0.0,0.0,0.0,0.0,0.0,0.0,11.8,10.2,66952.0,0.0,68824,10.35,9.94,,,,,,E,7.95
1836175,9200677,,,,,2024-02-13,,Container,34.7,0.0,0.0,34.7,108.06,0.0,0.0,106.71,18.4,12.9,3.4,57.3,0.0,0.0,40.17,0.0,0.0,10.59,0.0,0.0,57.3,40.17,10.59,145.0,27.1,33.6,0.0,0.0,10.0,0.0,0.0,142.5,11.8,10.2,66952.0,46.0,68824,10.69,9.96,,,,,,E,7.95
1836176,9200677,,,,,2024-02-14,,Container,33.0,0.0,0.0,33.0,102.76,0.0,0.0,102.09,18.3,11.5,3.2,56.99,0.0,0.0,35.81,0.0,0.0,9.96,0.0,0.0,56.99,35.81,9.96,248.0,22.2,22.2,11.8,11.17,20.0,0.0,0.0,12.0,11.8,10.2,66952.0,192.0,68824,5.98,9.8,,,,,,A,7.95
1836177,9200677,,,,,2024-02-15,,Container,36.0,0.0,0.0,36.0,112.1,0.0,0.0,111.43,20.6,11.7,3.7,64.15,0.0,0.0,36.43,0.0,0.0,11.52,0.0,0.0,64.15,36.43,11.52,262.0,24.0,24.0,11.04,10.92,15.0,0.0,0.0,270.0,11.8,10.2,66952.0,202.0,68824,6.18,9.65,,,,,,A,7.95
1836178,9200677,,,,,2024-02-16,,Container,35.5,0.0,0.0,35.5,110.55,0.0,0.0,109.87,19.8,11.8,3.9,61.66,0.0,0.0,36.75,0.0,0.0,12.14,0.0,0.0,61.66,36.75,12.14,265.0,24.0,24.0,11.29,11.04,25.0,40.0,5.1,59.0,11.8,10.2,66952.0,244.0,68824,6.02,9.51,,,,,,A,7.95
1836179,9200677,,,,,2024-02-17,,Container,33.8,0.0,0.0,33.8,105.25,0.0,0.0,104.58,18.8,11.7,3.3,58.54,0.0,0.0,36.43,0.0,0.0,10.28,0.0,0.0,58.54,36.43,10.28,247.0,24.0,24.0,10.92,10.29,10.0,37.2,4.6,220.0,11.8,10.2,66952.0,272.0,68824,6.15,9.39,,,,,,A,7.95
1836180,9200677,,,,,2024-02-18,,Container,18.0,0.0,0.0,18.0,56.05,0.0,0.0,55.38,1.9,11.8,4.3,5.92,0.0,0.0,36.75,0.0,0.0,13.39,0.0,0.0,5.92,36.75,13.39,5.0,5.0,24.0,0.0,0.0,0.0,0.0,0.0,0.0,11.8,10.2,66952.0,0.0,68824,160.93,9.5,,,,,,E,7.95
1836181,9200677,,,,,2024-02-19,,Container,17.9,0.0,0.0,17.9,55.74,0.0,0.0,55.07,1.9,11.8,4.2,5.92,0.0,0.0,36.75,0.0,0.0,13.08,0.0,0.0,5.92,36.75,13.08,40.0,8.0,25.0,0.0,0.0,0.0,0.0,0.0,0.0,11.8,10.2,66220.0,0.0,68824,20.0,9.56,,,,,,E,7.95
1836182,9200677,,,,,2024-02-20,,Container,18.5,0.0,0.0,18.5,57.61,0.0,0.0,56.94,1.9,12.3,4.3,5.92,0.0,0.0,38.3,0.0,0.0,13.39,0.0,0.0,5.92,38.3,13.39,44.0,8.0,25.0,0.0,0.0,0.0,0.0,0.0,0.0,11.8,10.2,66220.0,0.0,68824,18.8,9.62,,,,,,E,7.95
1836183,9200677,,,,,2024-02-21,,Container,21.1,0.0,0.0,21.1,65.71,0.0,0.0,65.03,6.8,10.6,3.7,21.18,0.0,0.0,33.01,0.0,0.0,11.52,0.0,0.0,21.18,33.01,11.52,84.3,10.0,27.0,0.0,0.0,0.0,0.0,0.0,0.0,11.8,10.2,66220.0,0.0,68824,11.21,9.64,,,,,,E,7.95
1836184,9200677,,,,,2024-02-22,,Container,11.8,0.0,0.0,11.8,36.75,0.0,0.0,36.25,0.0,8.4,3.4,0.0,0.0,0.0,26.16,0.0,0.0,10.59,0.0,0.0,0.0,26.16,10.59,0.0,0.0,24.0,0.0,0.0,0.0,0.0,0.0,0.0,0.0,0.0,0.0,0.0,68824,,9.71,,,,,,,7.95
1836185,9200677,,,,,2024-02-23,,Container,12.9,0.0,0.0,12.9,40.17,0.0,0.0,39.67,0.0,9.0,3.9,0.0,0.0,0.0,28.03,0.0,0.0,12.14,0.0,0.0,0.0,28.03,12.14,0.0,0.0,28.0,0.0,0.0,0.0,0.0,0.0,0.0,0.0,0.0,0.0,0.0,68824,,9.79,,,,,,,7.95
1836186,9200677,,,,,2024-02-24,,Container,21.2,0.0,0.0,21.2,66.02,0.0,0.0,65.2,7.3,10.5,3.4,22.73,0.0,0.0,32.7,0.0,0.0,10.59,0.0,0.0,22.73,32.7,10.59,48.0,4.7,32.4,0.0,0.0,7.5,0.0,0.0,135.5,8.8,8.6,48567.0,92.0,68824,19.74,9.86,,,,,,E,7.95
1836187,9200677,,,,,2024-02-25,,Container,33.9,0.0,0.0,33.9,105.56,0.0,0.0,105.24,20.0,10.1,3.8,62.28,0.0,0.0,31.45,0.0,0.0,11.83,0.0,0.0,62.28,31.45,11.83,246.0,22.3,23.0,11.93,11.03,10.0,41.4,8.2,213.0,8.8,8.6,48539.0,60.0,68824,6.22,9.74,,,,,,A,7.95
1836188,9200677,,,,,2024-02-26,,Container,40.3,0.0,0.0,40.3,125.49,0.0,0.0,124.85,24.1,12.1,4.1,75.05,0.0,0.0,37.68,0.0,0.0,12.77,0.0,0.0,75.05,37.68,12.77,294.0,27.5,27.5,10.6,10.52,15.0,39.5,7.35,170.0,8.8,8.6,48539.0,13.0,68824,6.17,9.6,,,,,,A,7.95
1836189,9200677,,,,,2024-02-27,,Container,16.4,0.0,0.0,16.4,51.07,0.0,0.0,50.75,4.1,9.2,3.1,12.77,0.0,0.0,28.65,0.0,0.0,9.65,0.0,0.0,12.77,28.65,9.65,69.8,8.0,22.9,0.0,0.0,0.0,0.0,0.0,0.0,8.8,8.6,48539.0,0.0,68824,10.56,9.61,,,,,,E,7.95
1836190,9200677,,,,,2024-02-28,,Container,16.9,0.0,0.0,16.9,52.63,0.0,0.0,51.22,0.6,11.5,4.8,1.87,0.0,0.0,35.81,0.0,0.0,14.95,0.0,0.0,1.87,35.81,14.95,5.0,1.0,35.3,0.0,0.0,7.33,0.0,0.0,50.33,6.07,4.13,27868.0,44.0,68824,148.84,9.7,,,,,,E,7.95
1836191,9200677,,,,,2024-02-29,,Container,62.0,0.0,0.0,62.0,193.07,0.0,0.0,192.6,55.2,6.8,0.0,171.89,0.0,0.0,21.18,0.0,0.0,0.0,0.0,0.0,171.89,21.18,0.0,294.0,15.0,16.0,20.4,19.6,13.0,74.4,9.3,350.0,9.1,6.2,41802.0,11.0,68824,9.52,9.69,,,,,,E,7.95
1836192,9200677,,,,,2024-03-01,,Container,106.6,0.0,0.0,106.6,331.95,0.0,0.0,331.48,95.6,11.0,0.0,297.7,0.0,0.0,34.25,0.0,0.0,0.0,0.0,0.0,297.7,34.25,0.0,510.0,25.0,25.0,22.2,20.4,10.0,77.9,9.8,163.0,9.1,6.2,41802.0,350.0,68824,9.44,9.68,,,,,,D,7.95
1836193,9200677,,,,,2024-03-02,,Container,101.0,0.0,0.0,101.0,314.51,0.0,0.0,314.05,90.0,11.0,0.0,280.26,0.0,0.0,34.25,0.0,0.0,0.0,0.0,0.0,280.26,34.25,0.0,520.0,24.0,25.0,22.0,21.67,15.0,75.8,1.6,104.0,9.1,6.2,41802.0,350.0,68824,8.78,9.63,,,,,,D,7.95
1836194,9200677,,,,,2024-03-03,,Container,95.0,0.0,0.0,95.0,295.83,0.0,0.0,295.36,84.0,11.0,0.0,261.58,0.0,0.0,34.25,0.0,0.0,0.0,0.0,0.0,261.58,34.25,0.0,527.0,24.0,24.0,22.67,21.96,10.0,75.4,-0.2,256.0,9.1,6.2,41802.0,305.0,68824,8.14,9.54,,,,,,C,7.95
1836195,9200677,,,,,2024-03-04,,Container,89.1,0.0,0.0,89.1,277.46,0.0,0.0,276.99,77.7,11.4,0.0,241.96,0.0,0.0,35.5,0.0,0.0,0.0,0.0,0.0,241.96,35.5,0.0,517.0,25.0,25.0,20.92,20.68,20.0,71.5,0.4,95.0,9.1,6.2,41802.0,351.0,68824,7.78,9.46,,,,,,C,7.95
1836196,9200677,,,,,2024-03-05,,Container,86.0,0.0,0.0,86.0,267.8,0.0,0.0,267.34,75.0,11.0,0.0,233.55,0.0,0.0,34.25,0.0,0.0,0.0,0.0,0.0,233.55,34.25,0.0,476.0,24.0,24.0,20.0,19.83,20.0,69.9,2.4,107.0,9.1,6.2,41802.0,340.0,68824,8.16,9.4,,,,,,C,7.95
1836197,9200677,,,,,2024-03-06,,Container,86.0,0.0,0.0,86.0,267.8,0.0,0.0,267.34,75.0,11.0,0.0,233.55,0.0,0.0,34.25,0.0,0.0,0.0,0.0,0.0,233.55,34.25,0.0,502.0,25.0,25.0,20.56,20.08,10.0,70.0,1.2,160.0,9.1,6.2,41802.0,332.0,68824,7.74,9.32,,,,,,C,7.95
1836198,9200677,,,,,2024-03-07,,Container,81.0,0.0,0.0,81.0,252.23,0.0,0.0,251.77,70.0,11.0,0.0,217.98,0.0,0.0,34.25,0.0,0.0,0.0,0.0,0.0,217.98,34.25,0.0,455.0,24.0,24.0,20.42,18.96,15.0,67.9,3.9,13.0,8.7,5.7,38794.0,332.0,68824,8.04,9.27,,,,,,C,7.95
1836199,9200677,,,,,2024-03-08,,Container,80.0,0.0,0.0,80.0,249.12,0.0,0.0,248.65,70.0,10.0,0.0,217.98,0.0,0.0,31.14,0.0,0.0,0.0,0.0,0.0,217.98,31.14,0.0,449.0,24.0,24.0,19.92,18.71,25.0,0.0,0.0,10.0,8.7,5.7,38794.0,318.0,68824,8.05,9.23,,,,,,C,7.95
1836200,9200677,,,,,2024-03-09,,Container,108.5,0.0,0.0,108.5,337.87,0.0,0.0,336.46,89.5,15.0,4.0,278.7,0.0,0.0,46.71,0.0,0.0,12.46,0.0,0.0,278.7,46.71,12.46,600.0,34.5,36.5,12.13,11.75,10.0,43.43,2.6,56.67,8.97,6.03,40799.33,199.0,68824,8.15,9.18,,,,,,C,7.95
1836201,9200677,,,,,2024-03-10,,Container,14.5,0.0,0.0,14.5,45.15,0.0,0.0,43.02,6.4,5.8,2.3,19.93,0.0,0.0,18.06,0.0,0.0,7.16,0.0,0.0,19.93,18.06,7.16,71.0,5.8,16.8,1.94,1.97,3.57,6.7,-0.16,45.43,3.9,3.64,21445.71,34.43,68824,8.8,9.17,,,,,,D,7.95
1836202,9200677,,,,,2024-03-11,,Container,44.0,0.0,0.0,44.0,137.02,0.0,0.0,135.49,24.0,14.7,5.3,74.74,0.0,0.0,45.78,0.0,0.0,16.5,0.0,0.0,74.74,45.78,16.5,315.0,31.5,41.0,10.2,10.09,10.0,39.55,12.15,260.0,9.2,8.55,50040.0,223.0,68824,6.25,9.1,,,,,,A,7.95
1836203,9200677,,,,,2024-03-12,,Container,19.9,0.0,0.0,19.9,61.97,0.0,0.0,60.21,7.6,8.8,3.5,23.67,0.0,0.0,27.4,0.0,0.0,10.9,0.0,0.0,23.67,27.4,10.9,90.0,9.0,29.0,0.0,0.0,5.0,0.0,0.0,90.0,10.03,9.27,54651.33,30.0,68824,9.72,9.11,,,,,,E,7.95
1836204,9200677,,,,,2024-03-13,,Container,28.0,0.0,0.0,28.0,87.19,0.0,0.0,85.96,13.7,10.3,4.0,42.66,0.0,0.0,32.07,0.0,0.0,12.46,0.0,0.0,42.66,32.07,12.46,183.0,14.7,30.9,4.63,4.71,6.67,16.37,0.3,53.33,10.1,9.4,56957.0,65.0,68824,6.83,9.08,,,,,,B,7.95
1836205,9200677,,,,,2024-03-14,,Container,15.9,0.0,0.0,15.9,49.51,0.0,0.0,48.06,4.7,7.9,3.3,14.64,0.0,0.0,24.6,0.0,0.0,10.28,0.0,0.0,14.64,24.6,10.28,73.4,7.5,22.3,3.53,3.6,4.33,12.8,1.03,205.0,10.5,10.3,61504.0,102.67,68824,9.51,9.08,,,,,,E,7.95
1836206,9200677,,,,,2024-03-15,,Container,32.2,0.0,0.0,32.2,100.27,0.0,0.0,99.77,17.6,11.0,3.6,54.81,0.0,0.0,34.25,0.0,0.0,11.21,0.0,0.0,54.81,34.25,11.21,196.0,15.0,24.0,13.0,13.07,8.0,28.3,4.6,325.0,10.5,10.3,61504.0,213.0,68824,7.4,9.05,,,,,,B,7.95
1836207,9200677,,,,,2024-03-16,,Container,93.5,0.0,0.0,93.5,291.16,0.0,0.0,290.16,78.2,15.3,0.0,243.51,0.0,0.0,47.64,0.0,0.0,0.0,0.0,0.0,243.51,47.64,0.0,572.0,33.0,33.0,17.38,17.3,13.5,63.5,6.25,48.0,10.55,10.0,60639.0,290.5,68824,7.37,8.99,,,,,,B,7.95
1836208,9200677,,,,,2024-03-17,,Container,18.7,0.0,13.2,31.9,58.23,0.0,42.32,97.52,18.0,10.5,3.4,33.63,0.0,23.08,18.68,0.0,14.43,5.92,0.0,4.81,56.71,33.11,10.73,171.5,14.0,34.3,3.42,3.37,3.5,12.64,-1.02,95.62,9.57,8.55,53680.75,63.62,68824,8.26,8.98,,,,,,C,7.95
1836209,9200677,,,,,2024-03-18,,Container,0.0,0.0,14.3,14.3,0.0,0.0,45.85,43.98,4.9,7.0,2.4,0.0,0.0,15.71,0.0,0.0,22.44,0.0,0.0,7.69,15.71,22.44,7.69,53.5,5.3,16.2,2.5,2.5,6.0,0.0,0.0,73.0,8.72,8.48,49554.4,18.8,68824,11.94,8.99,,,,,,E,7.95
1836210,9200677,,,,,2024-03-19,,Container,0.0,0.0,12.4,12.4,0.0,0.0,39.75,37.54,4.4,6.2,1.8,0.0,0.0,14.11,0.0,0.0,19.88,0.0,0.0,5.77,14.11,19.88,5.77,41.0,21.0,19.0,0.0,0.0,6.67,0.0,0.0,87.0,11.37,11.13,67733.0,50.67,68824,13.3,9.0,,,,,,E,7.95
1836211,9200677,,,,,2024-03-20,,Container,34.0,0.0,0.0,34.0,105.88,0.0,0.0,104.88,30.0,4.0,0.0,93.42,0.0,0.0,12.46,0.0,0.0,0.0,0.0,0.0,93.42,12.46,0.0,208.0,14.0,14.0,14.71,14.86,25.0,61.0,16.2,301.0,11.6,11.4,70628.0,91.0,68824,7.33,8.98,,,,,,B,7.95
1836212,9200677,,,,,2024-03-21,,Container,90.3,0.0,0.0,90.3,281.19,0.0,0.0,280.2,80.1,10.2,0.0,249.43,0.0,0.0,31.76,0.0,0.0,0.0,0.0,0.0,249.43,31.76,0.0,424.0,24.0,24.0,17.0,17.67,25.0,69.9,13.0,318.0,11.6,11.4,70628.0,142.0,68824,9.6,8.99,,,,,,E,7.95
1836213,9200677,,,,,2024-03-22,,Container,104.5,0.0,0.0,104.5,325.41,0.0,0.0,324.42,94.2,10.3,0.0,293.34,0.0,0.0,32.07,0.0,0.0,0.0,0.0,0.0,293.34,32.07,0.0,451.0,24.0,25.0,16.75,18.79,25.0,74.9,13.7,318.0,11.6,11.4,70628.0,142.0,68824,10.45,9.04,,,,,,E,7.95
1836214,9200677,,,,,2024-03-23,,Container,98.1,0.0,0.0,98.1,305.48,0.0,0.0,304.49,88.1,10.0,0.0,274.34,0.0,0.0,31.14,0.0,0.0,0.0,0.0,0.0,274.34,31.14,0.0,429.0,23.0,24.0,16.83,18.65,15.0,74.7,14.0,351.0,11.6,11.4,70628.0,142.0,68824,10.31,9.07,,,,,,E,7.95
1836215,9200677,,,,,2024-03-24,,Container,95.8,0.0,0.0,95.8,298.32,0.0,0.0,297.33,85.6,10.2,0.0,266.56,0.0,0.0,31.76,0.0,0.0,0.0,0.0,0.0,266.56,31.76,0.0,446.0,24.0,26.0,16.71,18.58,6.0,73.3,12.7,197.0,11.6,11.4,70628.0,130.0,68824,9.69,9.09,,,,,,E,7.95
1836216,9200677,,,,,2024-03-25,,Container,96.1,0.0,0.0,96.1,299.26,0.0,0.0,298.26,85.2,10.9,0.0,265.31,0.0,0.0,33.94,0.0,0.0,0.0,0.0,0.0,265.31,33.94,0.0,457.0,24.0,24.0,17.0,19.04,10.0,72.6,9.7,161.0,11.6,11.4,70628.0,132.0,68824,9.48,9.1,,,,,,E,7.95
1836217,9200677,,,,,2024-03-26,,Container,94.1,0.0,0.0,94.1,293.03,0.0,0.0,292.03,83.2,10.9,0.0,259.08,0.0,0.0,33.94,0.0,0.0,0.0,0.0,0.0,259.08,33.94,0.0,448.0,23.0,24.0,17.3,19.48,8.0,73.3,8.6,217.0,11.6,11.4,70628.0,124.0,68824,9.47,9.11,,,,,,E,7.95
1836218,9200677,,,,,2024-03-27,,Container,91.0,0.0,0.0,91.0,283.37,0.0,0.0,282.38,80.1,10.9,0.0,249.43,0.0,0.0,33.94,0.0,0.0,0.0,0.0,0.0,249.43,33.94,0.0,439.0,24.0,24.0,16.58,18.29,15.0,69.8,9.7,304.0,11.6,11.4,70628.0,170.0,68824,9.35,9.11,,,,,,D,7.95
1836219,9200677,,,,,2024-03-28,,Container,83.6,0.0,0.0,83.6,260.33,0.0,0.0,259.33,72.7,10.9,0.0,226.39,0.0,0.0,33.94,0.0,0.0,0.0,0.0,0.0,226.39,33.94,0.0,424.0,24.0,24.0,16.21,17.67,20.0,68.7,11.5,209.0,11.6,11.4,70628.0,170.0,68824,8.89,9.11,,,,,,D,7.95
1836220,9200677,,,,,2024-03-29,,Container,69.7,0.0,0.0,69.7,217.05,0.0,0.0,215.05,57.6,11.4,0.7,179.37,0.0,0.0,35.5,0.0,0.0,2.18,0.0,0.0,179.37,35.5,2.18,396.0,26.5,32.5,7.57,8.02,10.0,30.85,5.2,154.5,11.6,11.3,70252.0,123.0,68824,7.89,9.08,,,,,,C,7.95
1836221,9200677,,,,,2024-03-30,,Container,0.0,0.0,8.2,8.2,0.0,0.0,26.29,25.34,0.0,5.9,2.3,0.0,0.0,0.0,0.0,0.0,18.92,0.0,0.0,7.37,0.0,18.92,7.37,0.0,0.0,22.0,0.0,0.0,0.0,0.0,0.0,0.0,0.0,0.0,0.0,0.0,68824,,9.1,,,,,,,7.95
1836222,9200677,,,,,2024-03-31,,Container,13.6,0.0,9.3,22.9,42.35,0.0,29.82,69.52,9.6,10.2,3.1,29.89,0.0,0.0,11.21,0.0,21.16,1.25,0.0,8.66,29.89,32.37,9.9,87.0,7.3,27.7,4.11,4.0,8.33,14.87,2.47,49.33,10.3,9.0,55676.0,85.67,68824,11.61,9.11,,,,,,E,7.95
1836223,9200677,,,,,2024-04-01,,Container,37.2,0.0,0.0,37.2,115.84,0.0,0.0,114.99,26.5,10.7,0.0,82.52,0.0,0.0,33.32,0.0,0.0,0.0,0.0,0.0,82.52,33.32,0.0,325.0,23.0,23.0,15.7,14.13,5.0,47.4,-2.5,168.0,10.3,9.0,55676.0,202.0,68824,5.14,9.05,,,,,,A,7.95
1836224,9200677,,,,,2024-04-02,,Container,29.0,0.0,0.0,29.0,90.31,0.0,0.0,89.46,14.6,10.8,3.6,45.46,0.0,0.0,33.63,0.0,0.0,11.21,0.0,0.0,45.46,33.63,11.21,269.0,24.0,24.0,10.29,11.21,25.0,37.2,-3.8,20.0,10.3,9.0,55676.0,202.0,68824,4.83,8.99,,,,,,A,7.95
1836225,9200677,,,,,2024-04-03,,Container,62.3,0.0,0.0,62.3,194.0,0.0,0.0,192.3,42.3,15.6,4.4,131.72,0.0,0.0,48.58,0.0,0.0,13.7,0.0,0.0,131.72,48.58,13.7,389.0,33.5,34.5,12.82,12.46,17.5,49.3,13.45,250.5,10.3,9.0,55676.0,126.5,68824,7.18,8.95,,,,,,B,7.95
1836226,9200677,,,,,2024-04-04,,Container,10.3,0.0,0.0,10.3,32.07,0.0,0.0,31.22,7.4,2.4,0.5,23.04,0.0,0.0,7.47,0.0,0.0,1.56,0.0,0.0,23.04,7.47,1.56,54.3,5.0,10.0,0.0,0.0,0.0,0.0,0.0,0.0,10.3,9.0,55676.0,0.0,68824,8.35,8.95,,,,,,C,7.95
1836227,9200677,,,,,2024-04-05,,Container,10.1,0.0,0.0,10.1,31.45,0.0,0.0,30.0,0.0,6.6,3.5,0.0,0.0,0.0,20.55,0.0,0.0,10.9,0.0,0.0,0.0,20.55,10.9,0.0,0.0,25.0,0.0,0.0,0.0,0.0,0.0,0.0,0.0,0.0,0.0,0.0,68824,,8.97,,,,,,,7.95
1836228,9200677,,,,,2024-04-06,,Container,20.1,0.0,0.0,20.1,62.59,0.0,0.0,57.04,12.7,6.1,1.3,39.55,0.0,0.0,19.0,0.0,0.0,4.05,0.0,0.0,39.55,19.0,4.05,109.7,8.5,29.5,3.85,4.15,10.0,16.47,4.43,163.33,10.2,8.9,55249.0,121.67,68824,7.55,8.96,,,,,,C,7.95
1836229,9200677,,,,,2024-04-07,,Container,40.9,0.0,0.0,40.9,127.36,0.0,0.0,125.31,26.6,11.4,2.9,82.83,0.0,0.0,35.5,0.0,0.0,9.03,0.0,0.0,82.83,35.5,9.03,271.0,25.0,25.0,11.04,10.84,12.0,44.6,16.3,115.0,10.2,8.9,55249.0,18.0,68824,6.72,8.93,,,,,,B,7.95
1836230,9200677,,,,,2024-04-08,,Container,33.7,0.0,0.0,33.7,104.94,0.0,0.0,100.84,19.1,11.6,3.0,59.48,0.0,0.0,36.12,0.0,0.0,9.34,0.0,0.0,59.48,36.12,9.34,223.0,19.5,25.0,5.8,5.72,7.5,22.05,5.35,118.0,10.2,8.8,55249.0,160.5,68824,6.57,8.91,,,,,,A,7.95
1836231,9200677,,,,,2024-04-09,,Container,18.6,0.0,0.0,18.6,57.92,0.0,0.0,53.64,3.9,10.9,3.8,12.14,0.0,0.0,33.94,0.0,0.0,11.83,0.0,0.0,12.14,33.94,11.83,62.8,18.0,26.0,0.0,0.0,0.0,0.0,0.0,0.0,5.1,4.4,27624.5,0.0,68824,12.41,8.92,,,,,,E,7.95
1836232,9200677,,,,,2024-04-10,,Container,12.3,0.0,0.0,12.3,38.3,0.0,0.0,36.08,0.0,8.4,3.9,0.0,0.0,0.0,26.16,0.0,0.0,12.14,0.0,0.0,0.0,26.16,12.14,0.0,0.0,24.0,0.0,0.0,0.0,0.0,0.0,0.0,0.0,0.0,0.0,0.0,68824,,8.94,,,,,,,7.95
1836233,9200677,,,,,2024-04-11,,Container,21.7,0.0,0.0,21.7,67.57,0.0,0.0,60.72,1.5,17.5,2.7,4.67,0.0,0.0,54.5,0.0,0.0,8.41,0.0,0.0,4.67,54.5,8.41,6.5,1.5,31.0,0.0,0.0,6.67,0.0,0.0,20.0,7.27,5.73,38738.67,28.33,68824,135.73,8.99,,,,,,E,7.95
1836234,9200677,,,,,2024-04-12,,Container,53.7,0.0,0.0,53.7,167.22,0.0,0.0,164.82,43.7,9.8,0.2,136.08,0.0,0.0,30.52,0.0,0.0,0.62,0.0,0.0,136.08,30.52,0.62,305.0,19.5,19.5,17.28,15.64,15.0,61.1,11.9,175.0,10.9,8.6,58108.0,14.0,68824,7.85,8.97,,,,,,C,7.95
1836235,9200677,,,,,2024-04-13,,Container,46.3,0.0,0.0,46.3,144.18,0.0,0.0,139.38,31.1,11.9,3.3,96.85,0.0,0.0,37.06,0.0,0.0,10.28,0.0,0.0,96.85,37.06,10.28,269.0,18.8,31.8,3.64,3.86,3.75,13.92,1.15,47.5,5.45,4.3,29054.0,61.75,68824,7.53,8.95,,,,,,C,7.95
1836236,9200677,,,,,2024-04-14,,Container,22.6,0.0,0.0,22.6,70.38,0.0,0.0,61.71,8.1,9.4,5.1,25.22,0.0,0.0,29.27,0.0,0.0,15.88,0.0,0.0,25.22,29.27,15.88,61.0,4.0,39.0,0.0,0.0,5.0,0.0,0.0,116.67,7.87,7.87,48188.0,22.33,68824,14.7,8.97,,,,,,E,7.95
1836237,9200677,,,,,2024-04-15,,Container,76.4,0.0,0.0,76.4,237.91,0.0,0.0,229.24,65.3,11.1,0.0,203.34,0.0,0.0,34.57,0.0,0.0,0.0,0.0,0.0,203.34,34.57,0.0,335.0,17.5,33.5,19.49,19.14,15.0,71.3,7.5,170.0,11.8,11.8,72282.0,350.0,68824,9.94,8.98,,,,,,E,7.95
1836238,9200677,,,,,2024-04-16,,Container,112.8,0.0,0.0,112.8,351.26,0.0,0.0,342.59,97.2,15.6,0.0,302.68,0.0,0.0,48.58,0.0,0.0,0.0,0.0,0.0,302.68,48.58,0.0,500.0,24.0,48.0,20.92,20.83,15.0,75.9,5.6,160.0,11.8,11.8,72282.0,350.0,68824,9.96,9.0,,,,,,E,7.95
1836239,9200677,,,,,2024-04-17,,Container,118.6,0.0,0.0,118.6,369.32,0.0,0.0,360.65,102.5,16.1,0.0,319.18,0.0,0.0,50.14,0.0,0.0,0.0,0.0,0.0,319.18,50.14,0.0,515.0,24.0,48.0,21.42,21.46,10.0,78.2,5.5,160.0,11.8,11.8,72282.0,305.0,68824,10.18,9.03,,,,,,E,7.95
1836240,9200677,,,,,2024-04-18,,Container,117.5,0.0,0.0,117.5,365.9,0.0,0.0,357.23,101.3,16.2,0.0,315.45,0.0,0.0,50.45,0.0,0.0,0.0,0.0,0.0,315.45,50.45,0.0,508.0,24.0,49.0,21.29,21.17,10.0,77.7,6.2,150.0,11.8,11.8,72282.0,340.0,68824,10.22,9.06,,,,,,E,7.95
1836241,9200677,,,,,2024-04-19,,Container,120.0,0.0,0.0,120.0,373.68,0.0,0.0,365.01,103.6,16.4,0.0,322.61,0.0,0.0,51.07,0.0,0.0,0.0,0.0,0.0,322.61,51.07,0.0,500.0,24.0,48.0,21.5,20.83,15.0,78.4,8.6,105.0,11.8,11.8,72282.0,340.0,68824,10.61,9.09,,,,,,E,7.95
1836242,9200677,,,,,2024-04-20,,Container,120.5,0.0,0.0,120.5,375.24,0.0,0.0,366.57,104.2,16.3,0.0,324.48,0.0,0.0,50.76,0.0,0.0,0.0,0.0,0.0,324.48,50.76,0.0,507.0,24.0,48.0,21.54,21.13,10.0,78.0,6.7,150.0,11.8,11.8,72282.0,332.0,68824,10.51,9.12,,,,,,E,7.95
1836243,9200677,,,,,2024-04-21,,Container,121.3,0.0,0.0,121.3,377.73,0.0,0.0,369.06,104.4,16.9,0.0,325.1,0.0,0.0,52.63,0.0,0.0,0.0,0.0,0.0,325.1,52.63,0.0,520.0,25.0,50.0,21.36,20.8,10.0,77.3,7.3,133.0,11.8,11.8,72282.0,332.0,68824,10.31,9.15,,,,,,E,7.95
1836244,9200677,,,,,2024-04-22,,Container,101.7,0.0,0.0,101.7,316.69,0.0,0.0,308.02,85.7,15.7,0.3,266.87,0.0,0.0,48.89,0.0,0.0,0.93,0.0,0.0,266.87,48.89,0.93,468.0,24.0,48.0,20.08,19.5,10.0,72.6,7.5,345.0,11.7,11.3,71013.0,348.0,68824,9.56,9.15,,,,,,E,7.95
1836245,9200677,,,,,2024-04-23,,Container,20.0,0.0,0.0,20.0,62.28,0.0,0.0,53.61,3.7,12.6,3.7,11.52,0.0,0.0,39.24,0.0,0.0,11.52,0.0,0.0,11.52,39.24,11.52,61.0,24.0,34.0,2.5,2.54,5.0,9.3,5.7,170.0,11.7,11.3,71013.0,348.0,68824,12.77,9.16,,,,,,E,7.95
1836246,9200677,,,,,2024-04-24,,Container,24.0,0.0,0.0,24.0,74.74,0.0,0.0,66.07,7.2,12.7,4.1,22.42,0.0,0.0,39.55,0.0,0.0,12.77,0.0,0.0,22.42,39.55,12.77,110.0,24.0,34.0,4.21,4.58,10.0,17.1,7.8,240.0,11.7,11.3,71013.0,3.0,68824,8.73,9.16,,,,,,D,7.95
1836247,9200677,,,,,2024-04-25,,Container,18.1,0.0,5.0,23.1,56.36,0.0,16.03,59.94,7.4,11.6,4.1,23.04,0.0,0.0,24.91,0.0,11.54,8.41,0.0,4.49,23.04,36.45,12.9,120.4,16.1,43.0,2.58,2.68,5.0,10.83,5.03,63.33,7.8,7.53,47342.0,119.0,68824,7.23,9.15,,,,,,B,7.95
1836248,9200677,,,,,2024-04-26,,Container,2.3,0.0,13.9,16.2,7.16,0.0,44.56,47.22,1.6,10.5,4.1,4.98,0.0,0.0,1.56,0.0,32.06,0.62,0.0,12.5,4.98,33.62,13.13,17.2,2.5,26.0,1.67,1.67,1.67,6.25,1.35,56.67,5.89,5.35,27754.5,57.33,68824,39.89,9.17,,,,,,E,7.95
1836249,9200677,,,,,2024-04-27,,Container,49.7,0.0,0.0,49.7,154.77,0.0,0.0,152.51,35.2,11.5,3.0,109.61,0.0,0.0,35.81,0.0,0.0,9.34,0.0,0.0,109.61,35.81,9.34,357.0,25.0,26.0,14.16,14.28,5.0,52.1,5.6,170.0,11.8,10.6,55509.0,297.0,68824,6.21,9.13,,,,,,A,7.95
1836250,9200677,,,,,2024-04-28,,Container,19.4,0.0,0.0,19.4,60.41,0.0,0.0,58.16,5.0,10.3,4.1,15.57,0.0,0.0,32.07,0.0,0.0,12.77,0.0,0.0,15.57,32.07,12.77,80.0,24.0,24.0,3.38,3.33,5.0,13.6,15.7,170.0,11.8,10.6,55509.0,297.0,68824,10.56,9.14,,,,,,E,7.95
1836251,9200677,,,,,2024-04-29,,Container,22.8,0.0,0.0,22.8,71.0,0.0,0.0,66.49,6.9,11.2,4.7,21.49,0.0,0.0,34.88,0.0,0.0,14.64,0.0,0.0,21.49,34.88,14.64,79.4,27.0,30.0,1.12,1.14,2.5,3.7,-3.2,175.0,11.8,10.6,55509.0,142.5,68824,12.17,9.15,,,,,,E,7.95
1836252,9200677,,,,,2024-04-30,,Container,13.0,0.0,7.8,20.8,40.48,0.0,25.01,58.66,7.5,9.6,3.7,23.36,0.0,0.0,12.46,0.0,17.95,4.67,0.0,7.05,23.36,30.41,11.72,91.3,9.0,23.5,3.87,3.85,8.33,14.4,2.7,125.0,10.3,8.48,54808.0,80.33,68824,9.34,9.15,,,,,,D,7.95
1836253,9200677,,,,,2024-05-01,,Container,29.6,0.0,0.0,29.6,92.17,0.0,0.0,89.92,15.5,10.2,3.9,48.27,0.0,0.0,31.76,0.0,0.0,12.14,0.0,0.0,48.27,31.76,12.14,245.0,24.0,24.0,10.5,10.21,15.0,37.0,5.1,170.0,10.3,8.5,54808.0,180.0,68824,5.33,9.11,,,,,,A,7.95
1836254,9200677,,,,,2024-05-02,,Container,14.0,0.0,0.0,14.0,43.6,0.0,0.0,41.34,3.0,7.0,4.0,9.34,0.0,0.0,21.8,0.0,0.0,12.46,0.0,0.0,9.34,21.8,12.46,30.0,24.0,24.0,1.29,1.25,10.0,0.0,0.0,270.0,10.3,8.5,54808.0,251.0,68824,20.02,9.12,,,,,,E,7.95
1836255,9200677,,,,,2024-05-03,,Container,26.7,0.0,0.0,26.7,83.14,0.0,0.0,76.38,8.1,13.4,5.2,25.22,0.0,0.0,41.73,0.0,0.0,16.19,0.0,0.0,25.22,41.73,16.19,135.0,32.5,39.0,3.74,3.75,5.0,14.1,0.6,70.0,7.88,6.38,41031.75,130.25,68824,8.22,9.12,,,,,,C,7.95
1836256,9200677,,,,,2024-05-04,,Container,16.2,0.0,9.7,25.9,50.45,0.0,31.1,79.32,10.2,11.9,3.8,31.76,0.0,0.0,14.64,0.0,23.08,4.05,0.0,8.02,31.76,37.72,12.06,147.0,13.2,30.9,2.84,2.87,5.0,10.82,0.0,105.0,7.8,6.89,41031.75,72.75,68824,7.84,9.11,,,,,,C,7.95
1836257,9200677,,,,,2024-05-05,,Container,16.4,0.0,0.0,16.4,51.07,0.0,0.0,48.84,4.1,8.8,3.5,12.77,0.0,0.0,27.4,0.0,0.0,10.9,0.0,0.0,12.77,27.4,10.9,65.0,11.5,29.0,0.0,0.0,0.0,0.0,0.0,0.0,10.3,9.5,54709.0,0.0,68824,10.92,9.12,,,,,,E,7.95
1836258,9200677,,,,,2024-05-06,,Container,5.7,0.0,7.85,13.55,17.75,0.0,25.17,40.66,3.7,7.45,2.4,11.52,0.0,0.0,4.98,0.0,18.76,1.25,0.0,6.41,11.52,23.74,7.66,41.0,3.5,22.0,0.0,0.0,5.0,0.0,0.0,104.0,11.6,10.4,65912.0,45.5,68824,14.41,9.12,,,,,,E,7.95
1836259,9200677,,,,,2024-05-07,,Container,56.8,0.0,0.0,56.8,176.88,0.0,0.0,175.76,48.0,8.8,0.0,149.47,0.0,0.0,27.4,0.0,0.0,0.0,0.0,0.0,149.47,27.4,0.0,373.0,21.5,22.0,17.3,17.35,10.0,63.7,6.2,170.0,11.6,10.4,65912.0,227.0,68824,6.85,9.09,,,,,,B,7.95
1836260,9200677,,,,,2024-05-08,,Container,59.2,0.0,3.8,63.0,184.35,0.0,12.18,193.22,47.5,14.1,1.4,147.92,0.0,0.0,35.19,0.0,8.98,1.25,0.0,3.21,147.92,44.16,4.45,420.3,27.7,42.7,5.53,5.48,3.33,20.3,2.33,50.0,11.68,10.73,67338.0,95.67,68824,6.68,9.05,,,,,,B,7.95
1836261,9200677,,,,,2024-05-09,,Container,7.0,0.0,11.4,18.4,21.8,0.0,36.55,55.3,8.9,8.2,1.3,16.5,0.0,11.54,4.67,0.0,21.48,0.62,0.0,3.53,28.05,26.15,4.15,75.9,7.9,22.0,2.09,2.09,4.0,8.64,3.34,55.0,7.08,6.84,42114.0,50.6,68824,10.59,9.06,,,,,,E,7.95
1836262,9200677,,,,,2024-05-10,,Container,10.7,0.0,3.3,14.0,33.32,0.0,10.58,41.62,9.5,2.7,1.8,24.91,0.0,4.81,3.74,0.0,4.81,4.67,0.0,0.96,29.72,8.55,5.63,67.5,5.2,15.4,2.91,2.93,4.4,13.04,0.0,80.0,9.59,9.36,58872.8,97.4,68824,8.96,9.06,,,,,,D,7.95
1836263,9200677,,,,,2024-05-11,,Container,13.7,0.0,4.2,17.9,42.66,0.0,13.47,55.51,2.1,11.1,4.7,6.54,0.0,0.0,24.6,0.0,10.26,11.52,0.0,3.21,6.54,34.86,14.73,14.1,1.8,35.8,0.0,0.0,5.0,0.0,0.0,90.0,8.12,8.2,51098.0,50.67,68824,57.2,9.08,,,,,,E,7.95
1836264,9200677,,,,,2024-05-12,,Container,53.1,0.0,0.0,53.1,165.35,0.0,0.0,164.74,47.2,5.9,0.0,146.98,0.0,0.0,18.37,0.0,0.0,0.0,0.0,0.0,146.98,18.37,0.0,273.0,15.0,15.0,18.33,18.2,15.0,68.7,9.2,355.0,12.2,12.3,76647.0,111.0,68824,8.77,9.08,,,,,,D,7.95
1836265,9200677,,,,,2024-05-13,,Container,85.6,0.0,0.0,85.6,266.56,0.0,0.0,265.94,76.1,9.5,0.0,236.98,0.0,0.0,29.58,0.0,0.0,0.0,0.0,0.0,236.98,29.58,0.0,439.0,24.0,24.0,19.58,18.29,15.0,69.9,10.0,354.0,12.3,12.2,76647.0,139.0,68824,8.8,9.08,,,,,,D,7.95
1836266,9200677,,,,,2024-05-14,,Container,79.1,0.0,0.0,79.1,246.32,0.0,0.0,245.7,69.9,9.2,0.0,217.67,0.0,0.0,28.65,0.0,0.0,0.0,0.0,0.0,217.67,28.65,0.0,412.0,23.0,23.0,17.74,17.91,10.0,68.4,9.9,320.0,12.3,11.3,74218.0,139.0,68824,8.66,9.07,,,,,,D,7.95
1836267,9200677,,,,,2024-05-15,,Container,91.1,0.0,0.0,91.1,283.69,0.0,0.0,283.07,81.6,9.5,0.0,254.1,0.0,0.0,29.58,0.0,0.0,0.0,0.0,0.0,254.1,29.58,0.0,429.0,24.0,24.0,18.71,17.88,15.0,71.1,13.4,220.0,12.3,11.3,74218.0,132.0,68824,9.59,9.08,,,,,,E,7.95
1836268,9200677,,,,,2024-05-16,,Container,82.9,0.0,0.0,82.9,258.15,0.0,0.0,257.54,73.6,9.3,0.0,229.19,0.0,0.0,28.96,0.0,0.0,0.0,0.0,0.0,229.19,28.96,0.0,428.0,24.0,25.0,18.33,17.83,10.0,68.9,10.9,80.0,12.3,11.3,74218.0,132.0,68824,8.74,9.07,,,,,,D,7.95
1836269,9200677,,,,,2024-05-17,,Container,82.4,0.0,0.0,82.4,256.59,0.0,0.0,255.98,73.2,9.2,0.0,227.94,0.0,0.0,28.65,0.0,0.0,0.0,0.0,0.0,227.94,28.65,0.0,411.0,23.0,23.0,18.43,17.87,10.0,69.6,11.8,355.0,12.3,11.3,74218.0,132.0,68824,9.05,9.07,,,,,,D,7.95
1836270,9200677,,,,,2024-05-18,,Container,103.0,0.0,0.0,103.0,320.74,0.0,0.0,320.13,93.4,9.6,0.0,290.85,0.0,0.0,29.89,0.0,0.0,0.0,0.0,0.0,290.85,29.89,0.0,436.0,24.0,24.0,19.75,18.17,15.0,74.4,16.0,355.0,12.3,11.3,74218.0,124.0,68824,10.67,9.1,,,,,,E,7.95
1836271,9200677,,,,,2024-05-19,,Container,101.9,0.0,0.0,101.9,317.32,0.0,0.0,316.7,92.2,9.7,0.0,287.11,0.0,0.0,30.21,0.0,0.0,0.0,0.0,0.0,287.11,30.21,0.0,441.0,24.0,24.0,19.83,18.38,30.0,73.6,14.0,357.0,12.2,11.7,75179.0,170.0,68824,10.43,9.11,,,,,,E,7.95
1836272,9200677,,,,,2024-05-20,,Container,90.1,0.0,0.0,90.1,280.57,0.0,0.0,279.96,80.5,9.6,0.0,250.68,0.0,0.0,29.89,0.0,0.0,0.0,0.0,0.0,250.68,29.89,0.0,415.0,24.0,24.0,17.71,17.29,20.0,69.7,14.6,355.0,12.2,11.9,75179.0,170.0,68824,9.8,9.12,,,,,,E,7.95
1836273,9200677,,,,,2024-05-21,,Container,78.2,0.0,0.0,78.2,243.51,0.0,0.0,242.28,66.2,11.2,0.8,206.15,0.0,0.0,34.88,0.0,0.0,2.49,0.0,0.0,206.15,34.88,2.49,384.0,27.4,32.8,8.42,8.13,12.5,33.1,7.75,175.0,12.2,11.9,75179.0,98.0,68824,9.17,9.12,,,,,,D,7.95
1836274,9200677,,,,,2024-05-22,,Container,15.7,0.0,4.6,20.3,48.89,0.0,14.75,62.25,8.0,8.3,4.0,24.91,0.0,0.0,15.26,0.0,10.9,8.72,0.0,3.85,24.91,26.16,12.57,52.3,3.6,35.8,0.0,0.0,6.67,0.0,0.0,30.0,7.13,6.93,41938.0,30.0,68824,17.29,9.14,,,,,,E,7.95
1836275,9200677,,,,,2024-05-23,,Container,42.0,0.0,0.0,42.0,130.79,0.0,0.0,130.41,36.7,5.3,0.0,114.28,0.0,0.0,16.5,0.0,0.0,0.0,0.0,0.0,114.28,16.5,0.0,232.0,12.8,12.8,17.81,18.13,20.0,65.3,4.4,5.0,10.7,10.4,62907.0,194.0,68824,8.17,9.13,,,,,,C,7.95
1836276,9200677,,,,,2024-05-24,,Container,57.0,0.0,0.0,57.0,177.5,0.0,0.0,177.12,45.7,10.1,1.2,142.31,0.0,0.0,31.45,0.0,0.0,3.74,0.0,0.0,142.31,31.45,3.74,396.0,24.0,24.0,15.38,16.5,20.0,57.4,1.0,10.0,10.6,10.4,62907.0,202.0,68824,6.5,9.1,,,,,,A,7.95
1836277,9200677,,,,,2024-05-25,,Container,70.2,0.0,0.0,70.2,218.6,0.0,0.0,217.84,55.0,12.5,2.7,171.27,0.0,0.0,38.92,0.0,0.0,8.41,0.0,0.0,171.27,38.92,8.41,444.9,29.7,33.7,8.09,8.09,5.0,29.0,2.0,95.0,10.6,10.4,62907.0,180.0,68824,7.11,9.07,,,,,,B,7.95
1836278,9200677,,,,,2024-05-26,,Container,8.3,0.0,0.0,8.3,25.85,0.0,0.0,23.59,0.0,5.1,3.2,0.0,0.0,0.0,15.88,0.0,0.0,9.96,0.0,0.0,0.0,15.88,9.96,0.0,0.0,18.3,0.0,0.0,0.0,0.0,0.0,0.0,0.0,0.0,0.0,0.0,68824,,9.08,,,,,,,7.95
1836279,9200677,,,,,2024-05-27,,Container,21.5,0.0,0.0,21.5,66.95,0.0,0.0,56.44,13.0,5.8,2.7,40.48,0.0,0.0,18.06,0.0,0.0,8.41,0.0,0.0,40.48,18.06,8.41,95.0,6.3,28.9,5.68,5.68,8.33,17.87,-3.1,231.67,10.4,9.7,59469.0,122.0,68824,8.63,9.08,,,,,,D,7.95
1836280,9200677,,,,,2024-05-28,,Container,76.2,0.0,0.0,76.2,237.29,0.0,0.0,229.03,58.2,13.8,4.2,181.23,0.0,0.0,42.97,0.0,0.0,13.08,0.0,0.0,181.23,42.97,13.08,494.0,30.5,32.5,16.83,15.68,9.0,59.65,1.9,347.5,10.4,9.7,59469.0,17.0,68824,6.74,9.05,,,,,,B,7.95
1836281,9200677,,,,,2024-05-29,,Container,11.9,0.0,0.0,11.9,37.06,0.0,0.0,32.93,1.8,6.7,3.4,5.61,0.0,0.0,20.86,0.0,0.0,10.59,0.0,0.0,5.61,20.86,10.59,20.0,0.0,17.5,0.0,0.0,0.0,0.0,0.0,0.0,10.4,9.7,59469.0,0.0,68824,23.92,9.05,,,,,,E,7.95
1836282,9200677,,,,,2024-05-30,,Container,24.6,0.0,0.0,24.6,76.6,0.0,0.0,67.66,10.5,9.9,4.2,32.7,0.0,0.0,30.83,0.0,0.0,13.08,0.0,0.0,32.7,30.83,13.08,75.0,20.9,26.0,0.0,0.0,0.0,0.0,0.0,0.0,5.2,4.85,29734.5,0.0,68824,13.11,9.06,,,,,,E,7.95
1836283,9200677,,,,,2024-05-31,,Container,16.0,0.0,0.0,16.0,49.82,0.0,0.0,34.68,1.1,10.0,4.9,3.43,0.0,0.0,31.14,0.0,0.0,15.26,0.0,0.0,3.43,31.14,15.26,8.7,1.3,33.1,0.0,0.0,5.0,0.0,0.0,90.0,7.18,5.47,37438.0,25.67,68824,57.92,9.08,,,,,,E,7.95
1836284,9200677,,,,,2024-06-01,,Container,36.8,0.0,0.0,36.8,114.6,0.0,0.0,109.09,27.0,7.9,1.9,84.08,0.0,0.0,24.6,0.0,0.0,5.92,0.0,0.0,84.08,24.6,5.92,234.0,17.2,17.2,13.08,13.6,30.0,53.6,12.7,355.0,10.8,8.2,56157.0,14.0,68824,6.77,9.06,,,,,,B,7.95
1836285,9200677,,,,,2024-06-02,,Container,53.8,0.0,0.0,53.8,167.53,0.0,0.0,156.52,38.2,12.6,3.0,118.95,0.0,0.0,39.24,0.0,0.0,9.34,0.0,0.0,118.95,39.24,9.34,320.0,26.5,32.0,4.29,4.1,6.67,17.87,0.0,30.0,7.2,5.47,37438.0,90.0,68824,7.11,9.04,,,,,,B,7.95
1836286,9200677,,,,,2024-06-03,,Container,0.0,0.0,12.2,12.2,0.0,0.0,39.11,39.11,0.0,9.0,3.2,0.0,0.0,0.0,0.0,0.0,28.85,0.0,0.0,10.26,0.0,28.85,10.26,0.0,0.0,21.5,0.0,0.0,0.0,0.0,0.0,0.0,0.0,0.0,0.0,0.0,68824,,9.06,,,,,,,7.95
1836287,9200677,,,,,2024-06-04,,Container,16.4,0.0,10.5,26.9,51.07,0.0,33.66,62.47,11.9,11.5,3.5,37.06,0.0,0.0,12.14,0.0,24.37,1.87,0.0,9.3,37.06,36.51,11.17,90.0,7.0,32.0,5.33,5.5,8.0,21.63,4.13,130.0,12.48,12.1,77462.0,27.67,68824,10.09,9.06,,,,,,E,7.95
1836288,9200677,,,,,2024-06-05,,Container,81.5,0.0,0.0,81.5,253.79,0.0,0.0,242.66,67.1,14.4,0.0,208.95,0.0,0.0,44.84,0.0,0.0,0.0,0.0,0.0,208.95,44.84,0.0,411.0,24.0,48.0,17.25,17.13,8.0,66.3,6.8,90.0,12.5,12.1,77462.0,350.0,68824,8.58,9.06,,,,,,D,7.95
1836289,9200677,,,,,2024-06-06,,Container,77.8,0.0,0.0,77.8,242.27,0.0,0.0,231.14,61.7,16.1,0.0,192.13,0.0,0.0,50.14,0.0,0.0,0.0,0.0,0.0,192.13,50.14,0.0,414.0,24.0,48.0,17.29,17.25,10.0,642.0,3.1,150.0,12.5,12.1,77462.0,350.0,68824,8.11,9.04,,,,,,C,7.95
1836290,9200677,,,,,2024-06-07,,Container,72.3,0.0,0.0,72.3,225.14,0.0,0.0,214.01,57.3,15.0,0.0,178.43,0.0,0.0,46.71,0.0,0.0,0.0,0.0,0.0,178.43,46.71,0.0,413.0,24.0,47.0,17.13,17.21,10.0,62.7,1.1,175.0,12.2,12.1,77462.0,305.0,68824,7.53,9.03,,,,,,C,7.95
1836291,9200677,,,,,2024-06-08,,Container,73.5,0.0,0.0,73.5,228.88,0.0,0.0,217.75,56.8,16.7,0.0,176.88,0.0,0.0,52.0,0.0,0.0,0.0,0.0,0.0,176.88,52.0,0.0,410.0,24.0,48.0,17.08,17.08,5.0,62.5,1.3,170.0,12.2,12.1,77462.0,335.0,68824,7.72,9.01,,,,,,C,7.95
1836292,9200677,,,,,2024-06-09,,Container,81.6,0.0,0.0,81.6,254.1,0.0,0.0,242.97,63.4,18.2,0.0,197.43,0.0,0.0,56.67,0.0,0.0,0.0,0.0,0.0,197.43,56.67,0.0,412.0,24.0,48.0,17.42,17.17,10.0,64.9,4.6,160.0,12.2,12.1,77462.0,340.0,68824,8.57,9.01,,,,,,D,7.95
1836293,9200677,,,,,2024-06-10,,Container,92.2,0.0,0.0,92.2,287.11,0.0,0.0,275.98,73.3,18.9,0.0,228.26,0.0,0.0,58.85,0.0,0.0,0.0,0.0,0.0,228.26,58.85,0.0,447.0,25.0,50.0,17.56,17.88,10.0,66.7,3.3,90.0,12.2,12.1,77462.0,333.0,68824,8.97,9.01,,,,,,D,7.95
1836294,9200677,,,,,2024-06-11,,Container,93.3,0.0,0.0,93.3,290.54,0.0,0.0,279.41,74.7,18.6,0.0,232.62,0.0,0.0,57.92,0.0,0.0,0.0,0.0,0.0,232.62,57.92,0.0,430.0,24.0,48.0,17.83,17.92,10.0,68.2,5.2,175.0,12.2,12.1,77462.0,332.0,68824,9.44,9.01,,,,,,D,7.95
1836295,9200677,,,,,2024-06-12,,Container,82.2,0.0,0.0,82.2,255.97,0.0,0.0,244.84,63.7,18.5,0.0,198.36,0.0,0.0,57.61,0.0,0.0,0.0,0.0,0.0,198.36,57.61,0.0,403.0,24.0,48.0,17.29,16.79,15.0,64.1,5.5,195.0,12.2,12.1,77462.0,332.0,68824,8.83,9.01,,,,,,D,7.95
1836296,9200677,,,,,2024-06-13,,Container,83.5,0.0,0.0,83.5,260.02,0.0,0.0,248.89,65.9,17.6,0.0,205.21,0.0,0.0,54.81,0.0,0.0,0.0,0.0,0.0,205.21,54.81,0.0,401.0,24.0,48.0,17.17,16.71,12.0,65.1,7.4,90.0,12.4,12.1,77372.0,348.0,68824,9.02,9.01,,,,,,D,7.95
1836297,9200677,,,,,2024-06-14,,Container,56.7,0.0,0.0,56.7,176.56,0.0,0.0,154.31,38.6,16.7,1.4,120.2,0.0,0.0,52.0,0.0,0.0,4.36,0.0,0.0,120.2,52.0,4.36,242.0,14.5,47.0,8.72,8.5,5.0,32.8,3.25,105.0,12.4,12.1,77372.0,173.5,68824,9.26,9.01,,,,,,D,7.95
1836298,9200677,,,,,2024-06-15,,Container,19.5,0.0,0.0,19.5,60.72,0.0,0.0,49.59,1.6,14.2,3.7,4.98,0.0,0.0,44.22,0.0,0.0,11.52,0.0,0.0,4.98,44.22,11.52,11.0,0.0,25.0,0.0,0.0,0.0,0.0,0.0,0.0,12.4,12.1,77372.0,0.0,68824,65.5,9.03,,,,,,E,7.95
1836299,9200677,,,,,2024-06-16,,Container,17.0,0.0,0.0,17.0,52.94,0.0,0.0,41.81,0.0,13.4,3.6,0.0,0.0,0.0,41.73,0.0,0.0,11.21,0.0,0.0,0.0,41.73,11.21,14.0,2.0,25.0,0.0,0.0,0.0,0.0,0.0,0.0,4.13,4.03,25790.67,0.0,68824,43.39,9.04,,,,,,E,7.95
1836300,9200677,,,,,2024-06-17,,Container,26.3,0.0,0.0,26.3,81.9,0.0,0.0,62.8,8.8,14.3,3.2,27.4,0.0,0.0,44.53,0.0,0.0,9.96,0.0,0.0,27.4,44.53,9.96,90.0,15.5,38.0,0.0,0.0,0.0,0.0,0.0,0.0,6.2,6.05,38686.0,0.0,68824,10.14,9.04,,,,,,E,7.95
1836301,9200677,,,,,2024-06-18,,Container,29.8,0.0,0.0,29.8,92.8,0.0,0.0,75.22,15.6,11.4,2.8,48.58,0.0,0.0,35.5,0.0,0.0,8.72,0.0,0.0,48.58,35.5,8.72,107.7,8.0,26.0,4.9,4.81,5.67,18.63,2.3,11.67,12.0,12.0,74757.0,139.0,68824,10.15,9.05,,,,,,E,7.95
1836302,9200677,,,,,2024-06-19,,Container,69.0,0.0,0.0,69.0,214.87,0.0,0.0,205.26,55.0,13.5,0.5,171.27,0.0,0.0,42.04,0.0,0.0,1.56,0.0,0.0,171.27,42.04,1.56,369.0,22.5,27.5,8.43,8.52,6.0,32.25,2.3,170.0,12.0,12.0,74757.0,135.0,68824,8.08,9.04,,,,,,C,7.95
1836303,9200677,,,,,2024-06-20,,Container,24.1,0.0,0.0,24.1,75.05,0.0,0.0,57.71,4.6,15.1,4.4,14.32,0.0,0.0,47.02,0.0,0.0,13.7,0.0,0.0,14.32,47.02,13.7,57.0,6.8,38.9,0.0,0.0,1.67,0.0,0.0,28.33,5.8,5.77,35626.17,17.33,68824,14.71,9.04,,,,,,E,7.95
1836304,9200677,,,,,2024-06-21,,Container,52.7,0.0,0.0,52.7,164.11,0.0,0.0,156.38,42.0,10.7,0.0,130.79,0.0,0.0,33.32,0.0,0.0,0.0,0.0,0.0,130.79,33.32,0.0,325.0,20.3,20.3,16.48,16.35,10.0,59.45,0.85,145.0,11.4,11.3,69500.0,179.0,68824,6.99,9.03,,,,,,B,7.95
1836305,9200677,,,,,2024-06-22,,Container,11.1,0.0,0.0,11.1,34.57,0.0,0.0,30.7,0.5,8.1,2.5,1.56,0.0,0.0,25.22,0.0,0.0,7.78,0.0,0.0,1.56,25.22,7.78,7.0,1.1,18.5,0.0,0.0,0.0,0.0,0.0,0.0,11.4,11.3,69500.0,0.0,68824,63.72,9.04,,,,,,E,7.95
1836306,9200677,,,,,2024-06-23,,Container,13.7,0.0,0.0,13.7,42.66,0.0,0.0,38.8,0.0,10.4,3.3,0.0,0.0,0.0,32.39,0.0,0.0,10.28,0.0,0.0,0.0,32.39,10.28,0.0,0.0,24.0,0.0,0.0,0.0,0.0,0.0,0.0,11.4,11.3,69500.0,0.0,68824,,9.05,,,,,,,7.95
1836307,9200677,,,,,2024-06-24,,Container,19.4,0.0,4.7,24.1,60.41,0.0,15.07,69.05,10.8,10.5,2.8,33.63,0.0,0.0,22.73,0.0,10.26,4.05,0.0,4.81,33.63,32.99,8.86,109.0,13.2,32.2,0.0,0.0,0.0,0.0,0.0,0.0,5.7,5.65,34750.0,0.0,68824,9.2,9.05,,,,,,D,7.95
1836308,9200677,,,,,2024-06-25,,Container,35.2,0.0,0.0,35.2,109.61,0.0,0.0,102.67,16.1,14.7,4.4,50.14,0.0,0.0,45.78,0.0,0.0,13.7,0.0,0.0,50.14,45.78,13.7,211.0,23.1,41.6,3.75,3.78,6.0,13.96,0.94,126.0,11.28,9.92,65790.0,115.6,68824,7.07,9.04,,,,,,B,7.95
1836309,9200677,,,,,2024-06-26,,Container,12.4,0.0,0.0,12.4,38.61,0.0,0.0,36.56,4.0,6.2,2.2,12.46,0.0,0.0,19.31,0.0,0.0,6.85,0.0,0.0,12.46,19.31,6.85,35.3,4.9,19.8,0.0,0.0,5.0,0.0,0.0,157.5,12.2,11.2,73551.0,46.0,68824,15.05,9.05,,,,,,E,7.95
1836310,9200677,,,,,2024-06-27,,Container,72.3,0.0,0.0,72.3,225.14,0.0,0.0,224.15,61.2,11.0,0.1,190.58,0.0,0.0,34.25,0.0,0.0,0.31,0.0,0.0,190.58,34.25,0.31,371.0,22.0,22.0,16.59,16.86,5.0,65.7,7.4,190.0,12.3,11.3,73551.0,230.0,68824,8.78,9.04,,,,,,D,7.95
1836311,9200677,,,,,2024-06-28,,Container,0.0,0.0,46.3,46.3,0.0,0.0,148.44,144.74,35.6,9.6,1.1,0.0,0.0,114.13,0.0,0.0,30.78,0.0,0.0,3.53,114.13,30.78,3.53,464.4,30.5,40.1,4.33,4.27,4.5,16.7,1.98,120.0,12.15,11.65,73551.0,127.5,68824,4.53,8.99,,,,,,A,7.95
1836312,9200677,,,,,2024-06-29,,Container,0.0,0.0,19.9,19.9,0.0,0.0,63.8,60.97,7.8,9.7,2.4,0.0,0.0,25.01,0.0,0.0,31.1,0.0,0.0,7.69,25.01,31.1,7.69,94.6,13.1,28.6,1.44,1.56,3.0,6.52,2.8,42.0,9.76,9.66,59945.2,90.0,68824,9.36,8.99,,,,,,D,7.95
1836313,9200677,,,,,2024-06-30,,Container,0.0,0.0,18.4,18.4,0.0,0.0,58.99,55.79,9.2,7.4,1.8,0.0,0.0,29.5,0.0,0.0,23.72,0.0,0.0,5.77,29.5,23.72,5.77,71.1,7.0,22.3,3.21,3.14,6.0,11.98,-1.2,41.0,10.04,9.96,62917.6,94.2,68824,11.4,9.0,,,,,,E,7.95
1836314,9200677,,,,,2024-07-01,,Container,61.91,0.0,0.0,61.91,192.79,0.0,0.0,192.14,53.0,8.91,0.0,165.04,0.0,0.0,27.75,0.0,0.0,0.0,0.0,0.0,165.04,27.75,0.0,326.0,18.5,18.5,17.73,17.62,15.0,65.3,2.6,170.0,12.7,12.7,80982.0,111.0,68824,8.56,8.99,,,,,,D,7.95
1229264,9200677,,,,,2022-11-12,,Container,0.0,18.7,0.0,18.7,0.0,58.92,0.0,58.92,3.2,10.4,5.1,0.0,10.08,0.0,0.0,32.77,0.0,0.0,16.07,0.0,10.08,32.77,16.07,37.4,15.93,,0.0,0.0,2.92,0.0,0.0,9.15,6.55,6.03,39257.46,10.62,68824,22.89,26.11,,,,,,E,8.29
1229265,9200677,,,,,2022-11-13,,Container,0.0,76.8,0.0,76.8,0.0,242.0,0.0,242.0,72.2,4.6,0.0,0.0,227.5,0.0,0.0,14.49,0.0,0.0,0.0,0.0,227.5,14.49,0.0,324.3,17.0,,2.79,2.73,1.57,10.74,1.8,6.43,1.77,1.74,11080.86,31.57,68824,10.84,12.95,,,,,,E,8.29
1229266,9200677,,,,,2022-11-14,,Container,0.0,104.0,0.0,104.0,0.0,327.7,0.0,327.7,97.5,6.5,0.0,0.0,307.22,0.0,0.0,20.48,0.0,0.0,0.0,0.0,307.22,20.48,0.0,438.0,24.0,,19.15,18.25,12.0,74.7,15.9,50.0,12.4,12.2,77566.0,224.0,68824,10.87,11.83,,,,,,E,8.29
1229267,9200677,,,,,2022-11-15,,Container,0.0,104.6,0.0,104.6,0.0,329.59,0.0,329.59,97.7,6.9,0.0,0.0,307.85,0.0,0.0,21.74,0.0,0.0,0.0,0.0,307.85,21.74,0.0,458.5,24.0,,19.73,19.1,8.0,74.8,12.1,20.0,12.4,12.2,77566.0,225.0,68824,10.44,11.33,,,,,,E,8.29
1229268,9200677,,,,,2022-11-16,,Container,0.0,103.6,0.0,103.6,0.0,326.44,0.0,326.44,96.8,6.8,0.0,0.0,305.02,0.0,0.0,21.43,0.0,0.0,0.0,0.0,305.02,21.43,0.0,469.8,24.0,,20.19,19.58,12.0,74.8,10.0,40.0,12.4,12.2,77566.0,225.0,68824,10.1,11.0,,,,,,E,8.29
1229269,9200677,,,,,2022-11-17,,Container,0.0,82.2,0.0,82.2,0.0,259.01,0.0,259.01,75.2,7.0,0.0,0.0,236.96,0.0,0.0,22.06,0.0,0.0,0.0,0.0,236.96,22.06,0.0,474.0,25.0,,19.21,18.96,8.0,66.7,11.4,80.0,12.41,11.95,77566.0,225.0,68824,7.94,10.34,,,,,,C,8.29
1229270,9200677,,,,,2022-11-18,,Container,0.0,72.9,0.0,72.9,0.0,229.71,0.0,229.71,66.1,6.8,0.0,0.0,208.28,0.0,0.0,21.43,0.0,0.0,0.0,0.0,208.28,21.43,0.0,369.9,24.0,,17.18,15.41,9.0,65.0,12.4,40.0,12.41,11.95,77566.0,225.0,68824,9.02,10.16,,,,,,D,8.29
1229271,9200677,,,,,2022-11-19,,Container,0.0,72.3,0.0,72.3,0.0,227.82,0.0,227.82,65.5,6.8,0.0,0.0,206.39,0.0,0.0,21.43,0.0,0.0,0.0,0.0,206.39,21.43,0.0,422.5,24.0,,17.26,17.6,7.0,64.8,6.5,160.0,12.41,11.95,77566.0,244.0,68824,7.83,9.83,,,,,,C,8.29
1229272,9200677,,,,,2022-11-20,,Container,0.0,76.8,0.0,76.8,0.0,242.0,0.0,242.0,70.1,6.7,0.0,0.0,220.89,0.0,0.0,21.11,0.0,0.0,0.0,0.0,220.89,21.11,0.0,401.7,24.0,,16.29,16.74,23.0,64.8,11.1,12.0,12.41,11.95,77566.0,244.0,68824,8.75,9.7,,,,,,C,8.29
1229273,9200677,,,,,2022-11-21,,Container,0.0,77.7,0.0,77.7,0.0,244.83,0.0,244.83,70.9,6.8,0.0,0.0,223.41,0.0,0.0,21.43,0.0,0.0,0.0,0.0,223.41,21.43,0.0,408.1,25.0,,16.8,16.32,18.0,64.8,13.2,120.0,12.41,11.95,77566.0,244.0,68824,8.72,9.6,,,,,,C,8.29
1229274,9200677,,,,,2022-11-22,,Container,0.0,74.3,0.0,74.3,0.0,234.12,0.0,234.12,67.9,6.4,0.0,0.0,213.95,0.0,0.0,20.17,0.0,0.0,0.0,0.0,213.95,20.17,0.0,421.3,24.0,,16.38,17.55,6.0,64.7,6.6,35.0,12.41,11.95,77566.0,261.0,68824,8.07,9.45,,,,,,C,8.29
1229275,9200677,,,,,2022-11-23,,Container,0.0,70.6,0.0,70.6,0.0,222.46,0.0,222.46,64.1,6.5,0.0,0.0,201.98,0.0,0.0,20.48,0.0,0.0,0.0,0.0,201.98,20.48,0.0,398.0,24.0,,16.5,16.58,13.0,63.9,10.7,20.0,12.41,11.95,77566.0,335.0,68824,8.12,9.33,,,,,,C,8.29
1229276,9200677,,,,,2022-11-24,,Container,0.0,53.5,0.0,53.5,0.0,168.58,0.0,168.58,45.6,7.7,0.2,0.0,143.69,0.0,0.0,24.26,0.0,0.0,0.63,0.0,143.69,24.26,0.63,359.2,25.0,,14.48,14.37,10.0,54.8,9.8,170.0,12.41,11.95,77566.0,336.0,68824,6.82,9.15,,,,,,A,8.29
1229277,9200677,,,,,2022-11-25,,Container,0.0,48.1,0.0,48.1,0.0,151.56,0.0,151.56,38.4,7.4,2.3,0.0,121.0,0.0,0.0,23.32,0.0,0.0,7.25,0.0,121.0,23.32,7.25,330.1,24.0,,13.89,13.75,20.0,51.7,8.5,170.0,12.41,11.95,77566.0,338.0,68824,6.67,9.0,,,,,,A,8.29
1229278,9200677,,,,,2022-11-26,,Container,0.0,38.1,0.0,38.1,0.0,120.05,0.0,120.05,27.8,7.5,2.8,0.0,87.6,0.0,0.0,23.63,0.0,0.0,8.82,0.0,87.6,23.63,8.82,310.0,24.0,,12.17,12.92,17.0,45.3,9.4,180.0,12.41,11.95,77566.0,342.0,68824,5.63,8.81,,,,,,A,8.29
1229279,9200677,,,,,2022-11-27,,Container,0.0,37.6,0.0,37.6,0.0,118.48,0.0,118.48,27.5,7.4,2.7,0.0,86.65,0.0,0.0,23.32,0.0,0.0,8.51,0.0,86.65,23.32,8.51,281.7,24.0,,12.04,11.74,8.0,44.8,10.0,175.0,12.41,11.95,77566.0,342.0,68824,6.11,8.68,,,,,,A,8.29
1229280,9200677,,,,,2022-11-28,,Container,0.0,41.0,0.0,41.0,0.0,129.19,0.0,129.19,30.1,8.1,2.8,0.0,94.85,0.0,0.0,25.52,0.0,0.0,8.82,0.0,94.85,25.52,8.82,306.5,25.0,,12.54,12.26,6.0,46.0,8.3,175.0,12.41,11.95,77566.0,342.0,68824,6.12,8.56,,,,,,A,8.29
1229281,9200677,,,,,2022-11-29,,Container,0.0,37.8,0.0,37.8,0.0,119.11,0.0,119.11,27.6,7.8,2.4,0.0,86.97,0.0,0.0,24.58,0.0,0.0,7.56,0.0,86.97,24.58,7.56,297.1,24.0,,12.59,12.38,6.0,45.1,5.4,160.0,12.41,11.95,77566.0,342.0,68824,5.83,8.43,,,,,,A,8.29
1229282,9200677,,,,,2022-11-30,,Container,0.0,37.9,0.0,37.9,0.0,119.42,0.0,119.42,27.5,7.7,2.7,0.0,86.65,0.0,0.0,24.26,0.0,0.0,8.51,0.0,86.65,24.26,8.51,289.6,24.0,,12.25,12.07,8.0,45.1,8.1,170.0,12.41,11.95,77566.0,342.0,68824,5.99,8.33,,,,,,A,8.29
1229283,9200677,,,,,2022-12-01,,Container,0.0,44.3,0.0,44.3,0.0,139.59,0.0,139.59,31.0,10.5,2.8,0.0,97.68,0.0,0.0,33.09,0.0,0.0,8.82,0.0,97.68,33.09,8.82,253.2,17.8,,1.48,1.52,0.5,5.9,1.15,16.0,3.72,3.58,23269.8,0.0,68824,8.01,8.32,,,,,,C,8.29
1229285,9200677,,,,,2022-12-03,,Container,0.0,28.1,0.0,28.1,0.0,88.54,0.0,88.54,13.5,10.6,4.0,0.0,42.54,0.0,0.0,33.4,0.0,0.0,12.6,0.0,42.54,33.4,12.6,101.4,18.0,,1.69,1.63,1.33,7.68,1.69,11.83,4.2,3.8,24906.67,49.0,68824,12.69,8.42,,,,,,E,8.29
1229286,9200677,,,,,2022-12-04,,Container,0.0,19.4,0.0,19.4,0.0,61.13,0.0,61.13,12.7,5.0,1.7,0.0,40.02,0.0,0.0,15.76,0.0,0.0,5.36,0.0,40.02,15.76,5.36,87.1,16.3,,3.18,3.3,1.7,7.73,1.87,9.5,4.96,4.0,28073.6,76.8,68824,10.2,8.44,,,,,,E,8.29
1229287,9200677,,,,,2022-12-05,,Container,0.0,10.3,0.0,10.3,0.0,32.46,0.0,32.46,1.1,6.1,3.1,0.0,3.47,0.0,0.0,19.22,0.0,0.0,9.77,0.0,3.47,19.22,9.77,16.1,2.2,,0.0,0.0,0.0,0.0,0.0,0.0,12.4,10.0,70184.0,0.0,68824,29.29,8.49,,,,,,E,8.29
1229288,9200677,,,,,2022-12-06,,Container,0.0,12.1,0.0,12.1,0.0,38.13,0.0,38.13,1.8,7.0,3.3,0.0,5.67,0.0,0.0,22.06,0.0,0.0,10.4,0.0,5.67,22.06,10.4,16.8,6.3,,0.0,0.0,0.0,0.0,0.0,0.0,4.13,3.33,23394.67,0.0,68824,32.98,8.54,,,,,,E,8.29
1229290,9200677,,,,,2022-12-08,,Container,0.0,14.1,0.0,14.1,0.0,44.43,0.0,44.43,2.7,8.2,3.2,0.0,8.51,0.0,0.0,25.84,0.0,0.0,10.08,0.0,8.51,25.84,10.08,31.8,13.0,,0.0,0.0,2.0,0.0,0.0,7.5,8.18,8.1,48852.75,49.0,68824,20.3,8.68,,,,,,E,8.29
1229291,9200677,,,,,2022-12-09,,Container,0.0,24.3,0.0,24.3,0.0,76.57,0.0,76.57,15.5,6.9,1.9,0.0,48.84,0.0,0.0,21.74,0.0,0.0,5.99,0.0,48.84,21.74,5.99,97.4,19.0,,1.1,1.08,0.94,4.24,0.76,2.65,3.15,3.12,18745.47,29.24,68824,11.42,8.72,,,,,,E,8.29
1229292,9200677,,,,,2022-12-10,,Container,0.0,74.2,0.0,74.2,0.0,233.8,0.0,233.8,68.4,5.8,0.0,0.0,215.53,0.0,0.0,18.28,0.0,0.0,0.0,0.0,215.53,18.28,0.0,365.0,18.5,,19.95,19.73,7.0,74.0,8.3,20.0,10.4,10.3,61631.0,126.0,68824,9.31,8.75,,,,,,D,8.29
1229293,9200677,,,,,2022-12-11,,Container,0.0,96.3,0.0,96.3,0.0,303.44,0.0,303.44,88.9,7.4,0.0,0.0,280.12,0.0,0.0,23.32,0.0,0.0,0.0,0.0,280.12,23.32,0.0,471.2,24.0,,19.8,19.63,9.0,74.2,8.9,5.0,10.4,10.3,61631.0,126.0,68824,9.36,8.78,,,,,,D,8.29
1229294,9200677,,,,,2022-12-12,,Container,0.0,83.9,0.0,83.9,0.0,264.37,0.0,264.37,76.2,7.4,0.3,0.0,240.11,0.0,0.0,23.32,0.0,0.0,0.95,0.0,240.11,23.32,0.95,403.1,22.1,,9.56,9.62,3.5,36.75,4.95,20.0,10.4,10.3,61631.0,73.0,68824,9.53,8.82,,,,,,D,8.29
1229295,9200677,,,,,2022-12-13,,Container,0.0,9.9,0.0,9.9,0.0,31.19,0.0,31.19,0.4,7.0,2.5,0.0,1.26,0.0,0.0,22.06,0.0,0.0,7.88,0.0,1.26,22.06,7.88,2.9,0.7,,0.0,0.0,0.0,0.0,0.0,0.0,10.4,10.3,61631.0,0.0,68824,156.27,8.87,,,,,,E,8.29
1229301,9200677,,,,,2022-12-19,,Container,0.0,13.8,0.0,13.8,0.0,43.48,0.0,43.48,0.5,9.9,3.4,0.0,1.58,0.0,0.0,31.19,0.0,0.0,10.71,0.0,1.58,31.19,10.71,5.3,8.0,,0.0,0.0,0.0,0.0,0.0,0.0,3.47,3.43,20543.67,0.0,68824,119.2,9.18,,,,,,E,8.29
1229303,9200677,,,,,2022-12-21,,Container,0.0,14.2,0.0,14.2,0.0,44.74,0.0,44.74,0.9,9.1,4.2,0.0,2.84,0.0,0.0,28.67,0.0,0.0,13.23,0.0,2.84,28.67,13.23,5.0,10.3,,0.0,0.0,1.11,0.0,0.0,13.33,3.31,2.41,16101.22,29.44,68824,130.01,9.28,,,,,,E,8.29
1229304,9200677,,,,,2022-12-22,,Container,0.0,48.0,0.0,48.0,0.0,151.25,0.0,151.25,44.4,3.6,0.0,0.0,139.9,0.0,0.0,11.34,0.0,0.0,0.0,0.0,139.9,11.34,0.0,261.3,13.5,,20.1,19.36,13.0,71.4,6.7,40.0,9.68,5.68,41640.0,180.0,68824,8.41,9.25,,,,,,C,8.29
1229305,9200677,,,,,2022-12-23,,Container,0.0,72.8,0.0,72.8,0.0,229.39,0.0,229.39,66.7,6.1,0.0,0.0,210.17,0.0,0.0,19.22,0.0,0.0,0.0,0.0,210.17,19.22,0.0,428.0,24.0,,19.5,17.83,19.0,66.9,8.2,20.0,9.68,5.68,41640.0,159.0,68824,7.79,9.19,,,,,,B,8.29
1229306,9200677,,,,,2022-12-24,,Container,0.0,69.3,0.0,69.3,0.0,218.36,0.0,218.36,63.3,6.0,0.0,0.0,199.46,0.0,0.0,18.91,0.0,0.0,0.0,0.0,199.46,18.91,0.0,400.0,23.0,,18.9,17.39,22.0,65.9,11.5,15.0,9.68,5.68,41640.0,159.0,68824,7.93,9.14,,,,,,C,8.29
1229307,9200677,,,,,2022-12-25,,Container,0.0,73.1,0.0,73.1,0.0,230.34,0.0,230.34,66.9,6.2,0.0,0.0,210.8,0.0,0.0,19.54,0.0,0.0,0.0,0.0,210.8,19.54,0.0,399.3,24.0,,18.81,16.64,20.2,65.8,12.9,0.0,9.68,5.68,41640.0,159.0,68824,8.38,9.11,,,,,,C,8.29
1229308,9200677,,,,,2022-12-26,,Container,0.0,70.1,0.0,70.1,0.0,220.89,0.0,220.89,63.9,6.2,0.0,0.0,201.35,0.0,0.0,19.54,0.0,0.0,0.0,0.0,201.35,19.54,0.0,382.4,24.0,,18.22,15.93,25.0,64.4,14.8,30.0,9.68,5.68,41640.0,98.0,68824,8.39,9.08,,,,,,C,8.29
1229309,9200677,,,,,2022-12-27,,Container,0.0,69.0,0.0,69.0,0.0,217.42,0.0,217.42,62.8,6.2,0.0,0.0,197.88,0.0,0.0,19.54,0.0,0.0,0.0,0.0,197.88,19.54,0.0,379.7,24.0,,19.17,15.82,37.0,64.7,15.8,5.0,9.68,5.68,41640.0,44.0,68824,8.32,9.05,,,,,,C,8.29
1229310,9200677,,,,,2022-12-28,,Container,0.0,93.7,0.0,93.7,0.0,295.25,0.0,295.25,87.5,6.1,0.1,0.0,275.71,0.0,0.0,19.22,0.0,0.0,0.32,0.0,275.71,19.22,0.32,374.0,24.0,,19.21,15.58,35.0,76.1,25.1,2.0,9.68,5.68,41640.0,55.0,68824,11.47,9.13,,,,,,E,8.29
1229311,9200677,,,,,2022-12-29,,Container,0.0,58.4,0.0,58.4,0.0,184.02,0.0,184.02,51.0,7.4,0.0,0.0,160.7,0.0,0.0,23.32,0.0,0.0,0.0,0.0,160.7,23.32,0.0,360.0,24.0,,18.46,15.0,8.0,59.7,15.4,5.0,9.68,5.68,41640.0,27.0,68824,7.43,9.08,,,,,,B,8.29
1229312,9200677,,,,,2022-12-30,,Container,0.0,54.4,0.0,54.4,0.0,171.41,0.0,171.41,47.2,7.2,0.0,0.0,148.73,0.0,0.0,22.69,0.0,0.0,0.0,0.0,148.73,22.69,0.0,393.3,23.0,,18.7,17.1,7.5,57.7,22.2,20.0,9.68,5.68,41640.0,29.0,68824,6.33,8.99,,,,,,A,8.29
1229313,9200677,,,,,2022-12-31,,Container,0.0,46.8,0.0,46.8,0.0,147.47,0.0,147.47,39.4,7.4,0.0,0.0,124.15,0.0,0.0,23.32,0.0,0.0,0.0,0.0,124.15,23.32,0.0,330.0,24.0,,9.04,6.88,3.8,27.85,7.5,71.0,4.84,2.84,20820.0,13.0,68824,6.49,8.92,,,,,,A,8.29
1836315,9200677,,,,,2024-07-02,,Container,85.6,0.0,0.0,85.6,266.56,0.0,0.0,265.91,74.4,11.2,0.0,231.68,0.0,0.0,34.88,0.0,0.0,0.0,0.0,0.0,231.68,34.88,0.0,420.0,24.0,24.0,18.08,17.5,15.0,67.8,6.9,10.0,12.7,12.7,80982.0,139.0,68824,9.2,9.0,,,,,,D,7.95
1836316,9200677,,,,,2024-07-03,,Container,84.2,0.0,0.0,84.2,262.2,0.0,0.0,261.55,73.6,10.6,0.0,229.19,0.0,0.0,33.01,0.0,0.0,0.0,0.0,0.0,229.19,33.01,0.0,419.0,24.0,24.0,17.71,17.46,10.0,68.0,7.3,5.0,12.7,12.7,80982.0,139.0,68824,9.07,9.0,,,,,,D,7.95
1836317,9200677,,,,,2024-07-04,,Container,81.9,0.0,0.0,81.9,255.04,0.0,0.0,254.39,71.7,10.2,0.0,223.27,0.0,0.0,31.76,0.0,0.0,0.0,0.0,0.0,223.27,31.76,0.0,417.0,23.0,23.0,18.0,18.13,10.0,68.7,4.8,160.0,12.5,12.4,80982.0,132.0,68824,8.86,9.0,,,,,,D,7.95
1836318,9200677,,,,,2024-07-05,,Container,72.5,0.0,0.0,72.5,225.76,0.0,0.0,225.12,61.4,11.1,0.0,191.2,0.0,0.0,34.57,0.0,0.0,0.0,0.0,0.0,191.2,34.57,0.0,426.0,24.0,24.0,17.33,17.75,8.0,64.0,-0.1,5.0,12.5,12.4,80982.0,132.0,68824,7.68,8.98,,,,,,C,7.95
1836319,9200677,,,,,2024-07-06,,Container,77.9,0.0,0.0,77.9,242.58,0.0,0.0,241.94,67.8,10.1,0.0,211.13,0.0,0.0,31.45,0.0,0.0,0.0,0.0,0.0,211.13,31.45,0.0,393.0,23.0,23.0,16.91,17.09,15.0,66.8,7.8,5.0,12.7,12.4,54922.0,132.0,68824,8.94,8.98,,,,,,D,7.95
1836320,9200677,,,,,2024-07-07,,Container,106.7,0.0,0.0,106.7,332.26,0.0,0.0,331.62,96.5,10.2,0.0,300.5,0.0,0.0,31.76,0.0,0.0,0.0,0.0,0.0,300.5,31.76,0.0,414.0,24.0,24.0,18.0,17.25,22.0,73.4,15.2,5.0,12.7,12.2,54922.0,126.0,68824,11.64,9.01,,,,,,E,7.95
1836321,9200677,,,,,2024-07-08,,Container,87.3,0.0,0.0,87.3,271.85,0.0,0.0,271.21,76.8,10.5,0.0,239.16,0.0,0.0,32.7,0.0,0.0,0.0,0.0,0.0,239.16,32.7,0.0,389.0,24.0,24.0,17.04,16.21,20.0,67.1,12.9,290.0,12.7,12.1,79131.0,170.0,68824,10.13,9.02,,,,,,E,7.95
1836322,9200677,,,,,2024-07-09,,Container,60.3,0.0,0.0,60.3,187.77,0.0,0.0,187.13,49.3,11.0,0.0,153.52,0.0,0.0,34.25,0.0,0.0,0.0,0.0,0.0,153.52,34.25,0.0,316.0,24.0,24.0,14.96,13.17,20.0,56.2,15.5,350.0,12.7,12.1,79131.0,170.0,68824,8.6,9.01,,,,,,D,7.95
1836323,9200677,,,,,2024-07-10,,Container,74.4,0.0,0.0,74.4,231.68,0.0,0.0,231.04,63.7,10.7,0.0,198.36,0.0,0.0,33.32,0.0,0.0,0.0,0.0,0.0,198.36,33.32,0.0,371.0,24.0,25.0,16.75,15.46,10.0,59.7,6.6,350.0,12.7,12.1,79131.0,180.0,68824,9.05,9.01,,,,,,D,7.95
1836324,9200677,,,,,2024-07-11,,Container,40.5,0.0,2.0,42.5,126.12,0.0,6.41,130.68,32.7,8.6,1.2,101.83,0.0,0.0,22.42,0.0,4.49,1.87,0.0,1.92,101.83,26.91,3.79,260.4,19.5,31.5,5.19,4.91,5.0,18.73,1.8,113.33,8.47,8.07,52754.0,65.67,68824,7.29,9.0,,,,,,B,7.95
1836325,9200677,,,,,2024-07-12,,Container,16.9,0.0,7.0,23.9,52.63,0.0,22.44,73.63,13.4,9.0,1.5,41.73,0.0,0.0,10.9,0.0,17.63,0.0,0.0,4.81,41.73,28.53,4.81,81.3,5.5,28.2,5.37,5.56,6.67,16.67,-6.7,66.67,11.8,10.7,66301.0,85.67,68824,13.16,9.01,,,,,,E,7.95
1836326,9200677,,,,,2024-07-13,,Container,62.8,0.0,0.0,62.8,195.56,0.0,0.0,195.12,55.0,7.8,0.0,171.27,0.0,0.0,24.29,0.0,0.0,0.0,0.0,0.0,171.27,24.29,0.0,392.0,24.0,24.0,15.63,16.33,27.0,59.5,1.0,10.0,11.8,10.7,66301.0,202.0,68824,7.23,9.0,,,,,,B,7.95
1836327,9200677,,,,,2024-07-14,,Container,94.2,0.0,0.0,94.2,293.34,0.0,0.0,292.9,86.6,7.6,0.0,269.67,0.0,0.0,23.67,0.0,0.0,0.0,0.0,0.0,269.67,23.67,0.0,386.0,24.0,24.0,16.38,16.08,28.0,67.8,14.4,355.0,11.3,10.4,66301.0,254.0,68824,11.03,9.01,,,,,,E,7.95
1836328,9200677,,,,,2024-07-15,,Container,50.0,0.0,0.0,50.0,155.7,0.0,0.0,154.38,38.3,11.0,0.7,119.27,0.0,0.0,34.25,0.0,0.0,2.18,0.0,0.0,119.27,34.25,2.18,274.0,30.7,35.7,5.71,5.94,16.67,30.13,18.5,170.0,11.3,10.4,66301.0,232.0,68824,8.19,9.01,,,,,,C,7.95
1836329,9200677,,,,,2024-07-16,,Container,0.0,0.0,7.0,7.0,0.0,0.0,22.44,21.28,0.0,5.5,1.5,0.0,0.0,0.0,0.0,0.0,17.63,0.0,0.0,4.81,0.0,17.63,4.81,0.0,0.0,17.3,0.0,0.0,0.0,0.0,0.0,0.0,0.0,0.0,0.0,0.0,68824,,9.02,,,,,,,7.95
1836330,9200677,,,,,2024-07-17,,Container,12.4,0.0,8.9,21.3,38.61,0.0,28.53,64.17,9.8,8.4,3.1,30.52,0.0,0.0,7.16,0.0,19.56,0.93,0.0,8.98,30.52,26.72,9.91,52.0,4.5,32.5,0.0,0.0,12.5,0.0,0.0,10.0,10.5,10.0,60108.0,77.5,68824,17.93,9.03,,,,,,E,7.95
1836331,9200677,,,,,2024-07-18,,Container,54.1,0.0,0.0,54.1,168.47,0.0,0.0,166.65,47.7,6.4,0.0,148.54,0.0,0.0,19.93,0.0,0.0,0.0,0.0,0.0,148.54,19.93,0.0,342.0,20.0,20.0,16.95,17.1,20.0,60.8,-1.4,340.0,10.5,9.7,60108.0,17.0,68824,7.08,9.01,,,,,,B,7.95
1836332,9200677,,,,,2024-07-19,,Container,36.3,0.0,3.75,40.05,113.04,0.0,12.02,119.56,31.4,7.6,1.05,97.78,0.0,0.0,15.26,0.0,8.66,0.0,0.0,3.37,97.78,23.91,3.37,213.0,14.0,27.0,6.11,5.53,6.67,0.0,0.0,90.0,7.0,6.47,40072.0,107.0,68824,8.16,9.01,,,,,,C,7.95
1836333,9200677,,,,,2024-07-20,,Container,0.0,0.0,5.6,5.6,0.0,0.0,17.95,16.08,0.0,3.6,2.0,0.0,0.0,0.0,0.0,0.0,11.54,0.0,0.0,6.41,0.0,11.54,6.41,0.0,0.0,24.0,0.0,0.0,0.0,0.0,0.0,0.0,0.0,0.0,0.0,0.0,68824,,9.01,,,,,,,7.95
1836334,9200677,,,,,2024-07-21,,Container,17.9,0.0,0.0,17.9,55.74,0.0,0.0,50.29,7.3,8.9,1.7,22.73,0.0,0.0,27.71,0.0,0.0,5.29,0.0,0.0,22.73,27.71,5.29,61.8,4.5,34.5,6.11,6.11,10.0,18.07,-7.3,148.33,10.1,8.9,55413.0,43.33,68824,11.82,9.02,,,,,,E,7.95
1836335,9200677,,,,,2024-07-22,,Container,68.3,0.0,0.0,68.3,212.69,0.0,0.0,207.24,56.3,11.8,0.2,175.32,0.0,0.0,36.75,0.0,0.0,0.62,0.0,0.0,175.32,36.75,0.62,500.0,35.2,41.1,9.38,9.53,9.0,36.83,4.5,208.33,10.1,8.9,55413.0,206.0,68824,6.02,8.98,,,,,,A,7.95
1836336,9200677,,,,,2024-07-23,,Container,11.1,0.0,10.5,21.6,34.57,0.0,33.66,55.96,9.0,9.9,2.7,28.03,0.0,0.0,5.92,0.0,25.65,0.62,0.0,8.02,28.03,31.56,8.64,52.2,4.2,26.2,0.0,0.0,3.33,0.0,0.0,30.0,7.47,6.6,42385.33,23.33,68824,15.58,8.99,,,,,,E,7.95
1836337,9200677,,,,,2024-07-24,,Container,44.4,0.0,0.0,44.4,138.26,0.0,0.0,133.14,36.2,8.2,0.0,112.73,0.0,0.0,25.53,0.0,0.0,0.0,0.0,0.0,112.73,25.53,0.0,251.0,14.8,29.6,17.36,16.96,15.0,61.7,0.8,170.0,11.2,9.9,63578.0,360.0,68824,7.71,8.98,,,,,,C,7.95
1836338,9200677,,,,,2024-07-25,,Container,72.5,0.0,0.0,72.5,225.76,0.0,0.0,220.64,59.4,13.1,0.0,184.97,0.0,0.0,40.79,0.0,0.0,0.0,0.0,0.0,184.97,40.79,0.0,409.0,24.0,48.0,17.92,17.04,15.0,63.1,2.7,120.0,11.2,9.9,63578.0,350.0,68824,7.84,8.97,,,,,,C,7.95
1836339,9200677,,,,,2024-07-26,,Container,82.1,0.0,0.0,82.1,255.66,0.0,0.0,250.53,68.7,13.4,0.0,213.93,0.0,0.0,41.73,0.0,0.0,0.0,0.0,0.0,213.93,41.73,0.0,432.0,24.0,48.0,18.5,18.0,15.0,66.4,2.2,170.0,11.2,9.9,63578.0,348.0,68824,8.43,8.97,,,,,,C,7.95
1836340,9200677,,,,,2024-07-27,,Container,69.0,0.0,0.0,69.0,214.87,0.0,0.0,209.74,54.6,14.4,0.0,170.02,0.0,0.0,44.84,0.0,0.0,0.0,0.0,0.0,170.02,44.84,0.0,432.0,24.0,48.0,17.71,18.0,10.0,61.6,-5.4,270.0,11.2,9.9,63578.0,330.0,68824,7.05,8.95,,,,,,B,7.95
1836341,9200677,,,,,2024-07-28,,Container,89.3,0.0,0.0,89.3,278.08,0.0,0.0,272.95,75.5,13.8,0.0,235.11,0.0,0.0,42.97,0.0,0.0,0.0,0.0,0.0,235.11,42.97,0.0,431.0,24.0,48.0,18.88,17.96,12.0,69.3,6.5,10.0,11.2,9.9,63578.0,340.0,68824,9.2,8.96,,,,,,D,7.95
1836342,9200677,,,,,2024-07-29,,Container,92.7,0.0,0.0,92.7,288.67,0.0,0.0,283.54,78.2,14.5,0.0,243.51,0.0,0.0,45.15,0.0,0.0,0.0,0.0,0.0,243.51,45.15,0.0,448.0,25.0,50.0,9.2,8.96,5.0,34.2,2.75,15.0,5.6,4.95,31789.0,170.0,68824,9.2,8.96,,,,,,D,7.95
1836343,9200677,,,,,2024-07-30,,Container,78.9,0.0,0.0,78.9,245.69,0.0,0.0,240.57,64.7,14.2,0.0,201.48,0.0,0.0,44.22,0.0,0.0,0.0,0.0,0.0,201.48,44.22,0.0,433.0,24.0,48.0,18.42,18.04,10.0,65.6,0.7,100.0,11.2,9.9,63578.0,332.0,68824,8.07,8.95,,,,,,C,7.95
1836344,9200677,,,,,2024-07-31,,Container,76.8,0.0,0.0,76.8,239.16,0.0,0.0,234.03,62.3,14.5,0.0,194.0,0.0,0.0,45.15,0.0,0.0,0.0,0.0,0.0,194.0,45.15,0.0,409.0,24.0,48.0,17.63,17.04,10.0,64.0,4.0,5.0,11.2,9.9,63578.0,332.0,68824,8.31,8.94,,,,,,C,7.95
1836345,9200677,,,,,2024-08-01,,Container,56.7,0.0,0.0,56.7,176.56,0.0,0.0,171.44,41.3,15.4,0.0,128.61,0.0,0.0,47.96,0.0,0.0,0.0,0.0,0.0,128.61,47.96,0.0,351.0,24.0,48.0,14.75,14.63,10.0,54.7,3.6,355.0,11.4,9.2,62085.0,332.0,68824,7.1,8.93,,,,,,B,7.95
1836346,9200677,,,,,2024-08-02,,Container,83.1,0.0,0.0,83.1,258.77,0.0,0.0,248.52,60.6,22.5,0.0,188.71,0.0,0.0,70.06,0.0,0.0,0.0,0.0,0.0,188.71,70.06,0.0,497.0,34.5,69.0,13.98,14.05,10.0,54.35,6.8,200.0,11.4,9.2,62085.0,346.5,68824,7.27,8.92,,,,,,B,7.95
1836347,9200677,,,,,2024-08-03,,Container,10.92,0.0,0.0,10.92,34.0,0.0,0.0,24.27,2.0,8.2,0.72,6.23,0.0,0.0,25.53,0.0,0.0,2.24,0.0,0.0,6.23,25.53,2.24,23.6,4.4,23.7,0.0,0.0,2.5,0.0,0.0,1.25,7.9,6.75,43062.25,41.0,68824,14.94,8.92,,,,,,E,7.95
1836348,9200677,,,,,2024-08-04,,Container,72.4,0.0,0.0,72.4,225.45,0.0,0.0,223.81,59.1,13.3,0.0,184.04,0.0,0.0,41.42,0.0,0.0,0.0,0.0,0.0,184.04,41.42,0.0,454.0,27.0,28.0,11.13,11.13,6.67,41.5,2.03,140.0,6.53,5.73,35190.67,198.33,68824,7.16,8.9,,,,,,B,7.95
1836349,9200677,,,,,2024-08-05,,Container,19.6,0.0,0.0,19.6,61.03,0.0,0.0,60.21,11.1,7.9,0.6,34.57,0.0,0.0,24.6,0.0,0.0,1.87,0.0,0.0,34.57,24.6,1.87,14.0,2.4,18.0,0.0,0.0,0.0,0.0,0.0,0.0,9.8,8.6,52786.0,0.0,68824,62.49,8.92,,,,,,E,7.95
1836350,9200677,,,,,2024-08-06,,Container,17.1,0.0,0.0,17.1,53.25,0.0,0.0,51.58,4.7,11.1,1.3,14.64,0.0,0.0,34.57,0.0,0.0,4.05,0.0,0.0,14.64,34.57,4.05,73.0,7.7,26.6,0.0,0.0,0.0,0.0,0.0,0.0,4.9,4.3,26393.0,0.0,68824,10.27,8.92,,,,,,E,7.95
1836351,9200677,,,,,2024-08-07,,Container,12.0,0.0,0.0,12.0,37.37,0.0,0.0,35.64,1.1,9.0,1.9,3.43,0.0,0.0,28.03,0.0,0.0,5.92,0.0,0.0,3.43,28.03,5.92,9.2,2.0,29.0,0.0,0.0,5.0,0.0,0.0,45.0,10.3,9.5,57788.0,52.0,68824,56.29,8.93,,,,,,E,7.95
1836352,9200677,,,,,2024-08-08,,Container,57.3,0.0,0.0,57.3,178.43,0.0,0.0,176.67,47.4,9.9,0.0,147.6,0.0,0.0,30.83,0.0,0.0,0.0,0.0,0.0,147.6,30.83,0.0,357.0,22.0,22.4,8.48,8.3,5.0,30.65,1.15,10.0,10.5,9.8,57788.0,89.5,68824,7.19,8.92,,,,,,B,7.95
1836353,9200677,,,,,2024-08-09,,Container,28.7,0.0,0.0,28.7,89.37,0.0,0.0,87.61,14.5,11.9,2.3,45.15,0.0,0.0,37.06,0.0,0.0,7.16,0.0,0.0,45.15,37.06,7.16,138.0,16.7,32.3,0.0,0.0,0.0,0.0,0.0,0.0,10.5,9.8,57788.0,0.0,68824,9.22,8.92,,,,,,D,7.95
1836354,9200677,,,,,2024-08-10,,Container,27.3,0.0,0.0,27.3,85.01,0.0,0.0,82.22,17.0,9.3,1.0,52.94,0.0,0.0,28.96,0.0,0.0,3.11,0.0,0.0,52.94,28.96,3.11,163.0,10.5,28.5,8.22,7.94,7.5,32.5,2.82,195.0,11.12,10.22,63519.0,123.25,68824,7.33,8.91,,,,,,B,7.95
1836355,9200677,,,,,2024-08-11,,Container,9.8,0.0,0.0,9.8,30.52,0.0,0.0,29.84,0.7,7.3,1.8,2.18,0.0,0.0,22.73,0.0,0.0,5.61,0.0,0.0,2.18,22.73,5.61,8.8,1.4,24.1,0.0,0.0,0.0,0.0,0.0,0.0,11.1,10.2,63519.0,0.0,68824,49.27,8.92,,,,,,E,7.95
1836356,9200677,,,,,2024-08-12,,Container,9.7,0.0,0.0,9.7,30.21,0.0,0.0,29.53,0.0,7.6,2.1,0.0,0.0,0.0,23.67,0.0,0.0,6.54,0.0,0.0,0.0,23.67,6.54,0.0,0.0,24.0,0.0,0.0,0.0,0.0,0.0,0.0,11.1,10.2,63519.0,0.0,68824,,8.93,,,,,,,7.95
1836357,9200677,,,,,2024-08-13,,Container,8.3,0.0,0.0,8.3,25.85,0.0,0.0,25.17,0.0,7.0,1.3,0.0,0.0,0.0,21.8,0.0,0.0,4.05,0.0,0.0,0.0,21.8,4.05,0.0,0.0,24.0,0.0,0.0,0.0,0.0,0.0,0.0,11.1,10.2,63519.0,0.0,68824,,8.93,,,,,,,7.95
1836358,9200677,,,,,2024-08-14,,Container,3.5,0.0,3.9,7.4,10.9,0.0,12.5,22.04,1.7,5.1,0.6,0.0,0.0,5.45,9.96,0.0,6.09,0.93,0.0,0.96,5.45,16.06,1.9,66.3,7.9,42.8,0.0,0.0,0.0,0.0,0.0,0.0,11.1,10.2,63519.0,0.0,68824,4.83,8.93,,,,,,A,7.95
1836359,9200677,,,,,2024-08-15,,Container,5.0,0.0,6.6,11.6,15.57,0.0,21.16,34.45,6.0,5.1,0.5,13.08,0.0,5.77,2.49,0.0,13.79,0.0,0.0,1.6,18.85,16.28,1.6,63.0,5.5,22.4,5.43,5.31,6.0,15.67,-7.37,106.67,11.6,11.3,69781.0,102.67,68824,7.95,8.93,,,,,,C,7.95
1836360,9200677,,,,,2024-08-16,,Container,35.3,0.0,0.0,35.3,109.92,0.0,0.0,109.16,31.6,3.7,0.0,98.4,0.0,0.0,11.52,0.0,0.0,0.0,0.0,0.0,98.4,11.52,0.0,413.0,24.0,27.1,17.13,17.21,8.0,66.0,6.0,340.0,11.9,9.9,66290.0,228.0,68824,3.84,8.89,,,,,,A,7.95
1836361,9200677,,,,,2024-08-17,,Container,61.7,0.0,19.2,80.9,192.13,0.0,61.56,250.58,67.6,13.0,0.3,169.4,0.0,42.32,22.73,0.0,18.27,0.0,0.0,0.96,211.72,41.01,0.96,399.0,27.1,38.1,2.88,2.8,4.17,11.73,10.28,58.33,7.92,6.93,45117.67,89.5,68824,9.13,8.89,,,,,,D,7.95
1836362,9200677,,,,,2024-08-18,,Container,0.0,0.0,27.8,27.8,0.0,0.0,89.13,85.75,17.8,9.0,1.0,0.0,0.0,57.07,0.0,0.0,28.85,0.0,0.0,3.21,57.07,28.85,3.21,148.0,14.1,40.7,3.42,3.42,4.38,13.45,2.2,50.0,8.75,8.5,52665.75,97.12,68824,8.42,8.89,,,,,,C,7.95
1836363,9200677,,,,,2024-08-19,,Container,0.0,0.0,14.7,14.7,0.0,0.0,47.13,45.74,6.4,6.5,1.8,0.0,0.0,20.52,0.0,0.0,20.84,0.0,0.0,5.77,20.52,20.84,5.77,51.0,7.3,32.8,0.0,0.0,7.5,0.0,0.0,45.0,12.6,12.4,78126.0,49.5,68824,13.03,8.89,,,,,,E,7.95
1836364,9200677,,,,,2024-08-20,,Container,48.8,0.0,0.0,48.8,151.96,0.0,0.0,151.26,42.3,6.5,0.0,131.72,0.0,0.0,20.24,0.0,0.0,0.0,0.0,0.0,131.72,20.24,0.0,315.0,18.0,18.2,17.89,17.5,15.0,64.0,1.3,90.0,12.6,12.4,78126.0,111.0,68824,6.98,8.88,,,,,,B,7.95
1836365,9200677,,,,,2024-08-21,,Container,76.8,0.0,0.0,76.8,239.16,0.0,0.0,238.45,66.6,10.2,0.0,207.39,0.0,0.0,31.76,0.0,0.0,0.0,0.0,0.0,207.39,31.76,0.0,418.0,24.0,24.0,17.71,17.42,10.0,66.1,5.0,280.0,12.6,12.4,78126.0,139.0,68824,8.29,8.88,,,,,,C,7.95
1836366,9200677,,,,,2024-08-22,,Container,87.7,0.0,0.0,87.7,273.1,0.0,0.0,272.39,77.8,9.9,0.0,242.27,0.0,0.0,30.83,0.0,0.0,0.0,0.0,0.0,242.27,30.83,0.0,432.0,24.0,24.0,18.71,18.0,5.0,70.2,7.5,280.0,12.6,12.4,78126.0,139.0,68824,9.16,8.88,,,,,,D,7.95
1836367,9200677,,,,,2024-08-23,,Container,83.2,0.0,0.0,83.2,259.08,0.0,0.0,258.38,73.6,9.6,0.0,229.19,0.0,0.0,29.89,0.0,0.0,0.0,0.0,0.0,229.19,29.89,0.0,414.0,23.0,23.0,18.7,18.0,10.0,69.9,7.1,20.0,12.6,12.4,78126.0,132.0,68824,9.07,8.88,,,,,,D,7.95
1836368,9200677,,,,,2024-08-24,,Container,78.1,0.0,0.0,78.1,243.2,0.0,0.0,242.5,68.1,10.0,0.0,212.06,0.0,0.0,31.14,0.0,0.0,0.0,0.0,0.0,212.06,31.14,0.0,432.0,24.0,24.0,17.63,18.0,10.0,66.9,2.9,350.0,12.6,12.4,78126.0,132.0,68824,8.16,8.87,,,,,,C,7.95
1836369,9200677,,,,,2024-08-25,,Container,88.2,0.0,0.0,88.2,274.65,0.0,0.0,273.95,78.3,9.9,0.0,243.83,0.0,0.0,30.83,0.0,0.0,0.0,0.0,0.0,243.83,30.83,0.0,415.0,24.0,24.4,18.17,17.29,15.0,70.0,10.9,359.0,12.6,12.4,78126.0,132.0,68824,9.59,8.88,,,,,,E,7.95
1836370,9200677,,,,,2024-08-26,,Container,103.7,0.0,0.0,103.7,322.92,0.0,0.0,322.22,94.1,9.6,0.0,293.03,0.0,0.0,29.89,0.0,0.0,0.0,0.0,0.0,293.03,29.89,0.0,411.0,23.0,23.0,19.22,17.87,15.0,74.9,14.0,358.0,12.6,12.3,78068.0,124.0,68824,11.39,8.9,,,,,,E,7.95
1836371,9200677,,,,,2024-08-27,,Container,87.5,0.0,0.0,87.5,272.47,0.0,0.0,271.77,77.5,10.0,0.0,241.33,0.0,0.0,31.14,0.0,0.0,0.0,0.0,0.0,241.33,31.14,0.0,438.0,24.0,24.4,17.88,18.25,15.0,68.4,3.8,355.0,12.6,12.3,78068.0,170.0,68824,9.02,8.9,,,,,,D,7.95
1836372,9200677,,,,,2024-08-28,,Container,89.9,0.0,0.0,89.9,279.95,0.0,0.0,279.25,80.0,9.9,0.0,249.12,0.0,0.0,30.83,0.0,0.0,0.0,0.0,0.0,249.12,30.83,0.0,428.0,24.0,24.4,17.67,17.83,10.0,68.6,6.3,345.0,12.6,12.3,78068.0,170.0,68824,9.48,8.9,,,,,,E,7.95
1836373,9200677,,,,,2024-08-29,,Container,55.2,0.0,0.0,55.2,171.89,0.0,0.0,170.49,45.8,9.3,0.1,142.62,0.0,0.0,28.96,0.0,0.0,0.31,0.0,0.0,142.62,28.96,0.31,337.0,21.0,24.0,7.92,8.4,5.0,30.95,1.05,87.5,12.6,12.3,78068.0,98.0,68824,7.35,8.89,,,,,,B,7.95
1836374,9200677,,,,,2024-08-30,,Container,19.1,0.0,0.0,19.1,59.48,0.0,0.0,58.12,7.8,9.5,1.8,24.29,0.0,0.0,29.58,0.0,0.0,5.61,0.0,0.0,24.29,29.58,5.61,70.0,6.2,31.2,0.0,0.0,0.0,0.0,0.0,0.0,6.3,6.15,39034.0,0.0,68824,12.06,8.9,,,,,,E,7.95
1836375,9200677,,,,,2024-08-31,,Container,11.3,0.0,0.0,11.3,35.19,0.0,0.0,33.26,7.4,3.4,0.5,23.04,0.0,0.0,10.59,0.0,0.0,1.56,0.0,0.0,23.04,10.59,1.56,49.0,4.0,39.1,0.0,0.0,3.33,0.0,0.0,116.67,7.73,7.07,44630.67,29.67,68824,9.86,8.9,,,,,,E,7.95
1836376,9200677,,,,,2024-09-01,,Container,21.8,0.0,0.0,21.8,67.89,0.0,0.0,67.27,14.9,6.9,0.0,46.4,0.0,0.0,21.49,0.0,0.0,0.0,0.0,0.0,46.4,21.49,0.0,250.0,18.5,18.5,11.14,13.51,10.0,40.1,-21.6,175.0,11.6,10.6,66946.0,194.0,68824,3.91,8.88,,,,,,A,7.95
1836377,9200677,,,,,2024-09-02,,Container,21.0,0.0,0.0,21.0,65.39,0.0,0.0,64.78,11.6,9.4,0.0,36.12,0.0,0.0,29.27,0.0,0.0,0.0,0.0,0.0,36.12,29.27,0.0,233.0,24.0,24.0,9.54,9.71,15.0,34.1,-2.8,90.0,11.6,10.5,66946.0,202.0,68824,4.04,8.86,,,,,,A,7.95
1836378,9200677,,,,,2024-09-03,,Container,34.0,0.0,0.0,34.0,105.88,0.0,0.0,105.26,24.7,9.3,0.0,76.92,0.0,0.0,28.96,0.0,0.0,0.0,0.0,0.0,76.92,28.96,0.0,189.0,24.0,24.0,7.92,7.88,25.0,40.5,29.8,357.0,11.6,10.5,66946.0,202.0,68824,8.09,8.85,,,,,,C,7.95
1836379,9200677,,,,,2024-09-04,,Container,27.4,0.0,0.0,27.4,85.32,0.0,0.0,84.71,17.2,10.2,0.0,53.56,0.0,0.0,31.76,0.0,0.0,0.0,0.0,0.0,53.56,31.76,0.0,214.0,24.0,24.3,9.46,8.92,10.0,36.3,11.5,165.0,11.6,10.5,66946.0,252.0,68824,5.75,8.84,,,,,,A,7.95
1836380,9200677,,,,,2024-09-05,,Container,23.8,0.0,0.0,23.8,74.11,0.0,0.0,72.88,14.0,9.2,0.6,43.6,0.0,0.0,28.65,0.0,0.0,1.87,0.0,0.0,43.6,28.65,1.87,182.0,23.7,24.0,4.24,4.3,7.5,19.05,9.25,12.5,11.6,10.5,66946.0,148.5,68824,5.82,8.83,,,,,,A,7.95
1836381,9200677,,,,,2024-09-06,,Container,26.6,0.0,0.0,26.6,82.83,0.0,0.0,81.6,13.4,11.1,2.1,41.73,0.0,0.0,34.57,0.0,0.0,6.54,0.0,0.0,41.73,34.57,6.54,169.0,18.4,35.3,0.0,0.0,0.0,0.0,0.0,0.0,11.6,10.5,66946.0,0.0,68824,7.02,8.83,,,,,,B,7.95
1836382,9200677,,,,,2024-09-07,,Container,7.0,0.0,0.0,7.0,21.8,0.0,0.0,20.7,0.0,5.2,1.8,0.0,0.0,0.0,16.19,0.0,0.0,5.61,0.0,0.0,0.0,16.19,5.61,0.0,0.0,21.2,0.0,0.0,0.0,0.0,0.0,0.0,0.0,0.0,0.0,0.0,68824,,8.83,,,,,,,7.95
1836383,9200677,,,,,2024-09-08,,Container,16.1,0.0,0.0,16.1,50.14,0.0,0.0,45.87,7.1,6.1,2.9,22.11,0.0,0.0,19.0,0.0,0.0,9.03,0.0,0.0,22.11,19.0,9.03,59.0,4.5,32.3,5.33,6.0,6.67,21.2,-0.7,116.67,10.7,10.0,61627.0,109.33,68824,11.3,8.84,,,,,,E,7.95
1836384,9200677,,,,,2024-09-09,,Container,58.7,0.0,0.0,58.7,182.79,0.0,0.0,181.21,48.3,10.4,0.0,150.41,0.0,0.0,32.39,0.0,0.0,0.0,0.0,0.0,150.41,32.39,0.0,402.0,24.0,24.0,16.5,16.75,10.0,57.5,-5.1,110.0,10.7,10.0,61627.0,17.0,68824,6.55,8.82,,,,,,A,7.95
1836385,9200677,,,,,2024-09-10,,Container,30.7,0.0,0.0,30.7,95.6,0.0,0.0,90.68,20.4,9.3,1.0,63.53,0.0,0.0,28.96,0.0,0.0,3.11,0.0,0.0,63.53,28.96,3.11,168.7,16.5,29.1,3.88,3.75,3.33,14.6,2.4,90.0,7.13,6.67,41084.67,107.0,68824,7.81,8.82,,,,,,C,7.95
1836386,9200677,,,,,2024-09-11,,Container,15.6,0.0,0.0,15.6,48.58,0.0,0.0,42.96,5.3,7.6,2.7,16.5,0.0,0.0,23.67,0.0,0.0,8.41,0.0,0.0,16.5,23.67,8.41,57.1,4.5,28.7,5.42,5.21,7.33,16.03,-5.77,148.33,10.47,9.1,57706.0,56.33,68824,10.93,8.82,,,,,,E,7.95
1836387,9200677,,,,,2024-09-12,,Container,95.6,0.0,0.0,95.6,297.7,0.0,0.0,291.9,80.3,15.0,0.3,250.05,0.0,0.0,46.71,0.0,0.0,0.93,0.0,0.0,250.05,46.71,0.93,505.0,35.3,42.4,10.25,9.29,6.67,38.67,8.8,148.33,10.5,9.1,57706.0,201.33,68824,8.4,8.82,,,,,,C,7.95
1836388,9200677,,,,,2024-09-13,,Container,9.1,0.0,0.4,9.5,28.34,0.0,1.28,25.17,6.7,2.5,0.3,20.86,0.0,0.0,6.54,0.0,1.28,0.93,0.0,0.0,20.86,7.82,0.93,50.0,3.7,31.8,0.0,0.0,2.5,0.0,0.0,22.5,6.1,5.35,35493.5,17.75,68824,7.31,8.81,,,,,,B,7.95
1836389,9200677,,,,,2024-09-14,,Container,27.8,0.0,0.0,27.8,86.57,0.0,0.0,82.12,21.5,6.3,0.0,66.95,0.0,0.0,19.62,0.0,0.0,0.0,0.0,0.0,66.95,19.62,0.0,182.0,12.5,25.0,14.64,14.56,15.0,53.8,2.4,175.0,12.2,10.7,70987.0,360.0,68824,6.56,8.81,,,,,,A,7.95
1836390,9200677,,,,,2024-09-15,,Container,57.7,0.0,0.0,57.7,179.68,0.0,0.0,175.23,44.2,13.5,0.0,137.64,0.0,0.0,42.04,0.0,0.0,0.0,0.0,0.0,137.64,42.04,0.0,373.0,25.0,50.0,15.52,14.92,10.0,56.1,4.1,165.0,12.2,10.7,70987.0,350.0,68824,6.83,8.8,,,,,,B,7.95
1836391,9200677,,,,,2024-09-16,,Container,53.6,0.0,0.0,53.6,166.91,0.0,0.0,162.46,40.3,13.3,0.0,125.49,0.0,0.0,41.42,0.0,0.0,0.0,0.0,0.0,125.49,41.42,0.0,350.0,24.0,48.0,15.0,14.58,15.0,54.7,3.9,165.0,12.2,10.7,70987.0,350.0,68824,6.74,8.78,,,,,,B,7.95
1836392,9200677,,,,,2024-09-17,,Container,51.9,0.0,0.0,51.9,161.62,0.0,0.0,157.16,38.5,13.4,0.0,119.89,0.0,0.0,41.73,0.0,0.0,0.0,0.0,0.0,119.89,41.73,0.0,350.0,24.0,48.0,14.58,14.58,10.0,53.7,2.0,200.0,12.2,10.7,70987.0,305.0,68824,6.52,8.77,,,,,,A,7.95
1836393,9200677,,,,,2024-09-18,,Container,49.9,0.0,0.0,49.9,155.39,0.0,0.0,150.94,36.2,13.7,0.0,112.73,0.0,0.0,42.66,0.0,0.0,0.0,0.0,0.0,112.73,42.66,0.0,357.0,24.0,48.0,14.33,14.88,10.0,52.9,-1.3,175.0,12.2,10.7,70987.0,335.0,68824,6.14,8.76,,,,,,A,7.95
1836394,9200677,,,,,2024-09-19,,Container,53.4,0.0,0.0,53.4,166.29,0.0,0.0,161.84,37.6,13.8,2.0,117.09,0.0,0.0,42.97,0.0,0.0,6.23,0.0,0.0,117.09,42.97,6.23,348.0,24.0,48.0,14.5,14.5,10.0,53.8,2.8,120.0,12.2,10.7,70987.0,340.0,68824,6.76,8.74,,,,,,B,7.95
1836395,9200677,,,,,2024-09-20,,Container,52.7,0.0,0.0,52.7,164.11,0.0,0.0,159.66,39.3,13.4,0.0,122.38,0.0,0.0,41.73,0.0,0.0,0.0,0.0,0.0,122.38,41.73,0.0,350.0,24.0,48.1,14.5,14.58,10.0,54.9,4.1,90.0,12.2,10.7,70987.0,340.0,68824,6.63,8.73,,,,,,B,7.95
1836396,9200677,,,,,2024-09-21,,Container,55.2,0.0,0.0,55.2,171.89,0.0,0.0,167.44,41.0,12.6,1.6,127.67,0.0,0.0,39.24,0.0,0.0,4.98,0.0,0.0,127.67,39.24,4.98,364.0,24.0,48.9,14.63,15.17,10.0,55.4,1.2,100.0,12.2,10.7,70987.0,332.0,68824,6.68,8.72,,,,,,B,7.95
1836397,9200677,,,,,2024-09-22,,Container,57.5,0.0,0.0,57.5,179.06,0.0,0.0,174.6,41.0,13.9,2.6,127.67,0.0,0.0,43.28,0.0,0.0,8.1,0.0,0.0,127.67,43.28,8.1,352.0,24.0,48.0,14.67,14.67,10.0,55.3,4.3,110.0,12.3,10.4,70987.0,332.0,68824,7.21,8.71,,,,,,B,7.95
1836398,9200677,,,,,2024-09-23,,Container,63.0,0.0,0.0,63.0,196.18,0.0,0.0,191.73,46.8,14.1,2.1,145.74,0.0,0.0,43.91,0.0,0.0,6.54,0.0,0.0,145.74,43.91,6.54,381.0,24.0,48.0,14.75,15.88,10.0,59.0,2.9,270.0,12.3,10.4,70987.0,332.0,68824,7.31,8.7,,,,,,B,7.95
1836399,9200677,,,,,2024-09-24,,Container,117.5,0.0,0.0,117.5,365.9,0.0,0.0,361.44,104.8,12.7,0.0,326.35,0.0,0.0,39.55,0.0,0.0,0.0,0.0,0.0,326.35,39.55,0.0,464.0,24.0,48.0,16.21,19.33,10.0,76.9,9.4,5.0,12.3,10.4,70987.0,348.0,68824,11.32,8.72,,,,,,E,7.95
1836400,9200677,,,,,2024-09-25,,Container,57.5,0.0,0.0,57.5,179.05,0.0,0.0,164.82,42.1,13.9,1.5,131.1,0.0,0.0,43.28,0.0,0.0,4.67,0.0,0.0,131.1,43.28,4.67,248.2,17.0,54.5,3.17,3.39,4.4,13.16,1.4,70.0,8.76,6.46,45361.6,100.2,68824,9.65,8.73,,,,,,E,7.95
1836401,9200677,,,,,2024-09-26,,Container,47.8,0.0,0.0,47.8,148.85,0.0,0.0,147.97,36.9,10.9,0.0,114.91,0.0,0.0,33.94,0.0,0.0,0.0,0.0,0.0,114.91,33.94,0.0,379.0,25.0,25.0,14.69,14.62,10.0,51.3,-2.6,167.5,9.7,5.7,42417.0,247.5,68824,5.67,8.71,,,,,,A,7.95
1836402,9200677,,,,,2024-09-27,,Container,7.6,0.0,0.0,7.6,23.67,0.0,0.0,23.23,0.9,5.7,1.0,2.8,0.0,0.0,17.75,0.0,0.0,3.11,0.0,0.0,2.8,17.75,3.11,9.0,1.4,16.0,0.0,0.0,0.0,0.0,0.0,0.0,9.7,5.7,42417.0,0.0,68824,37.5,8.71,,,,,,E,7.95
1836403,9200677,,,,,2024-09-28,,Container,14.3,0.0,0.0,14.3,44.53,0.0,0.0,44.09,3.8,8.9,1.6,11.83,0.0,0.0,27.71,0.0,0.0,4.98,0.0,0.0,11.83,27.71,4.98,30.0,4.8,24.9,0.0,0.0,0.0,0.0,0.0,0.0,4.85,2.85,21208.5,0.0,68824,21.35,8.72,,,,,,E,7.95
1836404,9200677,,,,,2024-09-29,,Container,14.6,0.0,0.0,14.6,45.46,0.0,0.0,45.03,4.4,8.7,1.5,13.7,0.0,0.0,27.09,0.0,0.0,4.67,0.0,0.0,13.7,27.09,4.67,40.0,4.9,24.5,0.0,0.0,0.0,0.0,0.0,0.0,9.7,5.7,42417.0,0.0,68824,16.36,8.72,,,,,,E,7.95
1836405,9200677,,,,,2024-09-30,,Container,13.0,0.0,0.0,13.0,40.48,0.0,0.0,40.04,2.7,8.8,1.5,8.41,0.0,0.0,27.4,0.0,0.0,4.67,0.0,0.0,8.41,27.4,4.67,20.0,2.1,24.0,0.0,0.0,0.0,0.0,0.0,0.0,4.85,2.85,21208.5,0.0,68824,29.09,8.73,,,,,,E,7.95
1836406,9200677,,,,,2024-10-01,,Container,41.7,0.0,0.0,41.7,129.85,0.0,0.0,128.98,25.1,15.2,1.4,78.16,0.0,0.0,47.33,0.0,0.0,4.36,0.0,0.0,78.16,47.33,4.36,223.0,27.0,46.5,0.0,0.0,0.0,0.0,0.0,0.0,9.9,6.0,42417.0,0.0,68824,8.4,8.73,,,,,,C,7.95
1836407,9200677,,,,,2024-10-02,,Container,9.6,0.0,0.0,9.6,29.89,0.0,0.0,29.54,3.8,5.2,0.6,11.83,0.0,0.0,16.19,0.0,0.0,1.87,0.0,0.0,11.83,16.19,1.87,44.5,4.6,22.2,0.0,0.0,10.0,0.0,0.0,135.0,9.7,8.5,50720.0,45.0,68824,9.65,8.73,,,,,,E,7.95
1836408,9200677,,,,,2024-10-03,,Container,25.4,0.0,0.0,25.4,79.1,0.0,0.0,79.01,16.4,8.6,0.4,51.07,0.0,0.0,26.78,0.0,0.0,1.25,0.0,0.0,51.07,26.78,1.25,199.0,21.4,21.9,8.64,9.3,15.0,31.3,-7.2,5.0,9.7,8.5,50720.0,360.0,68824,5.77,8.72,,,,,,A,7.95
1836409,9200677,,,,,2024-10-04,,Container,33.4,0.0,0.0,33.4,104.01,0.0,0.0,103.83,20.8,10.8,1.8,64.77,0.0,0.0,33.63,0.0,0.0,5.61,0.0,0.0,64.77,33.63,5.61,225.0,28.0,28.0,6.66,6.88,15.0,28.4,13.9,5.0,9.5,8.3,50720.0,20.0,68824,6.71,8.71,,,,,,B,7.95
1836410,9200677,,,,,2024-10-05,,Container,9.6,0.0,0.0,9.6,29.89,0.0,0.0,29.81,1.4,7.0,1.2,4.36,0.0,0.0,21.8,0.0,0.0,3.74,0.0,0.0,4.36,21.8,3.74,20.0,2.7,20.0,0.0,0.0,0.0,0.0,0.0,0.0,9.5,8.3,50720.0,0.0,68824,21.66,8.72,,,,,,E,7.95
1836411,9200677,,,,,2024-10-06,,Container,12.2,0.0,0.0,12.2,37.99,0.0,0.0,37.9,2.7,8.5,1.0,8.41,0.0,0.0,26.47,0.0,0.0,3.11,0.0,0.0,8.41,26.47,3.11,43.0,5.0,24.0,0.0,0.0,0.0,0.0,0.0,0.0,9.5,8.3,50720.0,0.0,68824,12.81,8.72,,,,,,E,7.95
1836412,9200677,,,,,2024-10-07,,Container,10.3,0.0,0.0,10.3,32.07,0.0,0.0,31.99,0.5,8.3,1.5,1.56,0.0,0.0,25.85,0.0,0.0,4.67,0.0,0.0,1.56,25.85,4.67,1.5,1.3,24.0,0.0,0.0,0.0,0.0,0.0,0.0,9.5,8.3,50720.0,0.0,68824,309.87,8.73,,,,,,E,7.95
1836413,9200677,,,,,2024-10-08,,Container,20.7,0.0,0.0,20.7,64.46,0.0,0.0,64.28,7.9,11.8,1.0,24.6,0.0,0.0,36.75,0.0,0.0,3.11,0.0,0.0,24.6,36.75,3.11,103.0,12.5,50.6,0.0,0.0,1.67,0.0,0.0,58.33,5.32,4.68,29548.33,17.0,68824,9.07,8.73,,,,,,D,7.95
1836414,9200677,,,,,2024-10-09,,Container,37.1,0.0,0.0,37.1,115.53,0.0,0.0,115.44,30.5,6.6,0.0,94.98,0.0,0.0,20.55,0.0,0.0,0.0,0.0,0.0,94.98,20.55,0.0,258.0,15.5,15.5,16.39,16.65,10.0,58.4,-2.7,175.0,11.2,9.9,63285.0,223.0,68824,6.5,8.72,,,,,,A,7.95
1836415,9200677,,,,,2024-10-10,,Container,41.0,0.0,14.0,55.0,127.67,0.0,44.88,172.29,43.6,11.3,0.1,104.63,0.0,32.06,23.04,0.0,12.5,0.0,0.0,0.32,136.69,35.55,0.32,494.3,33.5,37.3,10.11,10.13,6.67,35.93,-1.27,111.67,11.2,9.4,61555.0,175.0,68824,5.06,8.69,,,,,,A,7.95
1836416,9200677,,,,,2024-10-11,,Container,0.0,0.0,14.0,14.0,0.0,0.0,44.88,44.42,6.8,6.7,0.5,0.0,0.0,21.8,0.0,0.0,21.48,0.0,0.0,1.6,21.8,21.48,1.6,67.0,7.5,28.7,2.5,2.9,4.0,11.46,1.74,88.0,9.44,9.28,57776.0,85.0,68824,9.63,8.69,,,,,,E,7.95
1836417,9200677,,,,,2024-10-12,,Container,0.0,0.0,12.2,12.2,0.0,0.0,39.11,39.05,4.0,7.0,1.2,0.0,0.0,12.82,0.0,0.0,22.44,0.0,0.0,3.85,12.82,22.44,3.85,27.0,2.2,28.0,4.33,4.33,10.0,17.03,2.73,180.0,13.4,13.1,84902.0,87.0,68824,21.01,8.7,,,,,,E,7.95
1836418,9200677,,,,,2024-10-13,,Container,61.9,0.0,0.0,61.9,192.76,0.0,0.0,192.73,52.5,9.4,0.0,163.48,0.0,0.0,29.27,0.0,0.0,0.0,0.0,0.0,163.48,29.27,0.0,354.0,24.0,24.0,14.88,14.75,10.0,58.7,9.5,270.0,13.4,13.1,84902.0,153.0,68824,7.91,8.69,,,,,,C,7.95
1836419,9200677,,,,,2024-10-14,,Container,52.8,0.0,0.0,52.8,164.42,0.0,0.0,164.39,41.9,10.9,0.0,130.48,0.0,0.0,33.94,0.0,0.0,0.0,0.0,0.0,130.48,33.94,0.0,344.0,24.0,24.0,14.54,14.33,10.0,56.1,7.9,270.0,13.4,13.1,84902.0,153.0,68824,6.94,8.68,,,,,,B,7.95
1836420,9200677,,,,,2024-10-15,,Container,58.2,0.0,0.0,58.2,181.23,0.0,0.0,181.21,47.2,11.0,0.0,146.98,0.0,0.0,34.25,0.0,0.0,0.0,0.0,0.0,146.98,34.25,0.0,351.0,24.0,24.0,14.96,14.63,10.0,58.2,9.4,350.0,13.4,13.1,84902.0,207.0,68824,7.5,8.68,,,,,,C,7.95
1836421,9200677,,,,,2024-10-16,,Container,54.1,0.0,0.0,54.1,168.47,0.0,0.0,168.44,43.2,10.9,0.0,134.52,0.0,0.0,33.94,0.0,0.0,0.0,0.0,0.0,134.52,33.94,0.0,344.0,24.0,24.0,14.25,14.33,10.0,55.7,7.2,350.0,13.4,13.1,84902.0,183.0,68824,7.11,8.67,,,,,,B,7.95
1836422,9200677,,,,,2024-10-17,,Container,46.6,0.0,0.0,46.6,145.11,0.0,0.0,145.08,35.7,10.9,0.0,111.17,0.0,0.0,33.94,0.0,0.0,0.0,0.0,0.0,111.17,33.94,0.0,348.0,24.0,24.0,13.75,14.5,10.0,52.6,0.6,350.0,13.4,13.1,84902.0,215.0,68824,6.06,8.66,,,,,,A,7.95
1836423,9200677,,,,,2024-10-18,,Container,54.9,0.0,0.0,54.9,170.96,0.0,0.0,170.93,44.1,10.8,0.0,137.33,0.0,0.0,33.63,0.0,0.0,0.0,0.0,0.0,137.33,33.63,0.0,335.0,24.0,24.0,13.96,13.96,10.0,55.9,9.9,270.0,13.4,13.1,84902.0,199.0,68824,7.41,8.65,,,,,,B,7.95
1836424,9200677,,,,,2024-10-19,,Container,61.0,0.0,0.0,61.0,189.95,0.0,0.0,189.92,49.9,11.1,0.0,155.39,0.0,0.0,34.57,0.0,0.0,0.0,0.0,0.0,155.39,34.57,0.0,342.0,24.0,24.1,14.54,14.25,15.0,58.5,12.1,8.0,13.3,12.9,83901.0,192.0,68824,8.07,8.65,,,,,,C,7.95
1836425,9200677,,,,,2024-10-20,,Container,64.9,0.0,0.0,64.9,202.1,0.0,0.0,202.07,54.1,10.8,0.0,168.47,0.0,0.0,33.63,0.0,0.0,0.0,0.0,0.0,168.47,33.63,0.0,350.0,24.0,24.0,14.75,14.58,15.0,64.9,11.0,10.0,13.3,12.9,83901.0,192.0,68824,8.39,8.65,,,,,,C,7.95
1836426,9200677,,,,,2024-10-21,,Container,69.9,0.0,0.0,69.9,217.67,0.0,0.0,217.64,59.5,10.4,0.0,185.28,0.0,0.0,32.39,0.0,0.0,0.0,0.0,0.0,185.28,32.39,0.0,349.0,24.0,24.0,13.63,14.54,20.0,60.6,13.5,358.0,13.3,12.9,83901.0,166.0,68824,9.06,8.65,,,,,,D,7.95
1836427,9200677,,,,,2024-10-22,,Container,74.4,0.0,0.0,74.4,231.68,0.0,0.0,231.62,63.8,10.6,0.0,198.67,0.0,0.0,33.01,0.0,0.0,0.0,0.0,0.0,198.67,33.01,0.0,396.0,27.0,27.6,12.52,14.38,15.0,63.5,17.85,60.0,13.3,12.9,83901.0,153.0,68824,8.5,8.65,,,,,,C,7.95
1836428,9200677,,,,,2024-10-23,,Container,17.4,0.0,0.0,17.4,54.18,0.0,0.0,54.13,5.4,9.6,2.4,16.82,0.0,0.0,29.89,0.0,0.0,7.47,0.0,0.0,16.82,29.89,7.47,55.0,6.5,34.6,0.0,0.0,0.0,0.0,0.0,0.0,13.3,12.9,83901.0,0.0,68824,14.3,8.65,,,,,,E,7.95
1836429,9200677,,,,,2024-10-24,,Container,2.1,0.0,10.7,12.8,6.54,0.0,34.3,40.72,0.0,9.5,3.3,0.0,0.0,0.0,5.29,0.0,25.01,1.25,0.0,9.3,0.0,30.3,10.54,0.0,0.0,30.0,0.0,0.0,0.0,0.0,0.0,0.0,5.5,5.0,31364.5,0.0,68824,,8.66,,,,,,,7.95
1836430,9200677,,,,,2024-10-25,,Container,37.4,0.0,0.0,37.4,116.46,0.0,0.0,116.29,31.8,5.4,0.2,99.03,0.0,0.0,16.82,0.0,0.0,0.62,0.0,0.0,99.03,16.82,0.62,221.0,12.4,19.9,9.18,9.32,17.5,31.55,-3.25,232.5,11.0,10.0,62729.0,213.0,68824,7.65,8.66,,,,,,C,7.95
1836431,9200677,,,,,2024-10-26,,Container,77.6,0.0,0.0,77.6,241.65,0.0,0.0,241.56,68.8,8.8,0.0,214.24,0.0,0.0,27.4,0.0,0.0,0.0,0.0,0.0,214.24,27.4,0.0,430.0,23.0,23.0,18.91,18.7,15.0,68.7,1.9,170.0,11.0,9.9,62729.0,90.0,68824,8.16,8.65,,,,,,C,7.95
1836432,9200677,,,,,2024-10-27,,Container,70.5,0.0,0.0,70.5,219.54,0.0,0.0,219.45,61.6,8.9,0.0,191.82,0.0,0.0,27.71,0.0,0.0,0.0,0.0,0.0,191.82,27.71,0.0,407.0,23.0,24.1,17.0,17.7,10.0,65.8,2.9,170.0,11.0,9.9,62465.0,90.0,68824,7.83,8.65,,,,,,C,7.95
1662516,9200677,,,,,2023-09-10,,Container,0.0,64.6,0.0,64.6,0.0,203.55,0.0,189.03,49.2,13.4,2.0,0.0,155.03,0.0,0.0,42.22,0.0,0.0,6.3,0.0,155.03,42.22,6.3,262.0,19.9,57.0,6.54,6.26,6.8,24.08,4.06,187.8,12.2,11.2,73093.0,153.6,68824,10.48,9.43,,,,,,E,8.12
1662518,9200677,,,,,2023-09-12,,Container,0.0,32.5,0.0,32.5,0.0,102.41,0.0,97.67,22.2,8.5,1.8,0.0,69.95,0.0,0.0,26.78,0.0,0.0,5.67,0.0,69.95,26.78,5.67,135.0,16.3,42.3,2.69,2.56,6.5,10.72,0.75,95.25,11.75,10.3,67375.0,69.5,68824,10.51,9.43,,,,,,E,8.12
1662519,9200677,,,,,2023-09-13,,Container,0.0,59.9,0.0,59.9,0.0,188.74,0.0,187.56,54.7,5.2,0.0,0.0,172.36,0.0,0.0,16.39,0.0,0.0,0.0,0.0,172.36,16.39,0.0,279.0,16.8,19.8,17.2,16.61,18.0,65.2,12.3,150.0,11.9,10.3,67963.0,65.0,68824,9.77,9.43,,,,,,E,8.12
1662520,9200677,,,,,2023-09-14,,Container,0.0,85.9,0.0,85.9,0.0,270.67,0.0,269.49,79.0,6.9,0.0,0.0,248.93,0.0,0.0,21.74,0.0,0.0,0.0,0.0,248.93,21.74,0.0,396.0,22.5,22.5,18.13,17.6,28.0,68.0,12.3,73.0,11.9,10.3,67963.0,107.0,68824,9.89,9.44,,,,,,E,8.12
1662521,9200677,,,,,2023-09-15,,Container,0.0,105.3,0.0,105.3,0.0,331.8,0.0,328.24,93.3,11.8,0.2,0.0,293.99,0.0,0.0,37.18,0.0,0.0,0.63,0.0,293.99,37.18,0.63,496.0,28.7,32.7,12.7,11.87,6.67,45.3,8.2,95.0,11.3,10.2,65248.0,40.0,68824,9.62,9.44,,,,,,D,8.12
1662528,9200677,,,,,2023-09-22,,Container,0.0,30.9,0.0,30.9,0.0,97.37,0.0,95.05,26.9,4.0,0.0,0.0,84.76,0.0,0.0,12.6,0.0,0.0,0.0,0.0,84.76,12.6,0.0,132.0,10.2,15.2,1.27,12.94,10.0,51.0,12.6,20.0,12.2,11.8,74964.0,247.0,68824,10.46,9.48,,,,,,E,8.12
1662529,9200677,,,,,2023-09-23,,Container,0.0,34.4,0.0,34.4,0.0,108.39,0.0,106.08,22.0,10.5,1.9,0.0,69.32,0.0,0.0,33.09,0.0,0.0,5.99,0.0,69.32,33.09,5.99,280.0,25.0,50.0,12.04,11.2,12.0,0.0,0.0,27.0,12.2,11.8,74964.0,248.0,68824,5.5,9.46,,,,,,A,8.12
1662530,9200677,,,,,2023-09-24,,Container,0.0,37.0,0.0,37.0,0.0,116.59,0.0,114.28,23.8,10.1,3.1,0.0,74.99,0.0,0.0,31.83,0.0,0.0,9.77,0.0,74.99,31.83,9.77,244.0,24.5,49.0,10.98,9.96,12.0,42.6,19.6,337.0,12.2,11.8,74964.0,248.0,68824,6.81,9.45,,,,,,B,8.12
1662531,9200677,,,,,2023-09-25,,Container,0.0,48.2,0.0,48.2,0.0,151.88,0.0,147.26,29.2,13.7,5.3,0.0,92.01,0.0,0.0,43.17,0.0,0.0,16.7,0.0,92.01,43.17,16.7,320.0,33.0,66.0,7.04,6.57,13.33,28.1,10.57,224.0,12.2,11.8,74964.0,181.0,68824,6.69,9.44,,,,,,A,8.12
1662533,9200677,,,,,2023-09-27,,Container,0.0,8.2,0.0,8.2,0.0,25.84,0.0,24.53,3.6,3.5,1.1,0.0,11.34,0.0,0.0,11.03,0.0,0.0,3.47,0.0,11.34,11.03,3.47,22.0,2.0,15.0,5.33,4.89,7.33,18.47,2.97,102.67,13.0,12.5,82349.0,79.0,68824,16.2,9.45,,,,,,E,8.12
1662534,9200677,,,,,2023-09-28,,Container,0.0,53.5,0.0,53.5,0.0,168.58,0.0,168.52,43.5,10.0,0.0,0.0,137.07,0.0,0.0,31.51,0.0,0.0,0.0,0.0,137.07,31.51,0.0,333.0,24.0,48.0,14.79,13.88,8.0,56.2,8.9,250.0,13.0,12.5,82349.0,145.0,68824,7.35,9.44,,,,,,B,8.12
1662535,9200677,,,,,2023-09-29,,Container,0.0,51.6,0.0,51.6,0.0,162.59,0.0,162.53,40.9,10.7,0.0,0.0,128.88,0.0,0.0,33.72,0.0,0.0,0.0,0.0,128.88,33.72,0.0,365.0,25.0,50.0,16.08,14.6,14.0,56.6,11.3,193.0,13.0,12.5,82349.0,302.0,68824,6.47,9.42,,,,,,A,8.12
1662536,9200677,,,,,2023-09-30,,Container,0.0,52.6,0.0,52.6,0.0,165.74,0.0,165.68,41.8,10.8,0.0,0.0,131.71,0.0,0.0,34.03,0.0,0.0,0.0,0.0,131.71,34.03,0.0,341.0,24.0,48.0,15.0,14.21,11.0,57.0,14.1,297.0,13.0,12.5,82349.0,333.0,68824,7.06,9.41,,,,,,B,8.12
1662537,9200677,,,,,2023-10-01,,Container,0.0,42.4,0.0,42.4,0.0,133.6,0.0,133.42,30.8,11.6,0.0,0.0,97.05,0.0,0.0,36.55,0.0,0.0,0.0,0.0,97.05,36.55,0.0,324.0,26.2,52.7,4.75,4.56,3.67,18.13,2.77,70.0,13.0,12.5,82349.0,17.0,68824,5.98,9.39,,,,,,A,8.12
1662539,9200677,,,,,2023-10-03,,Container,0.0,36.3,0.0,36.3,0.0,114.38,0.0,114.38,29.9,6.4,0.0,0.0,94.21,0.0,0.0,20.17,0.0,0.0,0.0,0.0,94.21,20.17,0.0,264.0,18.0,20.0,15.28,14.67,11.0,30762189.0,12.4,69.0,11.5,11.5,69964.0,156.0,68824,6.3,9.38,,,,,,A,8.12
1662540,9200677,,,,,2023-10-04,,Container,0.0,63.15,0.0,63.15,0.0,198.99,0.0,198.99,48.8,12.4,1.95,0.0,153.77,0.0,0.0,39.07,0.0,0.0,6.14,0.0,153.77,39.07,6.14,470.0,36.8,37.8,8.4,8.07,11.33,32.93,5.2,99.67,11.5,11.5,69964.0,118.0,68824,6.15,9.36,,,,,,A,8.12
1662543,9200677,,,,,2023-10-07,,Container,0.0,22.5,0.0,22.5,0.0,70.9,0.0,70.9,13.1,6.8,2.6,0.0,41.28,0.0,0.0,21.43,0.0,0.0,8.19,0.0,41.28,21.43,8.19,65.0,4.2,30.0,6.31,5.86,14.33,20.77,0.97,85.33,8.4,5.3,36332.0,124.67,68824,15.85,9.38,,,,,,E,8.12
1662544,9200677,,,,,2023-10-08,,Container,0.0,148.5,0.0,148.5,0.0,467.92,0.0,467.92,136.0,11.9,0.6,0.0,428.54,0.0,0.0,37.5,0.0,0.0,1.89,0.0,428.54,37.5,1.89,686.0,38.5,44.2,13.06,12.49,9.0,46.03,4.43,98.33,8.4,5.3,36332.0,126.67,68824,9.91,9.38,,,,,,E,8.12
1662546,9200677,,,,,2023-10-10,,Container,0.0,35.3,0.0,35.3,0.0,111.23,0.0,111.02,27.1,8.2,0.0,0.0,85.39,0.0,0.0,25.84,0.0,0.0,0.0,0.0,85.39,25.84,0.0,293.0,21.8,43.6,13.99,13.44,15.0,51.0,9.3,48.0,11.4,7.5,56397.0,155.0,68824,5.51,9.37,,,,,,A,8.12
1662547,9200677,,,,,2023-10-11,,Container,0.0,45.4,0.0,45.4,0.0,143.06,0.0,142.85,36.3,9.1,0.0,0.0,114.38,0.0,0.0,28.67,0.0,0.0,0.0,0.0,114.38,28.67,0.0,303.0,24.0,48.0,12.5,12.63,26.0,50.5,13.9,13.0,11.4,7.5,56397.0,122.0,68824,6.85,9.36,,,,,,B,8.12
1662548,9200677,,,,,2023-10-12,,Container,0.0,45.8,0.0,45.8,0.0,144.32,0.0,144.11,36.6,9.2,0.0,0.0,115.33,0.0,0.0,28.99,0.0,0.0,0.0,0.0,115.33,28.99,0.0,318.0,24.0,48.0,13.92,13.25,16.0,54.8,16.7,319.0,11.4,7.5,56397.0,86.0,68824,6.58,9.34,,,,,,A,8.12
1662549,9200677,,,,,2023-10-13,,Container,0.0,40.3,0.0,40.3,0.0,126.99,0.0,126.78,32.5,7.8,0.0,0.0,102.41,0.0,0.0,24.58,0.0,0.0,0.0,0.0,102.41,24.58,0.0,286.0,23.0,28.0,13.09,12.43,5.0,50.0,14.3,57.0,11.4,7.5,56397.0,123.0,68824,6.44,9.33,,,,,,A,8.12
1662550,9200677,,,,,2023-10-14,,Container,0.0,41.2,0.0,41.2,0.0,129.82,0.0,129.61,33.3,7.9,0.0,0.0,104.93,0.0,0.0,24.89,0.0,0.0,0.0,0.0,104.93,24.89,0.0,316.0,24.0,24.0,13.79,13.17,10.0,50.9,11.0,83.0,11.4,7.5,56397.0,97.0,68824,5.96,9.31,,,,,,A,8.12
1662551,9200677,,,,,2023-10-15,,Container,0.0,38.3,0.0,38.3,0.0,120.68,0.0,120.48,31.0,7.3,0.0,0.0,97.68,0.0,0.0,23.0,0.0,0.0,0.0,0.0,97.68,23.0,0.0,299.0,23.0,23.0,13.48,13.0,13.0,0.0,0.0,21.0,11.4,7.5,56397.0,99.0,68824,5.85,9.29,,,,,,A,8.12
1662552,9200677,,,,,2023-10-16,,Container,0.0,41.8,0.0,41.8,0.0,131.71,0.0,131.5,34.2,7.6,0.0,0.0,107.76,0.0,0.0,23.95,0.0,0.0,0.0,0.0,107.76,23.95,0.0,314.0,24.0,24.0,13.75,13.08,8.0,50.2,10.3,127.0,11.4,7.5,56397.0,103.0,68824,6.08,9.28,,,,,,A,8.12
1662553,9200677,,,,,2023-10-17,,Container,0.0,42.0,0.0,42.0,0.0,132.34,0.0,132.13,34.6,7.4,0.0,0.0,109.02,0.0,0.0,23.32,0.0,0.0,0.0,0.0,109.02,23.32,0.0,315.0,23.5,23.5,13.91,13.4,8.0,50.2,8.1,71.0,11.4,7.5,56397.0,99.0,68824,6.09,9.26,,,,,,A,8.12
1662554,9200677,,,,,2023-10-18,,Container,0.0,61.8,0.0,61.8,0.0,194.73,0.0,194.11,49.3,11.2,1.3,0.0,155.34,0.0,0.0,35.29,0.0,0.0,4.1,0.0,155.34,35.29,4.1,423.0,34.7,40.7,6.51,6.24,4.0,23.42,4.65,62.75,8.55,5.62,42297.75,49.75,68824,6.67,9.24,,,,,,A,8.12
1662555,9200677,,,,,2023-10-19,,Container,0.0,9.7,0.0,9.7,0.0,30.56,0.0,30.56,4.6,3.6,1.5,0.0,14.49,0.0,0.0,11.34,0.0,0.0,4.73,0.0,14.49,11.34,4.73,38.0,2.8,17.8,4.24,4.13,5.0,11.38,-6.25,81.75,6.3,3.82,27291.0,120.75,68824,11.69,9.25,,,,,,E,8.12
1662556,9200677,,,,,2023-10-20,,Container,0.0,48.8,0.0,48.8,0.0,153.77,0.0,153.77,41.7,7.1,0.0,0.0,131.4,0.0,0.0,22.37,0.0,0.0,0.0,0.0,131.4,22.37,0.0,336.0,24.0,24.0,14.75,14.0,18.0,51.7,6.4,88.0,8.4,5.1,36388.0,84.0,68824,6.65,9.23,,,,,,A,8.12
1662557,9200677,,,,,2023-10-21,,Container,0.0,48.2,0.0,48.2,0.0,151.88,0.0,151.88,41.4,6.8,0.0,0.0,130.45,0.0,0.0,21.43,0.0,0.0,0.0,0.0,130.45,21.43,0.0,347.0,23.5,23.5,15.32,14.77,11.0,52.2,2.6,109.0,8.4,5.1,36388.0,87.0,68824,6.36,9.22,,,,,,A,8.12
1662558,9200677,,,,,2023-10-22,,Container,0.0,37.0,0.0,37.0,0.0,116.59,0.0,116.59,30.4,6.6,0.0,0.0,95.79,0.0,0.0,20.8,0.0,0.0,0.0,0.0,95.79,20.8,0.0,289.0,23.0,23.0,13.09,12.57,10.0,48.2,10.3,187.0,8.4,5.1,36388.0,88.0,68824,5.86,9.2,,,,,,A,8.12
1662559,9200677,,,,,2023-10-23,,Container,0.0,39.1,0.0,39.1,0.0,123.2,0.0,123.2,30.3,6.5,2.3,0.0,95.48,0.0,0.0,20.48,0.0,0.0,7.25,0.0,95.48,20.48,7.25,293.0,23.0,46.0,6.65,6.37,5.0,23.8,3.9,154.0,8.4,5.1,36388.0,48.5,68824,6.11,9.19,,,,,,A,8.12
1662562,9200677,,,,,2023-10-26,,Container,0.0,25.2,0.0,25.2,0.0,79.41,0.0,79.41,20.9,4.1,0.2,0.0,65.86,0.0,0.0,12.92,0.0,0.0,0.63,0.0,65.86,12.92,0.63,204.0,14.2,14.2,14.79,14.37,11.0,51.4,3.7,61.0,9.0,4.6,37401.0,119.0,68824,5.66,9.19,,,,,,A,8.12
1662563,9200677,,,,,2023-10-27,,Container,0.0,42.5,0.0,42.5,0.0,133.92,0.0,133.92,35.4,7.1,0.0,0.0,111.55,0.0,0.0,22.37,0.0,0.0,0.0,0.0,111.55,22.37,0.0,351.0,24.0,24.0,15.42,14.63,9.0,0.0,0.0,21.0,9.0,4.6,37401.0,24.0,68824,5.54,9.17,,,,,,A,8.12
1662564,9200677,,,,,2023-10-28,,Container,0.0,44.1,0.0,44.1,0.0,138.96,0.0,138.96,36.8,7.3,0.0,0.0,115.96,0.0,0.0,23.0,0.0,0.0,0.0,0.0,115.96,23.0,0.0,343.0,24.0,24.0,14.58,14.29,3.0,52.0,5.4,7.0,9.0,4.6,37401.0,38.0,68824,5.89,9.16,,,,,,A,8.12
1662565,9200677,,,,,2023-10-29,,Container,0.0,41.3,0.0,41.3,0.0,130.14,0.0,130.14,34.0,7.3,0.0,0.0,107.13,0.0,0.0,23.0,0.0,0.0,0.0,0.0,107.13,23.0,0.0,346.0,24.0,24.0,15.21,14.42,11.0,51.5,3.7,17.0,9.0,4.6,37401.0,28.0,68824,5.47,9.14,,,,,,A,8.12
1662566,9200677,,,,,2023-10-30,,Container,0.0,40.8,0.0,40.8,0.0,128.56,0.0,128.56,33.5,7.3,0.0,0.0,105.56,0.0,0.0,23.0,0.0,0.0,0.0,0.0,105.56,23.0,0.0,342.0,24.0,24.0,15.0,14.25,27.0,53.5,8.3,14.0,9.0,4.6,37401.0,31.0,68824,5.46,9.12,,,,,,A,8.12
1662567,9200677,,,,,2023-10-31,,Container,0.0,49.1,0.0,49.1,0.0,154.71,0.0,154.71,41.7,7.4,0.0,0.0,131.4,0.0,0.0,23.32,0.0,0.0,0.0,0.0,131.4,23.32,0.0,348.0,24.0,24.0,15.21,14.5,28.0,57.6,13.7,293.0,9.0,4.6,37401.0,79.0,68824,6.46,9.1,,,,,,A,8.12
1662568,9200677,,,,,2023-11-01,,Container,0.0,43.6,29.0,72.6,0.0,137.38,92.97,230.36,59.4,12.4,0.8,0.0,95.79,92.97,0.0,39.07,0.0,0.0,2.52,0.0,188.76,39.07,2.52,579.0,43.5,43.5,14.1,13.32,20.0,50.6,6.4,111.0,8.5,4.3,34290.0,158.0,68824,5.78,9.08,,,,,,A,8.12
