id,imo,created_at,updated_at,created_by_id,updated_by_id,date,day_no,vessel_type,total_hs,total_ls,total_uls,total_fuel,total_hs_co_2,total_ls_co_2,total_uls_co_2,total_co_2,total_me_fuel,total_ae_fuel,total_boiler_fuel,me_hs_co_2,me_ls_co_2,me_uls_co_2,ae_hs_co_2,ae_ls_co_2,ae_uls_co_2,boiler_hs_co_2,boiler_ls_co_2,boiler_uls_co_2,total_me_co_2,total_ae_co_2,total_boiler_co_2,miles_by_gps,steaming_time,total_aux_engine_time,speed_by_log,speed_by_gps,wind_speed,rpm,slip,wind_direction,draft_aft,draft_fwd,displacement,course_at_sea,dwt,attained_cii,current_cii,mean_draft,cii_rating_2019,cii_rating_2020,cii_rating_2021,cii_rating_2022,cii_rating,required_cii
1762804,9465241,,,,,2023-01-02,,Container,0.0,42.6,3.3,45.9,0.0,134.23,10.58,144.28,28.4,14.2,3.3,0.0,89.49,0.0,0.0,44.74,0.0,0.0,0.0,10.58,89.49,44.74,10.58,202.0,32.1,37.3,2.35,2.35,5.75,9.1,3.6,5.0,5.25,5.15,53103.0,79.5,155851,4.58,6.04,,,,,,B,5.44
1762803,9465241,,,,,2023-01-01,,Container,0.0,10.9,3.8,14.7,0.0,34.35,12.18,45.73,1.6,9.3,3.8,0.0,5.04,0.0,0.0,29.3,0.0,0.0,0.0,12.18,5.04,29.3,12.18,0.0,2.1,30.4,0.0,0.0,7.67,0.0,0.0,103.33,7.0,6.87,70804.0,20.67,155851,,,,,,,,,5.44
1762805,9465241,,,,,2023-01-03,,Container,0.0,4.6,2.0,6.6,0.0,14.49,6.41,20.83,0.0,4.6,2.0,0.0,0.0,0.0,0.0,14.49,0.0,0.0,0.0,6.41,0.0,14.49,6.41,0.0,0.0,13.4,0.0,0.0,0.0,0.0,0.0,0.0,0.0,0.0,0.0,0.0,155851,,6.7,,,,,,,5.44
1762806,9465241,,,,,2023-01-04,,Container,0.0,8.3,3.3,11.6,0.0,26.15,10.58,36.66,0.0,8.3,3.3,0.0,0.0,0.0,0.0,26.15,0.0,0.0,0.0,10.58,0.0,26.15,10.58,0.0,0.0,24.0,0.0,0.0,0.0,0.0,0.0,0.0,0.0,0.0,0.0,0.0,155851,,7.86,,,,,,,5.44
1762807,9465241,,,,,2023-01-05,,Container,0.0,8.1,3.3,11.4,0.0,25.52,10.58,36.03,0.0,8.1,3.3,0.0,0.0,0.0,0.0,25.52,0.0,0.0,0.0,10.58,0.0,25.52,10.58,0.0,0.0,24.8,0.0,0.0,0.0,0.0,0.0,0.0,0.0,0.0,0.0,0.0,155851,,9.01,,,,,,,5.44
1762808,9465241,,,,,2023-01-06,,Container,0.0,7.9,3.4,11.3,0.0,24.89,10.9,35.72,0.0,7.9,3.4,0.0,0.0,0.0,0.0,24.89,0.0,0.0,0.0,10.9,0.0,24.89,10.9,0.0,0.0,24.0,0.0,0.0,0.0,0.0,0.0,0.0,0.0,0.0,0.0,0.0,155851,,10.14,,,,,,,5.44
1762809,9465241,,,,,2023-01-07,,Container,0.0,11.7,4.7,16.4,0.0,36.87,15.07,51.79,0.0,11.7,4.7,0.0,0.0,0.0,0.0,36.87,0.0,0.0,0.0,15.07,0.0,36.87,15.07,0.0,0.0,33.7,0.0,0.0,0.0,0.0,0.0,0.0,4.75,3.25,40753.0,0.0,155851,,11.79,,,,,,,5.44
1762812,9465241,,,,,2023-01-10,,Container,0.0,10.4,2.9,13.3,0.0,32.77,9.3,36.48,2.2,8.2,2.9,0.0,6.93,0.0,0.0,25.84,0.0,0.0,0.0,9.3,6.93,25.84,9.3,0.0,1.7,24.8,0.0,0.0,11.33,0.0,0.0,3.33,7.07,4.93,61163.33,111.67,155851,,6.54,,,,,,,5.44
1762815,9465241,,,,,2023-01-13,,Container,0.0,13.4,3.4,16.8,0.0,42.22,10.9,50.48,1.7,11.7,3.4,0.0,5.36,0.0,0.0,36.87,0.0,0.0,0.0,10.9,5.36,36.87,10.9,0.0,0.9,24.0,0.0,0.0,0.0,0.0,0.0,0.0,10.4,7.6,91745.0,0.0,155851,,5.74,,,,,,,5.44
1762816,9465241,,,,,2023-01-14,,Container,0.0,20.6,3.4,24.0,0.0,64.91,10.9,70.91,8.0,12.6,3.4,0.0,25.21,0.0,0.0,39.7,0.0,0.0,0.0,10.9,25.21,39.7,10.9,0.0,10.5,32.5,0.0,0.0,0.0,0.0,0.0,0.0,5.2,3.8,45872.5,0.0,155851,,6.19,,,,,,,5.44
1762817,9465241,,,,,2023-01-15,,Container,0.0,13.7,5.1,18.8,0.0,43.17,16.35,59.52,0.0,13.7,5.1,0.0,0.0,0.0,0.0,43.17,0.0,0.0,0.0,16.35,0.0,43.17,16.35,0.0,0.0,36.3,0.0,0.0,0.0,0.0,0.0,0.0,4.5,3.15,38670.0,0.0,155851,,6.57,,,,,,,5.44
1762821,9465241,,,,,2023-01-19,,Container,0.0,21.1,5.3,26.4,0.0,66.49,16.99,83.43,6.2,14.9,5.3,0.0,19.54,0.0,0.0,46.95,0.0,0.0,0.0,16.99,19.54,46.95,16.99,0.0,11.2,43.1,0.0,0.0,0.0,0.0,0.0,0.0,9.93,6.5,83599.33,0.0,155851,,5.9,,,,,,,5.44
1762824,9465241,,,,,2023-01-22,,Container,0.0,9.4,3.4,12.8,0.0,29.62,10.9,40.43,0.0,9.4,3.4,0.0,0.0,0.0,0.0,29.62,0.0,0.0,0.0,10.9,0.0,29.62,10.9,0.0,0.0,24.0,0.0,0.0,0.0,0.0,0.0,0.0,10.4,7.8,93730.0,0.0,155851,,5.57,,,,,,,5.44
1762825,9465241,,,,,2023-01-23,,Container,0.0,9.41,3.4,12.81,0.0,29.65,10.9,40.46,0.0,9.41,3.4,0.0,0.0,0.0,0.0,29.65,0.0,0.0,0.0,10.9,0.0,29.65,10.9,0.0,0.0,24.0,0.0,0.0,0.0,0.0,0.0,0.0,10.4,7.8,93730.0,0.0,155851,,5.72,,,,,,,5.44
1762826,9465241,,,,,2023-01-24,,Container,0.0,9.5,3.4,12.9,0.0,29.93,10.9,40.75,0.0,9.5,3.4,0.0,0.0,0.0,0.0,29.93,0.0,0.0,0.0,10.9,0.0,29.93,10.9,0.0,0.0,24.0,0.0,0.0,0.0,0.0,0.0,0.0,10.4,7.8,93730.0,0.0,155851,,5.86,,,,,,,5.44
1762827,9465241,,,,,2023-01-25,,Container,0.0,22.0,4.1,26.1,0.0,69.32,13.14,82.29,8.9,13.1,4.1,0.0,28.04,0.0,0.0,41.28,0.0,0.0,0.0,13.14,28.04,41.28,13.14,0.0,5.2,38.7,0.0,0.0,0.0,0.0,0.0,0.0,10.4,7.8,93730.0,0.0,155851,,6.15,,,,,,,5.44
1762828,9465241,,,,,2023-01-26,,Container,0.0,6.5,2.5,9.0,0.0,20.48,8.02,28.5,0.0,6.5,2.5,0.0,0.0,0.0,0.0,20.48,0.0,0.0,0.0,8.02,0.0,20.48,8.02,0.0,0.0,18.0,0.0,0.0,0.0,0.0,0.0,0.0,0.0,0.0,0.0,0.0,155851,,6.24,,,,,,,5.44
1762829,9465241,,,,,2023-01-27,,Container,0.0,7.9,3.3,11.2,0.0,24.89,10.58,35.47,0.0,7.9,3.3,0.0,0.0,0.0,0.0,24.89,0.0,0.0,0.0,10.58,0.0,24.89,10.58,0.0,0.0,24.0,0.0,0.0,0.0,0.0,0.0,0.0,0.0,0.0,0.0,0.0,155851,,6.37,,,,,,,5.44
1762830,9465241,,,,,2023-01-28,,Container,0.0,20.6,4.6,25.2,0.0,64.91,14.75,79.66,7.6,13.0,4.6,0.0,23.95,0.0,0.0,40.96,0.0,0.0,0.0,14.75,23.95,40.96,14.75,0.0,5.1,40.7,0.0,0.0,2.0,0.0,0.0,96.67,6.67,4.53,56990.0,45.0,155851,,6.65,,,,,,,5.44
1762832,9465241,,,,,2023-01-30,,Container,0.0,9.4,3.5,12.9,0.0,29.62,11.22,40.81,1.0,8.4,3.5,0.0,3.15,0.0,0.0,26.47,0.0,0.0,0.0,11.22,3.15,26.47,11.22,0.0,6.5,33.0,0.0,0.0,0.0,0.0,0.0,0.0,6.97,5.27,63582.33,0.0,155851,,6.09,,,,,,,5.44
1762839,9465241,,,,,2023-02-06,,Container,0.0,8.7,2.5,11.2,0.0,27.41,8.02,35.29,1.8,6.9,2.5,0.0,5.67,0.0,0.0,21.74,0.0,0.0,0.0,8.02,5.67,21.74,8.02,0.0,9.8,19.5,0.0,0.0,0.0,0.0,0.0,0.0,5.25,4.55,50710.5,0.0,155851,,4.85,,,,,,,5.44
1762840,9465241,,,,,2023-02-07,,Container,0.0,14.4,5.3,19.7,0.0,45.37,16.99,60.33,1.6,12.8,5.3,0.0,5.04,0.0,0.0,40.33,0.0,0.0,0.0,16.99,5.04,40.33,16.99,0.0,1.3,35.0,0.0,0.0,8.33,0.0,0.0,30.0,7.8,7.33,80562.0,92.33,155851,,4.94,,,,,,,5.44
1762844,9465241,,,,,2023-02-11,,Container,0.0,14.5,4.1,18.6,0.0,45.69,13.14,49.7,4.7,9.8,4.1,0.0,14.81,0.0,0.0,30.88,0.0,0.0,0.0,13.14,14.81,30.88,13.14,0.0,3.5,31.9,0.0,0.0,8.0,0.0,0.0,6.67,9.8,9.72,112388.67,90.67,155851,,4.85,,,,,,,5.44
1762846,9465241,,,,,2023-02-13,,Container,0.0,4.0,2.4,6.4,0.0,12.6,7.69,17.49,0.0,4.0,2.4,0.0,0.0,0.0,0.0,12.6,0.0,0.0,0.0,7.69,0.0,12.6,7.69,0.0,0.0,16.3,0.0,0.0,0.0,0.0,0.0,0.0,0.0,0.0,0.0,0.0,155851,,4.91,,,,,,,5.44
1762847,9465241,,,,,2023-02-14,,Container,0.0,14.68,4.6,19.28,0.0,46.26,14.75,52.14,2.2,12.48,4.6,0.0,6.93,0.0,0.0,39.32,0.0,0.0,0.0,14.75,6.93,39.32,14.75,0.0,1.6,33.7,0.0,0.0,8.33,0.0,0.0,3.33,10.52,10.52,122694.67,89.0,155851,,4.97,,,,,,,5.44
1762850,9465241,,,,,2023-02-17,,Container,0.0,10.2,1.8,12.0,0.0,32.14,5.77,28.11,3.7,6.5,1.8,0.0,11.66,0.0,0.0,20.48,0.0,0.0,0.0,5.77,11.66,20.48,5.77,0.0,6.3,19.9,0.0,0.0,8.67,0.0,0.0,6.67,15.78,15.78,184470.67,57.67,155851,,5.04,,,,,,,5.44
1762855,9465241,,,,,2023-02-22,,Container,0.0,9.5,3.3,12.8,0.0,29.93,10.58,38.23,1.1,8.4,3.3,0.0,3.47,0.0,0.0,26.47,0.0,0.0,0.0,10.58,3.47,26.47,10.58,0.0,1.2,24.2,0.0,0.0,7.33,0.0,0.0,10.0,9.53,9.54,109362.0,74.67,155851,,5.05,,,,,,,5.44
1762858,9465241,,,,,2023-02-25,,Container,0.0,28.0,3.3,31.3,0.0,88.23,10.58,94.24,14.9,13.1,3.3,0.0,46.95,0.0,0.0,41.28,0.0,0.0,0.0,10.58,46.95,41.28,10.58,0.0,12.9,42.2,0.0,0.0,10.0,0.0,0.0,15.0,14.3,14.3,164043.0,171.0,155851,,5.03,,,,,,,5.44
1762861,9465241,,,,,2023-02-28,,Container,0.0,10.8,3.7,14.5,0.0,34.03,11.86,43.6,0.0,10.8,3.7,0.0,0.0,0.0,0.0,34.03,0.0,0.0,0.0,11.86,0.0,34.03,11.86,0.0,0.0,24.0,0.0,0.0,0.0,0.0,0.0,0.0,14.3,14.3,164043.0,0.0,155851,,4.98,,,,,,,5.44
1762862,9465241,,,,,2023-03-01,,Container,0.0,8.7,3.7,12.4,0.0,27.41,11.86,36.98,1.4,7.3,3.7,0.0,4.41,0.0,0.0,23.0,0.0,0.0,0.0,11.86,4.41,23.0,11.86,0.0,2.5,24.0,0.0,0.0,0.0,0.0,0.0,0.0,14.3,14.3,164043.0,0.0,155851,,5.01,,,,,,,5.44
1762863,9465241,,,,,2023-03-02,,Container,0.0,13.9,4.2,18.1,0.0,43.8,13.47,52.68,2.2,11.7,4.2,0.0,6.93,0.0,0.0,36.87,0.0,0.0,0.0,13.47,6.93,36.87,13.47,0.0,23.5,33.3,0.0,0.0,0.0,0.0,0.0,0.0,14.35,14.3,164043.0,0.0,155851,,5.04,,,,,,,5.44
1762869,9465241,,,,,2023-03-08,,Container,0.0,8.1,11.3,19.4,0.0,25.52,36.23,53.98,4.6,11.2,3.6,0.0,14.49,0.0,0.0,11.03,24.69,0.0,0.0,11.54,14.49,35.71,11.54,0.0,6.9,33.2,0.0,0.0,5.0,0.0,0.0,9.0,7.34,7.14,78789.4,25.0,155851,,5.02,,,,,,,5.44
1762876,9465241,,,,,2023-03-15,,Container,0.0,10.38,15.0,25.38,0.0,32.71,48.09,77.31,10.38,11.3,3.7,0.0,32.71,0.0,0.0,0.0,36.23,0.0,0.0,11.86,32.71,36.23,11.86,0.0,9.4,40.4,0.0,0.0,0.0,0.0,0.0,0.0,5.8,5.3,59848.5,0.0,155851,,5.19,,,,,,,5.44
1762877,9465241,,,,,2023-03-16,,Container,0.0,0.0,15.6,15.6,0.0,0.0,50.01,47.54,0.0,10.6,5.0,0.0,0.0,0.0,0.0,0.0,33.98,0.0,0.0,16.03,0.0,33.98,16.03,0.0,0.0,33.1,0.0,0.0,0.0,0.0,0.0,0.0,5.8,5.3,59848.5,0.0,155851,,5.22,,,,,,,5.44
1762879,9465241,,,,,2023-03-18,,Container,0.0,0.0,28.7,28.7,0.0,0.0,92.01,89.54,18.4,8.3,2.0,0.0,0.0,58.99,0.0,0.0,26.61,0.0,0.0,6.41,58.99,26.61,6.41,0.0,9.6,29.5,0.0,0.0,0.0,0.0,0.0,0.0,6.65,6.2,59848.5,0.0,155851,,5.31,,,,,,,5.44
1762880,9465241,,,,,2023-03-19,,Container,0.0,0.0,38.8,38.8,0.0,0.0,124.39,123.16,22.6,12.6,3.6,0.0,0.0,72.46,0.0,0.0,40.4,0.0,0.0,11.54,72.46,40.4,11.54,0.0,8.1,38.5,0.0,0.0,11.33,0.0,0.0,5.0,8.9,8.85,86481.0,100.67,155851,,5.37,,,,,,,5.44
1762882,9465241,,,,,2023-03-21,,Container,0.0,8.56,5.0,13.56,0.0,26.97,16.03,43.0,0.0,8.56,5.0,0.0,0.0,0.0,0.0,26.97,0.0,0.0,0.0,16.03,0.0,26.97,16.03,0.0,0.0,33.4,0.0,0.0,0.0,0.0,0.0,0.0,4.97,4.93,48768.0,0.0,155851,,5.49,,,,,,,5.44
1762884,9465241,,,,,2023-03-23,,Container,0.0,4.5,2.0,6.5,0.0,14.18,6.41,20.59,0.0,4.5,2.0,0.0,0.0,0.0,0.0,14.18,0.0,0.0,0.0,6.41,0.0,14.18,6.41,0.0,0.0,12.7,0.0,0.0,0.0,0.0,0.0,0.0,0.0,0.0,0.0,0.0,155851,,5.56,,,,,,,5.44
1762895,9465241,,,,,2023-04-03,,Container,0.0,30.2,2.7,32.9,0.0,95.16,8.66,91.68,15.3,14.9,2.7,0.0,48.21,0.0,0.0,46.95,0.0,0.0,0.0,8.66,48.21,46.95,8.66,0.0,12.3,35.5,0.0,0.0,17.0,0.0,0.0,10.0,15.8,15.4,183420.0,193.0,155851,,5.42,,,,,,,5.44
1762898,9465241,,,,,2023-04-06,,Container,0.0,5.1,1.4,6.5,0.0,16.07,4.49,9.34,0.0,5.1,1.4,0.0,0.0,0.0,0.0,16.07,0.0,0.0,0.0,4.49,0.0,16.07,4.49,0.0,0.0,10.2,0.0,0.0,0.0,0.0,0.0,0.0,0.0,0.0,0.0,0.0,155851,,5.34,,,,,,,5.44
1762900,9465241,,,,,2023-04-08,,Container,0.0,7.1,1.8,8.9,0.0,22.37,5.77,25.15,1.5,5.6,1.8,0.0,4.73,0.0,0.0,17.65,0.0,0.0,0.0,5.77,4.73,17.65,5.77,0.0,1.6,15.5,0.0,0.0,13.0,0.0,0.0,170.0,15.8,15.4,182765.0,134.0,155851,,5.38,,,,,,,5.44
1762908,9465241,,,,,2023-04-16,,Container,0.0,4.1,1.4,5.5,0.0,12.92,4.49,16.29,0.0,4.1,1.4,0.0,0.0,0.0,0.0,12.92,0.0,0.0,0.0,4.49,0.0,12.92,4.49,0.0,0.0,9.0,0.0,0.0,0.0,0.0,0.0,0.0,0.0,0.0,0.0,0.0,155851,,5.22,,,,,,,5.44
1762911,9465241,,,,,2023-04-19,,Container,0.0,14.1,3.2,17.3,0.0,44.43,10.26,51.51,3.6,10.5,3.2,0.0,11.34,0.0,0.0,33.09,0.0,0.0,0.0,10.26,11.34,33.09,10.26,0.0,2.9,27.4,0.0,0.0,8.0,0.0,0.0,3.33,9.73,8.07,70639.33,91.0,155851,,5.23,,,,,,,5.44
1762914,9465241,,,,,2023-04-22,,Container,0.0,14.5,4.4,18.9,0.0,45.69,14.11,57.71,1.0,13.5,4.4,0.0,3.15,0.0,0.0,42.54,0.0,0.0,0.0,14.11,3.15,42.54,14.11,0.0,7.0,34.8,0.0,0.0,0.0,0.0,0.0,0.0,14.6,12.1,105820.0,0.0,155851,,5.21,,,,,,,5.44
1762915,9465241,,,,,2023-04-23,,Container,0.0,14.8,3.5,18.3,0.0,46.63,11.22,54.08,2.4,12.4,3.5,0.0,7.56,0.0,0.0,39.07,0.0,0.0,0.0,11.22,7.56,39.07,11.22,0.0,1.2,24.7,0.0,0.0,6.0,0.0,0.0,6.67,10.03,10.02,114504.0,84.67,155851,,5.23,,,,,,,5.44
1762919,9465241,,,,,2023-04-27,,Container,0.0,12.0,2.0,14.0,0.0,37.81,6.41,42.86,3.4,8.6,2.0,0.0,10.71,0.0,0.0,27.1,0.0,0.0,0.0,6.41,10.71,27.1,6.41,0.0,16.0,22.4,0.0,0.0,0.0,0.0,0.0,0.0,15.2,15.2,171650.0,0.0,155851,,5.22,,,,,,,5.44
1762920,9465241,,,,,2023-04-28,,Container,0.0,10.9,3.4,14.3,0.0,34.35,10.9,44.34,0.0,10.9,3.4,0.0,0.0,0.0,0.0,34.35,0.0,0.0,0.0,10.9,0.0,34.35,10.9,0.0,0.0,23.0,0.0,0.0,0.0,0.0,0.0,0.0,0.0,0.0,0.0,0.0,155851,,5.23,,,,,,,5.44
1762921,9465241,,,,,2023-04-29,,Container,0.0,11.2,3.5,14.7,0.0,35.29,11.22,45.6,0.0,11.2,3.5,0.0,0.0,0.0,0.0,35.29,0.0,0.0,0.0,11.22,0.0,35.29,11.22,0.0,0.0,24.0,0.0,0.0,0.0,0.0,0.0,0.0,0.0,0.0,0.0,0.0,155851,,5.25,,,,,,,5.44
1762922,9465241,,,,,2023-04-30,,Container,0.0,11.0,3.8,14.8,0.0,34.66,12.18,45.94,0.9,10.1,3.8,0.0,2.84,0.0,0.0,31.83,0.0,0.0,0.0,12.18,2.84,31.83,12.18,0.0,0.0,27.9,0.0,0.0,0.0,0.0,0.0,0.0,0.0,0.0,0.0,0.0,155851,,5.26,,,,,,,5.44
1762923,9465241,,,,,2023-05-01,,Container,0.0,13.7,6.1,19.8,0.0,43.17,19.56,60.91,1.5,12.2,6.1,0.0,4.73,0.0,0.0,38.44,0.0,0.0,0.0,19.56,4.73,38.44,19.56,0.0,0.0,46.3,0.0,0.0,0.0,0.0,0.0,0.0,7.55,7.45,85825.0,0.0,155851,,5.28,,,,,,,5.44
1762943,9465241,,,,,2023-05-21,,Container,0.0,11.0,3.6,14.6,0.0,34.66,11.54,45.64,0.0,11.0,3.6,0.0,0.0,0.0,0.0,34.66,0.0,0.0,0.0,11.54,0.0,34.66,11.54,0.0,0.0,24.0,0.0,0.0,0.0,0.0,0.0,0.0,0.0,0.0,0.0,0.0,155851,,5.21,,,,,,,5.44
1762946,9465241,,,,,2023-05-24,,Container,0.0,11.5,3.6,15.1,0.0,36.24,11.54,47.78,0.0,11.5,3.6,0.0,0.0,0.0,0.0,36.24,0.0,0.0,0.0,11.54,0.0,36.24,11.54,0.0,0.0,24.0,0.0,0.0,0.0,0.0,0.0,0.0,0.0,0.0,0.0,0.0,155851,,5.24,,,,,,,5.44
1762951,9465241,,,,,2023-05-29,,Container,0.0,12.6,2.7,15.3,0.0,39.7,8.66,47.96,3.3,9.3,2.7,0.0,10.4,0.0,0.0,29.3,0.0,0.0,0.0,8.66,10.4,29.3,8.66,0.0,1.4,21.8,0.0,0.0,9.33,0.0,0.0,113.33,6.6,5.1,58699.07,81.67,155851,,5.3,,,,,,,5.44
1762957,9465241,,,,,2023-06-04,,Container,0.0,32.9,2.3,35.2,0.0,103.67,7.37,111.04,22.1,10.8,2.3,0.0,69.64,0.0,0.0,34.03,0.0,0.0,0.0,7.37,69.64,34.03,7.37,0.0,20.9,24.0,0.0,0.0,0.0,0.0,0.0,0.0,9.9,7.8,87530.0,0.0,155851,,5.4,,,,,,,5.44
1762958,9465241,,,,,2023-06-05,,Container,0.0,48.97,1.7,50.67,0.0,154.3,5.45,159.75,38.07,10.9,1.7,0.0,119.96,0.0,0.0,34.35,0.0,0.0,0.0,5.45,119.96,34.35,5.45,0.0,24.0,26.0,0.0,0.0,0.0,0.0,0.0,0.0,9.9,7.8,87530.0,0.0,155851,,5.43,,,,,,,5.44
1762959,9465241,,,,,2023-06-06,,Container,0.0,67.7,2.5,70.2,0.0,213.32,8.02,221.34,47.7,20.0,2.5,0.0,150.3,0.0,0.0,63.02,0.0,0.0,0.0,8.02,150.3,63.02,8.02,0.0,34.7,73.7,0.0,0.0,0.0,0.0,0.0,0.0,9.9,7.8,87375.0,0.0,155851,,5.47,,,,,,,5.44
1762960,9465241,,,,,2023-06-07,,Container,0.0,4.2,1.7,5.9,0.0,13.23,5.45,18.68,0.0,4.2,1.7,0.0,0.0,0.0,0.0,13.23,0.0,0.0,0.0,5.45,0.0,13.23,5.45,0.0,0.0,11.3,0.0,0.0,0.0,0.0,0.0,0.0,0.0,0.0,0.0,0.0,155851,,5.48,,,,,,,5.44
1762961,9465241,,,,,2023-06-08,,Container,0.0,7.9,3.6,11.5,0.0,24.89,11.54,36.43,0.0,7.9,3.6,0.0,0.0,0.0,0.0,24.89,0.0,0.0,0.0,11.54,0.0,24.89,11.54,0.0,0.0,24.0,0.0,0.0,0.0,0.0,0.0,0.0,0.0,0.0,0.0,0.0,155851,,5.49,,,,,,,5.44
1762962,9465241,,,,,2023-06-09,,Container,0.0,8.7,3.7,12.4,0.0,27.41,11.86,39.28,0.0,8.7,3.7,0.0,0.0,0.0,0.0,27.41,0.0,0.0,0.0,11.86,0.0,27.41,11.86,0.0,0.0,24.0,0.0,0.0,0.0,0.0,0.0,0.0,0.0,0.0,0.0,0.0,155851,,5.49,,,,,,,5.44
1762963,9465241,,,,,2023-06-10,,Container,0.0,19.1,5.2,24.3,0.0,60.18,16.67,70.32,3.4,15.7,5.2,0.0,10.71,0.0,0.0,49.47,0.0,0.0,0.0,16.67,10.71,49.47,16.67,0.0,2.1,45.7,0.0,0.0,9.33,0.0,0.0,116.67,6.47,6.2,65268.1,31.33,155851,,5.51,,,,,,,5.44
1762974,9465241,,,,,2023-06-21,,Container,0.0,9.4,1.6,11.0,0.0,29.62,5.13,31.48,3.2,6.2,1.6,0.0,10.08,0.0,0.0,19.54,0.0,0.0,0.0,5.13,10.08,19.54,5.13,0.0,2.7,14.1,0.0,0.0,0.0,0.0,0.0,0.0,3.47,2.57,32260.0,0.0,155851,,5.53,,,,,,,5.44
1762984,9465241,,,,,2023-07-01,,Container,0.0,31.2,2.9,34.1,0.0,98.31,9.3,107.01,20.0,11.2,2.9,0.0,63.02,0.0,0.0,35.29,0.0,0.0,0.0,9.3,63.02,35.29,9.3,0.0,6.1,30.6,0.0,0.0,3.0,0.0,0.0,3.33,7.2,6.14,69441.07,13.33,155851,,5.57,,,,,,,5.44
1762991,9465241,,,,,2023-07-08,,Container,0.0,4.9,1.9,6.8,0.0,15.44,6.09,21.23,0.0,4.9,1.9,0.0,0.0,0.0,0.0,15.44,0.0,0.0,0.0,6.09,0.0,15.44,6.09,0.0,0.0,13.0,0.0,0.0,0.0,0.0,0.0,0.0,0.0,0.0,0.0,0.0,155851,,5.55,,,,,,,5.44
1762992,9465241,,,,,2023-07-09,,Container,0.0,18.0,4.3,22.3,0.0,56.72,13.79,69.61,5.9,12.1,4.3,0.0,18.59,0.0,0.0,38.13,0.0,0.0,0.0,13.79,18.59,38.13,13.79,0.0,2.7,33.2,0.0,0.0,7.0,0.0,0.0,10.0,7.0,4.93,80986.67,33.0,155851,,5.56,,,,,,,5.44
1762994,9465241,,,,,2023-07-11,,Container,0.0,24.5,3.2,27.7,0.0,77.2,10.26,85.91,13.0,11.5,3.2,0.0,40.96,0.0,0.0,36.24,0.0,0.0,0.0,10.26,40.96,36.24,10.26,0.0,6.5,30.3,0.0,0.0,4.5,0.0,0.0,5.0,10.72,10.3,119245.5,22.5,155851,,5.56,,,,,,,5.44
1762996,9465241,,,,,2023-07-13,,Container,0.0,8.6,3.0,11.6,0.0,27.1,9.62,35.53,0.0,8.6,3.0,0.0,0.0,0.0,0.0,27.1,0.0,0.0,0.0,9.62,0.0,27.1,9.62,0.0,0.0,21.1,0.0,0.0,0.0,0.0,0.0,0.0,7.3,7.0,81650.0,0.0,155851,,5.58,,,,,,,5.44
1762997,9465241,,,,,2023-07-14,,Container,0.0,21.8,0.7,22.5,0.0,68.69,2.24,70.22,15.9,5.9,0.7,0.0,50.1,0.0,0.0,18.59,0.0,0.0,0.0,2.24,50.1,18.59,2.24,0.0,10.1,17.9,0.0,0.0,0.0,0.0,0.0,0.0,14.6,14.0,163260.0,0.0,155851,,5.59,,,,,,,5.44
1762998,9465241,,,,,2023-07-15,,Container,0.0,15.8,3.6,19.4,0.0,49.79,11.54,60.61,4.1,11.7,3.6,0.0,12.92,0.0,0.0,36.87,0.0,0.0,0.0,11.54,12.92,36.87,11.54,0.0,4.5,24.0,0.0,0.0,0.0,0.0,0.0,0.0,14.6,14.0,163230.0,0.0,155851,,5.59,,,,,,,5.44
1762999,9465241,,,,,2023-07-16,,Container,0.0,17.2,3.5,20.7,0.0,54.2,11.22,64.7,5.8,11.4,3.5,0.0,18.28,0.0,0.0,35.92,0.0,0.0,0.0,11.22,18.28,35.92,11.22,0.0,3.1,25.3,0.0,0.0,4.5,0.0,0.0,82.5,3.48,3.4,38575.0,42.5,155851,,5.6,,,,,,,5.44
1763001,9465241,,,,,2023-07-18,,Container,0.0,25.4,5.7,31.1,0.0,80.04,18.27,96.17,5.4,20.0,5.7,0.0,17.02,0.0,0.0,63.02,0.0,0.0,0.0,18.27,17.02,63.02,18.27,0.0,3.5,43.2,0.0,0.0,4.67,0.0,0.0,6.67,8.6,8.58,93582.0,0.0,155851,,5.63,,,,,,,5.44
1763003,9465241,,,,,2023-07-20,,Container,0.0,28.2,5.4,33.6,0.0,88.86,17.31,104.74,9.7,18.5,5.4,0.0,30.56,0.0,0.0,58.29,0.0,0.0,0.0,17.31,30.56,58.29,17.31,0.0,10.1,39.8,0.0,0.0,0.0,0.0,0.0,0.0,12.9,12.9,140300.0,0.0,155851,,5.64,,,,,,,5.44
1763004,9465241,,,,,2023-07-21,,Container,0.0,14.3,1.6,15.9,0.0,45.06,5.13,49.63,8.3,6.0,1.6,0.0,26.15,0.0,0.0,18.91,0.0,0.0,0.0,5.13,26.15,18.91,5.13,0.0,3.2,15.4,0.0,0.0,6.0,0.0,0.0,10.0,6.75,6.75,73992.5,24.0,155851,,5.65,,,,,,,5.44
1763008,9465241,,,,,2023-07-25,,Container,0.0,15.2,2.3,17.5,0.0,47.9,7.37,51.26,6.7,8.5,2.3,0.0,21.11,0.0,0.0,26.78,0.0,0.0,0.0,7.37,21.11,26.78,7.37,0.0,3.4,20.9,0.0,0.0,1.0,0.0,0.0,36.67,10.4,10.4,119267.67,31.0,155851,,5.67,,,,,,,5.44
1763013,9465241,,,,,2023-07-30,,Container,0.0,20.4,5.3,25.7,0.0,64.28,16.99,77.08,3.4,17.0,5.3,0.0,10.71,0.0,0.0,53.57,0.0,0.0,0.0,16.99,10.71,53.57,16.99,0.0,2.5,38.5,0.0,0.0,2.5,0.0,0.0,67.5,8.2,8.2,95667.5,70.0,155851,,5.68,,,,,,,5.44
1763035,9465241,,,,,2023-08-21,,Container,0.0,10.3,3.2,13.5,0.0,32.46,10.26,41.29,0.0,10.3,3.2,0.0,0.0,0.0,0.0,32.46,0.0,0.0,0.0,10.26,0.0,32.46,10.26,0.0,0.0,21.4,0.0,0.0,0.0,0.0,0.0,0.0,16.0,16.0,186653.0,0.0,155851,,5.63,,,,,,,5.44
1763036,9465241,,,,,2023-08-22,,Container,0.0,9.9,2.1,12.0,0.0,31.19,6.73,36.5,2.5,7.4,2.1,0.0,7.88,0.0,0.0,23.32,0.0,0.0,0.0,6.73,7.88,23.32,6.73,0.0,6.2,19.6,0.0,0.0,0.0,0.0,0.0,0.0,16.0,16.0,186638.0,0.0,155851,,5.64,,,,,,,5.44
1763037,9465241,,,,,2023-08-23,,Container,0.0,25.6,6.8,32.4,0.0,80.67,21.8,96.83,3.0,22.6,6.8,0.0,9.45,0.0,0.0,71.21,0.0,0.0,0.0,21.8,9.45,71.21,21.8,0.0,2.5,49.1,0.0,0.0,0.0,0.0,0.0,0.0,7.75,7.0,84445.0,0.0,155851,,5.65,,,,,,,5.44
1763039,9465241,,,,,2023-08-25,,Container,0.0,12.4,0.0,12.4,0.0,39.07,0.0,38.09,0.0,8.7,3.7,0.0,0.0,0.0,0.0,27.41,0.0,0.0,11.66,0.0,0.0,27.41,11.66,0.0,0.0,21.3,0.0,0.0,0.0,0.0,0.0,0.0,0.0,0.0,0.0,0.0,155851,,5.66,,,,,,,5.44
1763040,9465241,,,,,2023-08-26,,Container,0.0,22.0,0.5,22.5,0.0,69.32,1.6,68.02,1.6,14.9,6.0,0.0,5.04,0.0,0.0,46.95,0.0,0.0,17.33,1.6,5.04,46.95,18.93,0.0,1.5,37.7,0.0,0.0,8.33,0.0,0.0,10.0,7.8,7.13,79682.33,48.33,155851,,5.67,,,,,,,5.44
1763043,9465241,,,,,2023-08-29,,Container,0.0,18.7,0.2,18.9,0.0,58.92,0.64,58.62,2.6,12.1,4.2,0.0,8.19,0.0,0.0,38.13,0.0,0.0,12.6,0.64,8.19,38.13,13.25,0.0,2.8,24.0,0.0,0.0,0.0,0.0,0.0,0.0,11.7,10.7,119420.0,0.0,155851,,5.67,,,,,,,5.44
1763044,9465241,,,,,2023-08-30,,Container,0.0,18.4,0.0,18.4,0.0,57.98,0.0,56.08,2.0,12.3,4.1,0.0,6.3,0.0,0.0,38.76,0.0,0.0,12.92,0.0,6.3,38.76,12.92,0.0,5.3,27.5,0.0,0.0,0.0,0.0,0.0,0.0,3.9,3.57,39801.33,0.0,155851,,5.67,,,,,,,5.44
1763045,9465241,,,,,2023-08-31,,Container,0.0,15.2,0.0,15.2,0.0,47.9,0.0,47.9,0.0,11.1,4.1,0.0,0.0,0.0,0.0,34.98,0.0,0.0,12.92,0.0,0.0,34.98,12.92,0.0,0.0,24.0,0.0,0.0,0.0,0.0,0.0,0.0,0.0,0.0,0.0,0.0,155851,,5.68,,,,,,,5.44
1763067,9465241,,,,,2023-09-22,,Container,0.0,17.7,3.6,21.3,0.0,55.77,11.54,67.31,4.1,13.6,3.6,0.0,12.92,0.0,0.0,42.85,0.0,0.0,0.0,11.54,12.92,42.85,11.54,0.0,7.2,30.0,0.0,0.0,0.0,0.0,0.0,0.0,11.1,10.6,114525.0,0.0,155851,,5.59,,,,,,,5.44
1763068,9465241,,,,,2023-09-23,,Container,0.0,4.6,1.3,5.9,0.0,14.49,4.17,18.66,0.9,3.7,1.3,0.0,2.84,0.0,0.0,11.66,0.0,0.0,0.0,4.17,2.84,11.66,4.17,0.0,1.2,10.1,0.0,0.0,13.5,0.0,0.0,175.0,10.8,9.5,106218.5,119.5,155851,,5.59,,,,,,,5.44
1763073,9465241,,,,,2023-09-28,,Container,0.0,16.1,3.1,19.2,0.0,50.73,9.94,60.67,4.0,12.1,3.1,0.0,12.6,0.0,0.0,38.13,0.0,0.0,0.0,9.94,12.6,38.13,9.94,0.0,7.1,32.0,0.0,0.0,2.4,0.0,0.0,64.0,6.36,5.3,64657.0,47.0,155851,,5.57,,,,,,,5.44
1763080,9465241,,,,,2023-10-05,,Container,0.0,11.6,1.7,13.3,0.0,36.55,5.45,42.0,6.4,5.2,1.7,0.0,20.17,0.0,0.0,16.39,0.0,0.0,0.0,5.45,20.17,16.39,5.45,0.0,6.0,15.5,0.0,0.0,0.0,0.0,0.0,0.0,2.14,1.68,19184.2,0.0,155851,,5.53,,,,,,,5.44
1763082,9465241,,,,,2023-10-07,,Container,0.0,6.8,2.8,9.6,0.0,21.43,8.98,30.4,0.0,6.8,2.8,0.0,0.0,0.0,0.0,21.43,0.0,0.0,0.0,8.98,0.0,21.43,8.98,0.0,0.0,15.3,0.0,0.0,0.0,0.0,0.0,0.0,9.9,5.9,76026.0,0.0,155851,,5.54,,,,,,,5.44
1763083,9465241,,,,,2023-10-08,,Container,0.0,17.6,3.6,21.2,0.0,55.46,11.54,67.0,6.5,11.1,3.6,0.0,20.48,0.0,0.0,34.98,0.0,0.0,0.0,11.54,20.48,34.98,11.54,0.0,6.6,24.0,0.0,0.0,0.0,0.0,0.0,0.0,4.95,2.95,38000.0,0.0,155851,,5.55,,,,,,,5.44
1763084,9465241,,,,,2023-10-09,,Container,0.0,18.8,3.9,22.7,0.0,59.24,12.5,71.74,7.6,11.2,3.9,0.0,23.95,0.0,0.0,35.29,0.0,0.0,0.0,12.5,23.95,35.29,12.5,0.0,5.0,24.0,0.0,0.0,0.0,0.0,0.0,0.0,9.9,5.9,75970.0,0.0,155851,,5.56,,,,,,,5.44
1763085,9465241,,,,,2023-10-10,,Container,0.0,17.6,8.95,26.55,0.0,55.46,28.69,84.15,12.9,10.2,3.45,0.0,29.62,11.22,0.0,25.84,6.41,0.0,0.0,11.06,40.84,32.25,11.06,0.0,12.9,31.2,0.0,0.0,0.0,0.0,0.0,0.0,3.3,1.97,25312.0,0.0,155851,,5.56,,,,,,,5.44
1763086,9465241,,,,,2023-10-11,,Container,0.0,0.0,14.2,14.2,0.0,0.0,45.53,45.53,0.0,10.4,3.8,0.0,0.0,0.0,0.0,0.0,33.34,0.0,0.0,12.18,0.0,33.34,12.18,0.0,0.0,24.0,0.0,0.0,0.0,0.0,0.0,0.0,0.0,0.0,0.0,0.0,155851,,5.57,,,,,,,5.44
1763087,9465241,,,,,2023-10-12,,Container,0.0,0.0,8.8,8.8,0.0,0.0,28.21,28.21,0.0,7.7,1.1,0.0,0.0,0.0,0.0,0.0,24.69,0.0,0.0,3.53,0.0,24.69,3.53,0.0,0.0,24.2,0.0,0.0,0.0,0.0,0.0,0.0,0.0,0.0,0.0,0.0,155851,,5.57,,,,,,,5.44
1763088,9465241,,,,,2023-10-13,,Container,0.0,0.0,6.94,6.94,0.0,0.0,22.25,22.25,0.0,6.94,0.0,0.0,0.0,0.0,0.0,0.0,22.25,0.0,0.0,0.0,0.0,22.25,0.0,0.0,0.0,24.0,0.0,0.0,0.0,0.0,0.0,0.0,0.0,0.0,0.0,0.0,155851,,5.57,,,,,,,5.44
1763089,9465241,,,,,2023-10-14,,Container,0.0,0.0,6.9,6.9,0.0,0.0,22.12,22.12,0.0,6.9,0.0,0.0,0.0,0.0,0.0,0.0,22.12,0.0,0.0,0.0,0.0,22.12,0.0,0.0,0.0,24.0,0.0,0.0,0.0,0.0,0.0,0.0,0.0,0.0,0.0,0.0,155851,,5.58,,,,,,,5.44
1763090,9465241,,,,,2023-10-15,,Container,0.0,0.0,6.8,6.8,0.0,0.0,21.8,21.8,0.0,6.8,0.0,0.0,0.0,0.0,0.0,0.0,21.8,0.0,0.0,0.0,0.0,21.8,0.0,0.0,0.0,24.0,0.0,0.0,0.0,0.0,0.0,0.0,0.0,0.0,0.0,0.0,155851,,5.58,,,,,,,5.44
1763091,9465241,,,,,2023-10-16,,Container,0.0,0.0,6.7,6.7,0.0,0.0,21.48,21.48,0.0,6.7,0.0,0.0,0.0,0.0,0.0,0.0,21.48,0.0,0.0,0.0,0.0,21.48,0.0,0.0,0.0,24.0,0.0,0.0,0.0,0.0,0.0,0.0,0.0,0.0,0.0,0.0,155851,,5.58,,,,,,,5.44
1763092,9465241,,,,,2023-10-17,,Container,0.0,0.0,6.4,6.4,0.0,0.0,20.52,20.52,0.0,6.4,0.0,0.0,0.0,0.0,0.0,0.0,20.52,0.0,0.0,0.0,0.0,20.52,0.0,0.0,0.0,24.0,0.0,0.0,0.0,0.0,0.0,0.0,0.0,0.0,0.0,0.0,155851,,5.58,,,,,,,5.44
1763093,9465241,,,,,2023-10-18,,Container,0.0,0.0,9.2,9.2,0.0,0.0,29.5,29.5,0.0,6.3,2.9,0.0,0.0,0.0,0.0,0.0,20.2,0.0,0.0,9.3,0.0,20.2,9.3,0.0,0.0,24.0,0.0,0.0,0.0,0.0,0.0,0.0,0.0,0.0,0.0,0.0,155851,,5.58,,,,,,,5.44
1763094,9465241,,,,,2023-10-19,,Container,0.0,0.0,9.9,9.9,0.0,0.0,31.74,31.74,0.0,6.7,3.2,0.0,0.0,0.0,0.0,0.0,21.48,0.0,0.0,10.26,0.0,21.48,10.26,0.0,0.0,24.0,0.0,0.0,0.0,0.0,0.0,0.0,0.0,0.0,0.0,0.0,155851,,5.59,,,,,,,5.44
1763095,9465241,,,,,2023-10-20,,Container,0.0,0.0,5.9,5.9,0.0,0.0,18.92,18.92,0.0,5.9,0.0,0.0,0.0,0.0,0.0,0.0,18.92,0.0,0.0,0.0,0.0,18.92,0.0,0.0,0.0,24.0,0.0,0.0,0.0,0.0,0.0,0.0,0.0,0.0,0.0,0.0,155851,,5.59,,,,,,,5.44
1763096,9465241,,,,,2023-10-21,,Container,0.0,0.0,6.4,6.4,0.0,0.0,20.52,20.52,0.0,6.4,0.0,0.0,0.0,0.0,0.0,0.0,20.52,0.0,0.0,0.0,0.0,20.52,0.0,0.0,0.0,24.0,0.0,0.0,0.0,0.0,0.0,0.0,0.0,0.0,0.0,0.0,155851,,5.59,,,,,,,5.44
1763097,9465241,,,,,2023-10-22,,Container,0.0,0.0,6.8,6.8,0.0,0.0,21.8,21.8,0.0,6.8,0.0,0.0,0.0,0.0,0.0,0.0,21.8,0.0,0.0,0.0,0.0,21.8,0.0,0.0,0.0,24.0,0.0,0.0,0.0,0.0,0.0,0.0,0.0,0.0,0.0,0.0,155851,,5.59,,,,,,,5.44
1763098,9465241,,,,,2023-10-23,,Container,0.0,0.0,6.6,6.6,0.0,0.0,21.16,21.16,0.0,6.6,0.0,0.0,0.0,0.0,0.0,0.0,21.16,0.0,0.0,0.0,0.0,21.16,0.0,0.0,0.0,24.0,0.0,0.0,0.0,0.0,0.0,0.0,0.0,0.0,0.0,0.0,155851,,5.6,,,,,,,5.44
1763099,9465241,,,,,2023-10-24,,Container,0.0,0.0,6.46,6.46,0.0,0.0,20.71,20.71,0.0,6.46,0.0,0.0,0.0,0.0,0.0,0.0,20.71,0.0,0.0,0.0,0.0,20.71,0.0,0.0,0.0,24.8,0.0,0.0,0.0,0.0,0.0,0.0,0.0,0.0,0.0,0.0,155851,,5.6,,,,,,,5.44
1763100,9465241,,,,,2023-10-25,,Container,0.0,0.0,6.45,6.45,0.0,0.0,20.68,20.68,0.0,6.45,0.0,0.0,0.0,0.0,0.0,0.0,20.68,0.0,0.0,0.0,0.0,20.68,0.0,0.0,0.0,24.0,0.0,0.0,0.0,0.0,0.0,0.0,0.0,0.0,0.0,0.0,155851,,5.6,,,,,,,5.44
1763101,9465241,,,,,2023-10-26,,Container,0.0,0.0,6.45,6.45,0.0,0.0,20.68,20.68,0.0,6.45,0.0,0.0,0.0,0.0,0.0,0.0,20.68,0.0,0.0,0.0,0.0,20.68,0.0,0.0,0.0,24.0,0.0,0.0,0.0,0.0,0.0,0.0,0.0,0.0,0.0,0.0,155851,,5.6,,,,,,,5.44
1763102,9465241,,,,,2023-10-27,,Container,0.0,0.0,6.5,6.5,0.0,0.0,20.84,20.84,0.0,6.5,0.0,0.0,0.0,0.0,0.0,0.0,20.84,0.0,0.0,0.0,0.0,20.84,0.0,0.0,0.0,24.0,0.0,0.0,0.0,0.0,0.0,0.0,0.0,0.0,0.0,0.0,155851,,5.6,,,,,,,5.44
1763103,9465241,,,,,2023-10-28,,Container,0.0,0.0,6.4,6.4,0.0,0.0,20.52,20.52,0.0,6.4,0.0,0.0,0.0,0.0,0.0,0.0,20.52,0.0,0.0,0.0,0.0,20.52,0.0,0.0,0.0,24.7,0.0,0.0,0.0,0.0,0.0,0.0,0.0,0.0,0.0,0.0,155851,,5.61,,,,,,,5.44
1763104,9465241,,,,,2023-10-29,,Container,0.0,0.0,6.3,6.3,0.0,0.0,20.2,20.2,0.0,6.3,0.0,0.0,0.0,0.0,0.0,0.0,20.2,0.0,0.0,0.0,0.0,20.2,0.0,0.0,0.0,24.0,0.0,0.0,0.0,0.0,0.0,0.0,0.0,0.0,0.0,0.0,155851,,5.61,,,,,,,5.44
1763105,9465241,,,,,2023-10-30,,Container,0.0,0.0,6.0,6.0,0.0,0.0,19.24,19.24,0.0,6.0,0.0,0.0,0.0,0.0,0.0,0.0,19.24,0.0,0.0,0.0,0.0,19.24,0.0,0.0,0.0,24.0,0.0,0.0,0.0,0.0,0.0,0.0,0.0,0.0,0.0,0.0,155851,,5.61,,,,,,,5.44
1763106,9465241,,,,,2023-10-31,,Container,0.0,0.0,5.9,5.9,0.0,0.0,18.92,18.92,0.0,5.9,0.0,0.0,0.0,0.0,0.0,0.0,18.92,0.0,0.0,0.0,0.0,18.92,0.0,0.0,0.0,24.0,0.0,0.0,0.0,0.0,0.0,0.0,0.0,0.0,0.0,0.0,155851,,5.61,,,,,,,5.44
1763107,9465241,,,,,2023-11-01,,Container,0.0,0.0,5.95,5.95,0.0,0.0,19.08,19.08,0.0,5.95,0.0,0.0,0.0,0.0,0.0,0.0,19.08,0.0,0.0,0.0,0.0,19.08,0.0,0.0,0.0,24.0,0.0,0.0,0.0,0.0,0.0,0.0,0.0,0.0,0.0,0.0,155851,,5.61,,,,,,,5.44
1763108,9465241,,,,,2023-11-02,,Container,0.0,0.0,5.85,5.85,0.0,0.0,18.76,18.76,0.0,5.85,0.0,0.0,0.0,0.0,0.0,0.0,18.76,0.0,0.0,0.0,0.0,18.76,0.0,0.0,0.0,24.0,0.0,0.0,0.0,0.0,0.0,0.0,0.0,0.0,0.0,0.0,155851,,5.62,,,,,,,5.44
1763109,9465241,,,,,2023-11-03,,Container,0.0,0.0,5.65,5.65,0.0,0.0,18.11,18.11,0.0,5.65,0.0,0.0,0.0,0.0,0.0,0.0,18.11,0.0,0.0,0.0,0.0,18.11,0.0,0.0,0.0,24.0,0.0,0.0,0.0,0.0,0.0,0.0,0.0,0.0,0.0,0.0,155851,,5.62,,,,,,,5.44
1763110,9465241,,,,,2023-11-04,,Container,0.0,0.0,5.35,5.35,0.0,0.0,17.15,17.15,0.0,5.35,0.0,0.0,0.0,0.0,0.0,0.0,17.15,0.0,0.0,0.0,0.0,17.15,0.0,0.0,0.0,24.0,0.0,0.0,0.0,0.0,0.0,0.0,0.0,0.0,0.0,0.0,155851,,5.62,,,,,,,5.44
1763111,9465241,,,,,2023-11-05,,Container,0.0,0.0,5.3,5.3,0.0,0.0,16.99,16.99,0.0,5.3,0.0,0.0,0.0,0.0,0.0,0.0,16.99,0.0,0.0,0.0,0.0,16.99,0.0,0.0,0.0,24.0,0.0,0.0,0.0,0.0,0.0,0.0,0.0,0.0,0.0,0.0,155851,,5.62,,,,,,,5.44
1763112,9465241,,,,,2023-11-06,,Container,0.0,0.0,5.3,5.3,0.0,0.0,16.99,16.99,0.0,5.3,0.0,0.0,0.0,0.0,0.0,0.0,16.99,0.0,0.0,0.0,0.0,16.99,0.0,0.0,0.0,24.0,0.0,0.0,0.0,0.0,0.0,0.0,0.0,0.0,0.0,0.0,155851,,5.62,,,,,,,5.44
1763113,9465241,,,,,2023-11-07,,Container,0.0,0.0,5.1,5.1,0.0,0.0,16.35,16.35,0.0,5.1,0.0,0.0,0.0,0.0,0.0,0.0,16.35,0.0,0.0,0.0,0.0,16.35,0.0,0.0,0.0,24.0,0.0,0.0,0.0,0.0,0.0,0.0,0.0,0.0,0.0,0.0,155851,,5.62,,,,,,,5.44
1763114,9465241,,,,,2023-11-08,,Container,0.0,0.0,5.3,5.3,0.0,0.0,16.99,16.99,0.0,5.3,0.0,0.0,0.0,0.0,0.0,0.0,16.99,0.0,0.0,0.0,0.0,16.99,0.0,0.0,0.0,24.0,0.0,0.0,0.0,0.0,0.0,0.0,0.0,0.0,0.0,0.0,155851,,5.63,,,,,,,5.44
1763115,9465241,,,,,2023-11-09,,Container,0.0,0.0,5.1,5.1,0.0,0.0,16.35,16.35,0.0,5.1,0.0,0.0,0.0,0.0,0.0,0.0,16.35,0.0,0.0,0.0,0.0,16.35,0.0,0.0,0.0,24.0,0.0,0.0,0.0,0.0,0.0,0.0,0.0,0.0,0.0,0.0,155851,,5.63,,,,,,,5.44
1763116,9465241,,,,,2023-11-10,,Container,0.0,0.0,5.2,5.2,0.0,0.0,16.67,16.67,0.0,5.2,0.0,0.0,0.0,0.0,0.0,0.0,16.67,0.0,0.0,0.0,0.0,16.67,0.0,0.0,0.0,24.0,0.0,0.0,0.0,0.0,0.0,0.0,0.0,0.0,0.0,0.0,155851,,5.63,,,,,,,5.44
1763117,9465241,,,,,2023-11-11,,Container,0.0,0.0,5.1,5.1,0.0,0.0,16.35,16.35,0.0,5.1,0.0,0.0,0.0,0.0,0.0,0.0,16.35,0.0,0.0,0.0,0.0,16.35,0.0,0.0,0.0,24.0,0.0,0.0,0.0,0.0,0.0,0.0,0.0,0.0,0.0,0.0,155851,,5.63,,,,,,,5.44
1763118,9465241,,,,,2023-11-12,,Container,0.0,0.0,5.0,5.0,0.0,0.0,16.03,16.03,0.0,5.0,0.0,0.0,0.0,0.0,0.0,0.0,16.03,0.0,0.0,0.0,0.0,16.03,0.0,0.0,0.0,24.0,0.0,0.0,0.0,0.0,0.0,0.0,0.0,0.0,0.0,0.0,155851,,5.63,,,,,,,5.44
1763119,9465241,,,,,2023-11-13,,Container,0.0,0.0,5.1,5.1,0.0,0.0,16.35,16.35,0.0,5.1,0.0,0.0,0.0,0.0,0.0,0.0,16.35,0.0,0.0,0.0,0.0,16.35,0.0,0.0,0.0,24.0,0.0,0.0,0.0,0.0,0.0,0.0,0.0,0.0,0.0,0.0,155851,,5.63,,,,,,,5.44
1763120,9465241,,,,,2023-11-14,,Container,0.0,0.0,5.0,5.0,0.0,0.0,16.03,16.03,0.0,5.0,0.0,0.0,0.0,0.0,0.0,0.0,16.03,0.0,0.0,0.0,0.0,16.03,0.0,0.0,0.0,24.0,0.0,0.0,0.0,0.0,0.0,0.0,0.0,0.0,0.0,0.0,155851,,5.63,,,,,,,5.44
1763121,9465241,,,,,2023-11-15,,Container,0.0,0.0,4.9,4.9,0.0,0.0,15.71,15.71,0.0,4.9,0.0,0.0,0.0,0.0,0.0,0.0,15.71,0.0,0.0,0.0,0.0,15.71,0.0,0.0,0.0,24.0,0.0,0.0,0.0,0.0,0.0,0.0,0.0,0.0,0.0,0.0,155851,,5.64,,,,,,,5.44
1763122,9465241,,,,,2023-11-16,,Container,0.0,0.0,5.1,5.1,0.0,0.0,16.35,16.35,0.0,5.1,0.0,0.0,0.0,0.0,0.0,0.0,16.35,0.0,0.0,0.0,0.0,16.35,0.0,0.0,0.0,24.0,0.0,0.0,0.0,0.0,0.0,0.0,0.0,0.0,0.0,0.0,155851,,5.64,,,,,,,5.44
1763123,9465241,,,,,2023-11-17,,Container,0.0,0.0,4.9,4.9,0.0,0.0,15.71,15.71,0.0,4.9,0.0,0.0,0.0,0.0,0.0,0.0,15.71,0.0,0.0,0.0,0.0,15.71,0.0,0.0,0.0,24.0,0.0,0.0,0.0,0.0,0.0,0.0,0.0,0.0,0.0,0.0,155851,,5.64,,,,,,,5.44
1763124,9465241,,,,,2023-11-18,,Container,0.0,0.0,4.9,4.9,0.0,0.0,15.71,15.71,0.0,4.9,0.0,0.0,0.0,0.0,0.0,0.0,15.71,0.0,0.0,0.0,0.0,15.71,0.0,0.0,0.0,24.3,0.0,0.0,0.0,0.0,0.0,0.0,0.0,0.0,0.0,0.0,155851,,5.64,,,,,,,5.44
1763125,9465241,,,,,2023-11-19,,Container,0.0,0.0,5.1,5.1,0.0,0.0,16.35,16.35,0.0,5.1,0.0,0.0,0.0,0.0,0.0,0.0,16.35,0.0,0.0,0.0,0.0,16.35,0.0,0.0,0.0,24.0,0.0,0.0,0.0,0.0,0.0,0.0,0.0,0.0,0.0,0.0,155851,,5.64,,,,,,,5.44
1763126,9465241,,,,,2023-11-20,,Container,0.0,0.0,4.9,4.9,0.0,0.0,15.71,15.71,0.0,4.9,0.0,0.0,0.0,0.0,0.0,0.0,15.71,0.0,0.0,0.0,0.0,15.71,0.0,0.0,0.0,24.0,0.0,0.0,0.0,0.0,0.0,0.0,0.0,0.0,0.0,0.0,155851,,5.64,,,,,,,5.44
1763127,9465241,,,,,2023-11-21,,Container,0.0,0.0,5.0,5.0,0.0,0.0,16.03,16.03,0.0,5.0,0.0,0.0,0.0,0.0,0.0,0.0,16.03,0.0,0.0,0.0,0.0,16.03,0.0,0.0,0.0,24.0,0.0,0.0,0.0,0.0,0.0,0.0,0.0,0.0,0.0,0.0,155851,,5.65,,,,,,,5.44
1763128,9465241,,,,,2023-11-22,,Container,0.0,0.0,4.85,4.85,0.0,0.0,15.55,15.55,0.0,4.85,0.0,0.0,0.0,0.0,0.0,0.0,15.55,0.0,0.0,0.0,0.0,15.55,0.0,0.0,0.0,24.0,0.0,0.0,0.0,0.0,0.0,0.0,0.0,0.0,0.0,0.0,155851,,5.65,,,,,,,5.44
1762810,9465241,,,,,2023-01-08,,Container,0.0,28.9,0.6,29.5,0.0,91.06,1.92,92.99,22.8,6.1,0.6,0.0,71.84,0.0,0.0,19.22,0.0,0.0,0.0,1.92,71.84,19.22,1.92,108.0,14.0,22.6,6.88,6.75,14.5,23.25,1.75,165.0,9.5,6.5,81506.0,144.0,155851,5.52,9.6,,,,,,C,5.44
1762811,9465241,,,,,2023-01-09,,Container,0.0,38.2,3.7,41.9,0.0,120.37,11.86,132.23,23.9,14.3,3.7,0.0,75.31,0.0,0.0,45.06,0.0,0.0,0.0,11.86,75.31,45.06,11.86,311.0,34.0,40.8,6.34,6.43,9.0,22.43,3.57,20.0,9.5,6.5,81506.0,91.67,155851,2.73,6.16,,,,,,A,5.44
1762813,9465241,,,,,2023-01-11,,Container,0.0,45.8,0.4,46.2,0.0,144.32,1.28,142.96,34.9,10.9,0.4,0.0,109.97,0.0,0.0,34.35,0.0,0.0,0.0,1.28,109.97,34.35,1.28,230.0,18.5,18.5,12.38,12.43,39.0,48.2,14.4,20.0,10.6,7.4,91745.0,317.0,155851,3.99,5.85,,,,,,A,5.44
1762814,9465241,,,,,2023-01-12,,Container,0.0,23.9,2.9,26.8,0.0,75.31,9.3,80.82,10.6,13.3,2.9,0.0,33.4,0.0,0.0,41.91,0.0,0.0,0.0,9.3,33.4,41.91,9.3,162.0,24.0,24.0,3.46,3.52,14.0,14.05,8.35,10.0,10.4,7.6,91745.0,153.0,155851,3.2,5.43,,,,,,A,5.44
1762818,9465241,,,,,2023-01-16,,Container,0.0,17.1,1.2,18.3,0.0,53.88,3.85,57.73,12.1,5.0,1.2,0.0,38.13,0.0,0.0,15.76,0.0,0.0,0.0,3.85,38.13,15.76,3.85,55.0,11.5,17.7,5.1,5.19,13.0,17.45,2.45,295.0,9.0,6.3,77340.0,122.0,155851,6.73,6.58,,,,,,E,5.44
1762819,9465241,,,,,2023-01-17,,Container,0.0,19.6,3.4,23.0,0.0,61.76,10.9,72.66,9.6,10.0,3.4,0.0,30.25,0.0,0.0,31.51,0.0,0.0,0.0,10.9,30.25,31.51,10.9,197.0,24.0,24.0,8.13,8.21,26.0,29.7,8.2,30.0,9.0,6.3,77340.0,113.0,155851,2.37,5.92,,,,,,A,5.44
1762820,9465241,,,,,2023-01-18,,Container,0.0,18.4,3.3,21.7,0.0,57.98,10.58,68.56,8.5,9.9,3.3,0.0,26.78,0.0,0.0,31.19,0.0,0.0,0.0,10.58,26.78,31.19,10.58,171.0,21.5,24.0,4.14,4.17,11.0,14.6,2.65,45.0,9.6,6.0,78534.0,101.5,155851,2.57,5.52,,,,,,A,5.44
1762822,9465241,,,,,2023-01-20,,Container,0.0,21.6,0.7,22.3,0.0,68.06,2.24,70.13,17.2,4.4,0.7,0.0,54.2,0.0,0.0,13.86,0.0,0.0,0.0,2.24,54.2,13.86,2.24,121.0,9.9,11.8,7.38,7.56,20.0,26.2,2.05,20.0,10.6,7.5,93730.0,325.5,155851,3.72,5.73,,,,,,A,5.44
1762823,9465241,,,,,2023-01-21,,Container,0.0,52.4,0.8,53.2,0.0,165.11,2.56,167.41,41.2,11.2,0.8,0.0,129.82,0.0,0.0,35.29,0.0,0.0,0.0,2.56,129.82,35.29,2.56,282.0,23.0,27.6,4.95,5.0,6.67,17.8,2.6,116.67,10.4,7.8,93730.0,110.33,155851,3.81,5.43,,,,,,A,5.44
1762831,9465241,,,,,2023-01-29,,Container,0.0,62.7,0.3,63.0,0.0,197.57,0.96,198.53,51.3,11.4,0.3,0.0,161.65,0.0,0.0,35.92,0.0,0.0,0.0,0.96,161.65,35.92,0.96,422.0,28.8,29.0,14.78,14.72,9.0,51.1,3.7,145.0,10.0,6.8,85485.0,138.0,155851,3.02,5.97,,,,,,A,5.44
1762833,9465241,,,,,2023-01-31,,Container,0.0,15.1,0.3,15.4,0.0,47.58,0.96,48.42,11.4,3.7,0.3,0.0,35.92,0.0,0.0,11.66,0.0,0.0,0.0,0.96,35.92,11.66,0.96,98.0,8.6,10.9,7.24,7.32,16.0,26.25,3.75,175.0,10.9,9.0,105262.0,28.0,155851,3.17,5.96,,,,,,A,5.44
1762834,9465241,,,,,2023-02-01,,Container,0.0,50.5,0.0,50.5,0.0,159.13,0.0,159.07,40.7,9.8,0.0,0.0,128.25,0.0,0.0,30.88,0.0,0.0,0.0,0.0,128.25,30.88,0.0,339.0,23.0,23.0,14.39,14.74,22.0,53.4,8.3,20.0,10.9,9.0,105262.0,132.0,155851,3.01,5.59,,,,,,A,5.44
1762835,9465241,,,,,2023-02-02,,Container,0.0,57.0,0.0,57.0,0.0,179.61,0.0,179.55,45.9,11.1,0.0,0.0,144.63,0.0,0.0,34.98,0.0,0.0,0.0,0.0,144.63,34.98,0.0,356.0,24.0,24.0,14.58,14.83,26.0,54.0,8.9,310.0,10.9,9.0,105262.0,126.0,155851,3.24,5.32,,,,,,A,5.44
1762836,9465241,,,,,2023-02-03,,Container,0.0,57.2,0.0,57.2,0.0,180.24,0.0,180.18,46.2,11.0,0.0,0.0,145.58,0.0,0.0,34.66,0.0,0.0,0.0,0.0,145.58,34.66,0.0,360.0,24.0,24.0,14.71,15.0,20.0,54.7,9.0,300.0,10.9,9.0,105262.0,128.0,155851,3.21,5.1,,,,,,A,5.44
1762837,9465241,,,,,2023-02-04,,Container,0.0,54.9,0.0,54.9,0.0,172.99,0.0,172.93,43.6,11.3,0.0,0.0,137.38,0.0,0.0,35.61,0.0,0.0,0.0,0.0,137.38,35.61,0.0,353.0,23.5,23.5,14.85,15.02,24.0,54.6,8.7,320.0,10.9,9.0,105262.0,132.0,155851,3.14,4.91,,,,,,A,5.44
1762838,9465241,,,,,2023-02-05,,Container,0.0,84.5,0.9,85.4,0.0,266.26,2.89,269.03,68.3,16.2,0.9,0.0,215.21,0.0,0.0,51.05,0.0,0.0,0.0,2.89,215.21,51.05,2.89,454.0,32.0,32.0,13.48,13.42,25.5,50.45,12.7,315.0,10.5,9.1,101421.0,91.5,155851,3.8,4.79,,,,,,A,5.44
1762841,9465241,,,,,2023-02-08,,Container,0.0,65.7,0.0,65.7,0.0,207.02,0.0,206.04,59.2,6.5,0.0,0.0,186.54,0.0,0.0,20.48,0.0,0.0,0.0,0.0,186.54,20.48,0.0,286.0,15.5,15.5,17.94,18.45,28.0,66.3,7.6,30.0,11.7,11.0,120843.0,332.0,155851,4.62,4.92,,,,,,B,5.44
1762842,9465241,,,,,2023-02-09,,Container,0.0,57.3,0.0,57.3,0.0,180.55,0.0,179.57,45.6,11.7,0.0,0.0,143.69,0.0,0.0,36.87,0.0,0.0,0.0,0.0,143.69,36.87,0.0,345.0,24.0,31.2,13.79,14.38,26.0,51.8,7.9,20.0,11.7,11.0,120843.0,340.0,155851,3.34,4.81,,,,,,A,5.44
1762843,9465241,,,,,2023-02-10,,Container,0.0,62.0,1.0,63.0,0.0,195.36,3.21,195.63,47.2,14.8,1.0,0.0,148.73,0.0,0.0,46.63,0.0,0.0,0.0,3.21,148.73,46.63,3.21,281.0,24.4,39.7,4.77,4.93,5.67,18.13,3.23,116.67,11.7,11.0,120843.0,106.67,155851,4.47,4.79,,,,,,A,5.44
1762845,9465241,,,,,2023-02-12,,Container,0.0,103.2,0.9,104.1,0.0,325.18,2.89,318.72,91.0,12.2,0.9,0.0,286.74,0.0,0.0,38.44,0.0,0.0,0.0,2.89,286.74,38.44,2.89,373.0,24.7,30.4,12.18,12.46,19.33,46.87,7.83,13.33,14.5,14.4,165742.0,30.0,155851,5.48,4.89,,,,,,C,5.44
1762848,9465241,,,,,2023-02-15,,Container,0.0,82.4,0.1,82.5,0.0,259.64,0.32,256.7,73.0,9.4,0.1,0.0,230.02,0.0,0.0,29.62,0.0,0.0,0.0,0.32,230.02,29.62,0.32,309.0,18.0,20.9,17.06,17.17,27.0,65.1,12.4,30.0,15.8,15.8,184042.0,249.0,155851,5.33,4.99,,,,,,C,5.44
1762849,9465241,,,,,2023-02-16,,Container,0.0,166.6,0.7,167.3,0.0,524.96,2.24,520.68,147.2,19.4,0.7,0.0,463.83,0.0,0.0,61.13,0.0,0.0,0.0,2.24,463.83,61.13,2.24,648.0,37.5,37.5,16.5,16.76,22.5,62.95,11.55,20.0,15.8,15.8,184042.0,267.5,155851,5.16,5.01,,,,,,C,5.44
1762851,9465241,,,,,2023-02-18,,Container,0.0,108.9,0.0,108.9,0.0,343.14,0.0,339.88,97.3,11.6,0.0,0.0,306.59,0.0,0.0,36.55,0.0,0.0,0.0,0.0,306.59,36.55,0.0,426.0,23.0,23.0,17.87,18.52,17.0,68.1,9.7,320.0,15.8,15.8,184685.0,251.0,155851,5.12,5.04,,,,,,C,5.44
1762852,9465241,,,,,2023-02-19,,Container,0.0,104.4,0.0,104.4,0.0,328.96,0.0,325.7,91.5,12.9,0.0,0.0,288.32,0.0,0.0,40.65,0.0,0.0,0.0,0.0,288.32,40.65,0.0,454.0,25.0,34.4,17.52,18.16,2.0,65.8,8.4,160.0,15.8,15.8,184685.0,327.0,155851,4.6,5.02,,,,,,B,5.44
1762853,9465241,,,,,2023-02-20,,Container,0.0,97.0,0.9,97.9,0.0,305.65,2.89,298.75,79.9,17.1,0.9,0.0,251.76,0.0,0.0,53.88,0.0,0.0,0.0,2.89,251.76,53.88,2.89,445.0,33.2,42.4,11.29,11.6,17.33,42.9,6.9,20.0,15.8,15.8,184401.0,124.0,155851,4.31,4.97,,,,,,A,5.44
1762854,9465241,,,,,2023-02-21,,Container,0.0,35.7,2.0,37.7,0.0,112.49,6.41,108.69,26.2,9.5,2.0,0.0,82.56,0.0,0.0,29.93,0.0,0.0,0.0,6.41,82.56,29.93,6.41,74.0,8.1,25.9,4.6,4.6,10.5,18.2,4.03,92.5,15.2,15.2,175537.0,27.5,155851,9.42,5.02,,,,,,E,5.44
1762856,9465241,,,,,2023-02-23,,Container,0.0,48.8,0.0,48.8,0.0,153.77,0.0,151.49,36.7,12.1,0.0,0.0,115.64,0.0,0.0,38.13,0.0,0.0,0.0,0.0,115.64,38.13,0.0,271.0,23.5,25.8,11.7,11.53,28.0,44.7,14.3,10.0,14.3,14.3,164043.0,325.0,155851,3.59,5.0,,,,,,A,5.44
1762857,9465241,,,,,2023-02-24,,Container,0.0,58.3,0.6,58.9,0.0,183.7,1.92,181.06,44.2,14.1,0.6,0.0,139.27,0.0,0.0,44.43,0.0,0.0,0.0,1.92,139.27,44.43,1.92,301.0,28.2,43.3,5.98,6.02,12.0,23.95,8.3,15.0,14.3,14.3,164043.0,167.5,155851,3.86,4.96,,,,,,A,5.44
1762859,9465241,,,,,2023-02-26,,Container,0.0,26.1,0.0,26.1,0.0,82.24,0.0,79.96,19.0,7.1,0.0,0.0,59.87,0.0,0.0,22.37,0.0,0.0,0.0,0.0,59.87,22.37,0.0,179.0,15.5,15.5,11.48,11.55,26.0,43.8,12.5,350.0,14.3,14.3,164043.0,22.0,155851,2.87,4.99,,,,,,A,5.44
1762860,9465241,,,,,2023-02-27,,Container,0.0,19.3,3.6,22.9,0.0,60.81,11.54,66.91,8.9,10.4,3.6,0.0,28.04,0.0,0.0,32.77,0.0,0.0,0.0,11.54,28.04,32.77,11.54,153.0,20.8,24.0,2.52,2.49,8.33,10.1,5.97,15.0,14.3,14.3,164043.0,116.0,155851,2.81,4.95,,,,,,A,5.44
1762864,9465241,,,,,2023-03-03,,Container,0.0,23.5,8.5,32.0,0.0,74.05,27.25,94.41,19.4,10.1,2.5,0.0,61.13,0.0,0.0,12.92,19.24,0.0,0.0,8.02,61.13,32.16,8.02,88.0,7.0,24.8,4.97,5.15,19.0,18.97,3.3,223.33,12.6,12.48,138412.0,149.33,155851,6.88,5.06,,,,,,E,5.44
1762865,9465241,,,,,2023-03-04,,Container,0.0,91.1,0.0,91.1,0.0,287.06,0.0,284.77,79.1,12.0,0.0,0.0,249.24,0.0,0.0,37.81,0.0,0.0,0.0,0.0,249.24,37.81,0.0,387.0,25.0,25.0,15.32,15.48,28.0,59.9,14.2,30.0,12.6,12.5,138412.0,282.0,155851,4.72,5.05,,,,,,B,5.44
1762866,9465241,,,,,2023-03-05,,Container,0.0,84.2,0.0,84.2,0.0,265.31,0.0,263.03,73.0,11.2,0.0,0.0,230.02,0.0,0.0,35.29,0.0,0.0,0.0,0.0,230.02,35.29,0.0,370.0,24.0,24.0,15.29,15.42,36.0,59.3,13.7,10.0,12.6,12.5,138412.0,277.0,155851,4.56,5.03,,,,,,B,5.44
1762867,9465241,,,,,2023-03-06,,Container,0.0,79.2,0.0,79.2,0.0,249.56,0.0,247.28,69.8,9.4,0.0,0.0,219.94,0.0,0.0,29.62,0.0,0.0,0.0,0.0,219.94,29.62,0.0,386.0,25.0,25.0,15.48,15.44,32.0,61.0,16.0,340.0,12.6,12.5,138412.0,279.0,155851,4.11,4.99,,,,,,A,5.44
1762868,9465241,,,,,2023-03-07,,Container,0.0,119.2,0.0,119.2,0.0,375.6,0.0,371.04,105.5,13.7,0.0,0.0,332.43,0.0,0.0,43.17,0.0,0.0,0.0,0.0,332.43,43.17,0.0,489.0,32.5,32.5,14.98,14.98,32.5,60.2,17.45,170.0,12.7,12.5,138075.0,277.0,155851,4.87,4.99,,,,,,B,5.44
1762870,9465241,,,,,2023-03-09,,Container,0.0,85.1,0.0,85.1,0.0,268.15,0.0,266.05,78.3,6.8,0.0,0.0,246.72,0.0,0.0,21.43,0.0,0.0,0.0,0.0,246.72,21.43,0.0,264.0,15.0,15.0,17.4,17.6,38.0,66.1,11.6,350.0,12.0,11.6,127936.0,261.0,155851,6.47,5.06,,,,,,D,5.44
1762871,9465241,,,,,2023-03-10,,Container,0.0,133.0,0.5,133.5,0.0,419.08,1.6,416.47,121.8,11.2,0.5,0.0,383.79,0.0,0.0,35.29,0.0,0.0,0.0,1.6,383.79,35.29,1.6,405.0,25.8,34.0,3.56,3.52,4.4,14.04,3.36,4.0,4.8,4.64,51174.4,10.4,155851,6.6,5.11,,,,,,E,5.44
1762872,9465241,,,,,2023-03-11,,Container,0.0,67.3,7.0,74.3,0.0,212.06,22.44,229.38,61.7,10.6,2.0,0.0,194.42,0.0,0.0,17.65,16.03,0.0,0.0,6.41,194.42,33.68,6.41,197.0,11.9,26.0,4.51,4.56,12.25,17.1,2.85,157.5,8.77,8.02,91002.75,153.25,155851,7.47,5.15,,,,,,E,5.44
1762873,9465241,,,,,2023-03-12,,Container,0.0,129.2,4.9,134.1,0.0,407.11,15.71,421.1,123.2,10.9,0.0,0.0,388.2,0.0,0.0,18.91,15.71,0.0,0.0,0.0,388.2,34.62,0.0,428.0,24.0,31.1,17.71,17.83,11.0,68.0,12.9,200.0,11.7,10.7,121337.0,32.0,155851,6.31,5.2,,,,,,D,5.44
1762874,9465241,,,,,2023-03-13,,Container,0.0,0.0,68.7,68.7,0.0,0.0,220.25,218.5,55.0,12.5,1.2,0.0,0.0,176.33,0.0,0.0,40.08,0.0,0.0,3.85,176.33,40.08,3.85,339.0,24.0,24.0,13.83,14.13,11.0,49.4,5.1,120.0,11.7,10.7,121337.0,75.0,155851,4.14,5.17,,,,,,A,5.44
1762875,9465241,,,,,2023-03-14,,Container,0.0,0.0,27.5,27.5,0.0,0.0,88.16,84.67,9.7,14.1,3.7,0.0,0.0,31.1,0.0,0.0,45.2,0.0,0.0,11.86,31.1,45.2,11.86,140.0,18.5,37.1,4.25,4.38,14.0,15.6,3.4,165.0,11.6,10.6,119697.0,165.5,155851,3.88,5.15,,,,,,A,5.44
1762878,9465241,,,,,2023-03-17,,Container,0.0,62.6,35.3,97.9,0.0,197.25,113.17,306.75,87.9,9.3,0.7,0.0,197.25,81.11,0.0,0.0,29.82,0.0,0.0,2.24,278.36,29.82,2.24,273.0,19.2,33.4,12.48,12.59,18.33,46.47,6.67,23.33,13.17,12.2,119697.0,104.0,155851,7.21,5.26,,,,,,E,5.44
1762881,9465241,,,,,2023-03-20,,Container,0.0,10.4,114.3,124.7,0.0,32.77,366.45,396.75,113.5,10.7,0.5,0.0,0.0,363.88,0.0,32.77,0.96,0.0,0.0,1.6,363.88,33.73,1.6,241.0,22.8,39.5,6.43,6.43,10.67,24.97,4.87,6.67,8.93,8.93,79798.0,59.0,155851,10.56,5.47,,,,,,E,5.44
1762883,9465241,,,,,2023-03-22,,Container,0.0,42.4,2.7,45.1,0.0,133.6,8.66,133.47,32.4,10.0,2.7,0.0,102.09,0.0,0.0,31.51,0.0,0.0,0.0,8.66,102.09,31.51,8.66,14.0,16.4,38.7,1.94,1.94,9.0,8.6,6.2,130.0,14.7,14.4,153469.5,5.75,155851,61.17,5.55,,,,,,E,5.44
1762885,9465241,,,,,2023-03-24,,Container,0.0,35.7,2.7,38.4,0.0,112.49,8.66,85.0,24.7,11.0,2.7,0.0,77.83,0.0,0.0,34.66,0.0,0.0,0.0,8.66,77.83,34.66,8.66,98.0,8.2,33.6,4.87,5.19,12.0,20.87,7.37,233.33,15.8,15.8,183857.6,152.33,155851,5.57,5.56,,,,,,C,5.44
1762886,9465241,,,,,2023-03-25,,Container,0.0,133.45,0.0,133.45,0.0,420.5,0.0,408.38,120.55,12.9,0.0,0.0,379.85,0.0,0.0,40.65,0.0,0.0,0.0,0.0,379.85,40.65,0.0,398.0,24.0,48.0,16.83,16.58,42.0,72.8,24.4,30.0,15.8,15.8,183857.6,209.0,155851,6.58,5.59,,,,,,E,5.44
1762887,9465241,,,,,2023-03-26,,Container,0.0,147.5,0.0,147.5,0.0,464.77,0.0,452.65,135.1,12.4,0.0,0.0,425.7,0.0,0.0,39.07,0.0,0.0,0.0,0.0,425.7,39.07,0.0,429.0,24.0,48.0,17.58,17.88,22.0,71.5,17.0,20.0,15.8,15.8,183857.6,179.0,155851,6.77,5.63,,,,,,E,5.44
1762888,9465241,,,,,2023-03-27,,Container,0.0,74.6,0.0,74.6,0.0,235.06,0.0,222.94,60.2,14.4,0.0,0.0,189.69,0.0,0.0,45.37,0.0,0.0,0.0,0.0,189.69,45.37,0.0,324.0,23.0,23.0,13.83,14.09,20.0,53.8,13.0,20.0,15.8,15.8,183808.0,105.0,155851,4.42,5.6,,,,,,A,5.44
1762889,9465241,,,,,2023-03-28,,Container,0.0,75.9,0.0,75.9,0.0,239.16,0.0,227.04,60.6,15.3,0.0,0.0,190.95,0.0,0.0,48.21,0.0,0.0,0.0,0.0,190.95,48.21,0.0,347.0,24.0,27.1,13.83,14.46,32.0,54.8,12.5,350.0,15.8,15.8,183758.0,87.0,155851,4.2,5.57,,,,,,A,5.44
1762890,9465241,,,,,2023-03-29,,Container,0.0,77.5,0.0,77.5,0.0,244.2,0.0,232.08,62.7,14.8,0.0,0.0,197.57,0.0,0.0,46.63,0.0,0.0,0.0,0.0,197.57,46.63,0.0,328.0,24.0,24.0,13.75,13.67,26.0,55.3,15.4,10.0,15.8,15.8,183708.0,83.0,155851,4.54,5.54,,,,,,B,5.44
1762891,9465241,,,,,2023-03-30,,Container,0.0,73.7,0.0,73.7,0.0,232.23,0.0,220.11,58.2,15.5,0.0,0.0,183.39,0.0,0.0,48.84,0.0,0.0,0.0,0.0,183.39,48.84,0.0,340.0,24.0,26.3,13.96,14.17,30.0,54.0,12.8,20.0,15.8,15.8,183650.0,124.0,155851,4.15,5.51,,,,,,A,5.44
1762892,9465241,,,,,2023-03-31,,Container,0.0,66.2,0.0,66.2,0.0,208.6,0.0,196.48,51.3,14.9,0.0,0.0,161.65,0.0,0.0,46.95,0.0,0.0,0.0,0.0,161.65,46.95,0.0,336.0,24.0,24.4,13.71,14.0,18.0,51.9,10.5,40.0,15.8,15.8,183600.0,108.0,155851,3.75,5.47,,,,,,A,5.44
1762893,9465241,,,,,2023-04-01,,Container,0.0,63.3,0.0,63.3,0.0,199.46,0.0,187.34,48.5,14.8,0.0,0.0,152.82,0.0,0.0,46.63,0.0,0.0,0.0,0.0,152.82,46.63,0.0,337.0,24.0,24.0,13.71,14.04,18.0,51.1,8.7,45.0,15.8,15.8,183550.0,110.0,155851,3.57,5.43,,,,,,A,5.44
1762894,9465241,,,,,2023-04-02,,Container,0.0,80.8,0.4,81.2,0.0,254.6,1.28,219.51,59.6,21.2,0.4,0.0,187.8,0.0,0.0,66.8,0.0,0.0,0.0,1.28,187.8,66.8,1.28,402.0,32.5,36.8,8.68,8.71,12.67,32.57,6.67,123.33,15.8,15.4,183475.0,81.33,155851,3.5,5.38,,,,,,A,5.44
1762896,9465241,,,,,2023-04-04,,Container,0.0,38.9,0.0,38.9,0.0,122.57,0.0,110.45,25.8,13.1,0.0,0.0,81.3,0.0,0.0,41.28,0.0,0.0,0.0,0.0,81.3,41.28,0.0,212.0,17.7,35.4,11.64,11.98,8.0,44.8,11.2,20.0,15.8,15.4,183420.0,140.0,155851,3.34,5.39,,,,,,A,5.44
1762897,9465241,,,,,2023-04-05,,Container,0.0,67.8,1.4,69.2,0.0,213.64,4.49,181.74,41.3,26.5,1.4,0.0,130.14,0.0,0.0,83.5,0.0,0.0,0.0,4.49,130.14,83.5,4.49,388.0,37.1,45.3,9.02,9.47,3.67,28.23,7.07,160.0,15.9,15.5,183336.67,96.67,155851,3.01,5.34,,,,,,A,5.44
1762899,9465241,,,,,2023-04-07,,Container,0.0,43.6,4.9,48.5,0.0,137.38,15.71,129.28,25.9,17.7,4.9,0.0,81.61,0.0,0.0,55.77,0.0,0.0,0.0,15.71,81.61,55.77,15.71,67.0,7.2,44.1,3.83,3.83,5.6,15.02,3.3,12.0,12.96,12.96,153315.36,61.6,155851,12.38,5.37,,,,,,E,5.44
1762901,9465241,,,,,2023-04-09,,Container,0.0,51.0,0.0,51.0,0.0,160.7,0.0,159.57,42.2,8.8,0.0,0.0,132.97,0.0,0.0,27.73,0.0,0.0,0.0,0.0,132.97,27.73,0.0,305.0,22.4,22.7,13.48,13.62,25.0,52.8,14.3,40.0,15.8,15.4,182715.0,126.0,155851,3.36,5.34,,,,,,A,5.44
1762902,9465241,,,,,2023-04-10,,Container,0.0,85.6,0.0,85.6,0.0,269.73,0.0,268.6,74.1,11.5,0.0,0.0,233.49,0.0,0.0,36.24,0.0,0.0,0.0,0.0,233.49,36.24,0.0,340.0,24.0,32.4,14.42,14.17,33.0,59.9,21.4,30.0,15.8,15.4,182650.0,113.0,155851,5.07,5.34,,,,,,B,5.44
1762903,9465241,,,,,2023-04-11,,Container,0.0,71.5,0.0,71.5,0.0,225.3,0.0,224.17,60.4,11.1,0.0,0.0,190.32,0.0,0.0,34.98,0.0,0.0,0.0,0.0,190.32,34.98,0.0,321.0,23.0,23.0,14.26,13.96,26.0,56.8,18.4,30.0,15.8,15.4,182600.0,70.0,155851,4.48,5.32,,,,,,A,5.44
1762904,9465241,,,,,2023-04-12,,Container,0.0,67.0,0.0,67.0,0.0,211.12,0.0,209.99,55.1,11.9,0.0,0.0,173.62,0.0,0.0,37.5,0.0,0.0,0.0,0.0,173.62,37.5,0.0,336.0,24.0,24.0,13.96,14.0,24.0,53.7,13.5,20.0,15.8,15.4,182550.0,65.0,155851,4.01,5.3,,,,,,A,5.44
1762905,9465241,,,,,2023-04-13,,Container,0.0,55.7,0.0,55.7,0.0,175.51,0.0,174.38,44.3,11.4,0.0,0.0,139.59,0.0,0.0,35.92,0.0,0.0,0.0,0.0,139.59,35.92,0.0,313.0,23.0,23.0,13.26,13.61,14.0,50.5,10.6,355.0,15.8,15.4,182500.0,63.0,155851,3.57,5.27,,,,,,A,5.44
1762906,9465241,,,,,2023-04-14,,Container,0.0,60.0,0.0,60.0,0.0,189.06,0.0,187.93,48.9,11.1,0.0,0.0,154.08,0.0,0.0,34.98,0.0,0.0,0.0,0.0,154.08,34.98,0.0,320.0,23.5,23.5,13.62,13.62,8.0,51.7,12.5,330.0,15.8,15.4,182450.0,67.0,155851,3.77,5.24,,,,,,A,5.44
1762907,9465241,,,,,2023-04-15,,Container,0.0,49.6,3.5,53.1,0.0,156.29,11.22,164.13,31.0,18.6,3.5,0.0,97.68,0.0,0.0,58.61,0.0,0.0,0.0,11.22,97.68,58.61,11.22,314.0,39.0,51.7,6.58,6.68,4.67,25.2,7.87,116.67,15.8,15.4,182386.67,51.33,155851,3.35,5.21,,,,,,A,5.44
1762909,9465241,,,,,2023-04-17,,Container,0.0,21.4,3.3,24.7,0.0,67.43,10.58,74.7,12.2,9.2,3.3,0.0,38.44,0.0,0.0,28.99,0.0,0.0,0.0,10.58,38.44,28.99,10.58,26.0,3.2,27.0,5.78,5.78,8.0,23.0,4.47,213.33,14.8,13.7,162269.2,188.67,155851,18.43,5.24,,,,,,E,5.44
1762910,9465241,,,,,2023-04-18,,Container,0.0,65.7,1.2,66.9,0.0,207.02,3.85,207.58,47.8,17.9,1.2,0.0,150.62,0.0,0.0,56.4,0.0,0.0,0.0,3.85,150.62,56.4,3.85,343.0,34.6,43.7,7.82,7.88,10.67,29.77,8.13,196.67,14.93,14.03,162213.33,69.67,155851,3.88,5.21,,,,,,A,5.44
1762912,9465241,,,,,2023-04-20,,Container,0.0,25.4,0.0,25.4,0.0,80.04,0.0,79.0,17.9,7.5,0.0,0.0,56.4,0.0,0.0,23.63,0.0,0.0,0.0,0.0,56.4,23.63,0.0,145.0,13.7,18.0,10.36,10.58,26.0,42.0,16.3,10.0,14.6,12.1,105920.0,327.0,155851,3.5,5.22,,,,,,A,5.44
1762913,9465241,,,,,2023-04-21,,Container,0.0,42.7,0.0,42.7,0.0,134.55,0.0,133.51,30.1,12.6,0.0,0.0,94.85,0.0,0.0,39.7,0.0,0.0,0.0,0.0,94.85,39.7,0.0,248.0,23.0,28.9,10.65,10.78,8.0,43.4,17.4,90.0,14.6,12.1,105870.0,115.0,155851,3.45,5.19,,,,,,A,5.44
1762916,9465241,,,,,2023-04-24,,Container,0.0,94.0,0.0,94.0,0.0,296.19,0.0,294.83,84.4,9.6,0.0,0.0,265.94,0.0,0.0,30.25,0.0,0.0,0.0,0.0,265.94,30.25,0.0,327.0,17.7,21.6,18.02,18.47,8.0,67.8,9.5,353.0,15.2,15.2,171720.0,153.0,155851,5.79,5.24,,,,,,C,5.44
1762917,9465241,,,,,2023-04-25,,Container,0.0,90.3,0.0,90.3,0.0,284.54,0.0,283.17,77.5,12.8,0.0,0.0,244.2,0.0,0.0,40.33,0.0,0.0,0.0,0.0,244.2,40.33,0.0,389.0,24.0,25.1,16.13,16.21,8.0,60.5,11.0,20.0,15.2,15.2,171720.0,157.0,155851,4.67,5.23,,,,,,B,5.44
1762918,9465241,,,,,2023-04-26,,Container,0.0,106.5,0.2,106.7,0.0,335.58,0.64,332.13,89.1,17.4,0.2,0.0,280.75,0.0,0.0,54.83,0.0,0.0,0.0,0.64,280.75,54.83,0.64,499.0,33.0,35.7,10.35,10.35,7.33,38.97,7.87,230.0,15.2,15.2,171656.67,69.67,155851,4.27,5.21,,,,,,A,5.44
1762924,9465241,,,,,2023-05-02,,Container,0.0,30.5,0.2,30.7,0.0,96.11,0.64,95.62,26.5,4.0,0.2,0.0,83.5,0.0,0.0,12.6,0.0,0.0,0.0,0.64,83.5,12.6,0.64,98.0,7.5,9.8,8.41,8.16,6.5,31.55,7.0,25.0,15.1,14.9,174403.0,249.0,155851,6.26,5.28,,,,,,D,5.44
1762925,9465241,,,,,2023-05-03,,Container,0.0,90.9,0.0,90.9,0.0,286.43,0.0,285.86,79.4,11.5,0.0,0.0,250.19,0.0,0.0,36.24,0.0,0.0,0.0,0.0,250.19,36.24,0.0,382.0,24.0,24.0,15.88,15.92,18.0,62.0,14.7,20.0,15.1,14.9,174403.0,218.0,155851,4.8,5.27,,,,,,B,5.44
1762926,9465241,,,,,2023-05-04,,Container,0.0,106.0,0.0,106.0,0.0,334.01,0.0,333.44,95.9,10.1,0.0,0.0,302.18,0.0,0.0,31.83,0.0,0.0,0.0,0.0,302.18,31.83,0.0,387.0,24.0,24.0,16.88,16.13,12.0,67.4,20.5,340.0,15.1,14.9,174290.0,219.0,155851,5.53,5.28,,,,,,C,5.44
1762927,9465241,,,,,2023-05-05,,Container,0.0,100.4,0.0,100.4,0.0,316.36,0.0,315.8,87.6,12.8,0.0,0.0,276.03,0.0,0.0,40.33,0.0,0.0,0.0,0.0,276.03,40.33,0.0,408.0,25.0,25.0,16.36,16.32,15.0,62.6,13.4,340.0,15.1,14.9,174200.0,219.0,155851,4.97,5.27,,,,,,B,5.44
1762928,9465241,,,,,2023-05-06,,Container,0.0,97.4,0.0,97.4,0.0,306.91,0.0,306.34,84.6,12.8,0.0,0.0,266.57,0.0,0.0,40.33,0.0,0.0,0.0,0.0,266.57,40.33,0.0,393.0,24.5,24.9,15.59,16.04,15.0,61.3,13.1,320.0,15.1,14.9,174110.0,218.0,155851,5.0,5.27,,,,,,B,5.44
1762929,9465241,,,,,2023-05-07,,Container,0.0,84.0,0.0,84.0,0.0,264.68,0.0,264.12,71.6,12.4,0.0,0.0,225.61,0.0,0.0,39.07,0.0,0.0,0.0,0.0,225.61,39.07,0.0,392.0,24.0,25.0,15.88,16.33,11.0,61.3,11.6,330.0,15.1,14.9,174020.0,235.0,155851,4.32,5.25,,,,,,A,5.44
1762930,9465241,,,,,2023-05-08,,Container,0.0,86.3,0.0,86.3,0.0,271.93,0.0,271.37,73.8,12.5,0.0,0.0,232.54,0.0,0.0,39.39,0.0,0.0,0.0,0.0,232.54,39.39,0.0,384.0,24.0,24.0,15.67,16.0,5.0,60.1,11.7,330.0,15.1,14.9,173930.0,234.0,155851,4.53,5.24,,,,,,B,5.44
1762931,9465241,,,,,2023-05-09,,Container,0.0,94.0,0.0,94.0,0.0,296.19,0.0,295.63,80.3,13.7,0.0,0.0,253.03,0.0,0.0,43.17,0.0,0.0,0.0,0.0,253.03,43.17,0.0,386.0,24.0,24.4,15.88,16.08,6.0,60.1,11.1,250.0,15.1,14.9,173840.0,240.0,155851,4.91,5.24,,,,,,B,5.44
1762932,9465241,,,,,2023-05-10,,Container,0.0,89.4,0.0,89.4,0.0,281.7,0.0,281.14,75.7,13.7,0.0,0.0,238.53,0.0,0.0,43.17,0.0,0.0,0.0,0.0,238.53,43.17,0.0,401.0,25.0,27.0,15.56,16.04,14.0,58.9,9.5,30.0,15.1,14.9,173750.0,243.0,155851,4.5,5.22,,,,,,A,5.44
1762933,9465241,,,,,2023-05-11,,Container,0.0,47.2,3.4,50.6,0.0,148.73,10.9,159.06,34.9,12.3,3.4,0.0,109.97,0.0,0.0,38.76,0.0,0.0,0.0,10.9,109.97,38.76,10.9,281.0,24.0,24.4,11.88,11.71,16.0,45.1,13.9,40.0,15.1,14.9,173700.0,250.0,155851,3.63,5.21,,,,,,A,5.44
1762934,9465241,,,,,2023-05-12,,Container,0.0,60.2,1.8,62.0,0.0,189.69,5.77,194.9,48.2,12.0,1.8,0.0,151.88,0.0,0.0,37.81,0.0,0.0,0.0,5.77,151.88,37.81,5.77,318.0,24.0,24.0,12.33,13.25,29.0,49.4,10.9,340.0,15.1,14.9,173700.0,249.0,155851,3.93,5.19,,,,,,A,5.44
1762935,9465241,,,,,2023-05-13,,Container,0.0,108.3,0.0,108.3,0.0,341.25,0.0,340.69,97.1,11.2,0.0,0.0,305.96,0.0,0.0,35.29,0.0,0.0,0.0,0.0,305.96,35.29,0.0,400.0,25.0,25.0,15.4,16.0,18.0,62.7,15.3,260.0,15.1,14.9,173610.0,254.0,155851,5.46,5.19,,,,,,C,5.44
1762936,9465241,,,,,2023-05-14,,Container,0.0,106.7,0.0,106.7,0.0,336.21,0.0,335.65,95.6,11.1,0.0,0.0,301.24,0.0,0.0,34.98,0.0,0.0,0.0,0.0,301.24,34.98,0.0,420.0,24.0,25.6,16.92,17.5,19.0,65.2,10.9,160.0,15.1,14.9,173500.0,344.0,155851,5.13,5.19,,,,,,C,5.44
1762937,9465241,,,,,2023-05-15,,Container,0.0,126.5,0.0,126.5,0.0,398.6,0.0,398.04,116.0,10.5,0.0,0.0,365.52,0.0,0.0,33.09,0.0,0.0,0.0,0.0,365.52,33.09,0.0,444.0,24.0,24.0,18.21,18.5,18.0,69.3,11.4,10.0,15.1,14.9,173390.0,335.0,155851,5.75,5.2,,,,,,C,5.44
1762938,9465241,,,,,2023-05-16,,Container,0.0,156.2,0.0,156.2,0.0,492.19,0.0,491.62,145.0,11.2,0.0,0.0,456.9,0.0,0.0,35.29,0.0,0.0,0.0,0.0,456.9,35.29,0.0,493.0,25.0,25.0,19.4,19.72,7.0,74.4,12.0,340.0,15.1,14.9,173280.0,330.0,155851,6.4,5.22,,,,,,D,5.44
1762939,9465241,,,,,2023-05-17,,Container,0.0,98.0,0.0,98.0,0.0,308.8,0.0,308.23,85.1,12.9,0.0,0.0,268.15,0.0,0.0,40.65,0.0,0.0,0.0,0.0,268.15,40.65,0.0,402.0,24.0,24.2,16.63,16.75,8.0,62.9,11.6,260.0,15.1,14.9,173190.0,327.0,155851,4.92,5.22,,,,,,B,5.44
1762940,9465241,,,,,2023-05-18,,Container,0.0,87.0,0.0,87.0,0.0,274.14,0.0,273.57,73.5,13.5,0.0,0.0,231.6,0.0,0.0,42.54,0.0,0.0,0.0,0.0,231.6,42.54,0.0,401.0,25.0,25.0,15.8,16.04,8.0,58.7,9.3,270.0,15.1,14.9,173100.0,327.0,155851,4.38,5.21,,,,,,A,5.44
1762941,9465241,,,,,2023-05-19,,Container,0.0,84.2,0.0,84.2,0.0,265.31,0.0,264.75,70.8,13.4,0.0,0.0,223.09,0.0,0.0,42.22,0.0,0.0,0.0,0.0,223.09,42.22,0.0,395.0,24.0,24.0,8.02,8.23,6.0,29.5,3.65,25.0,7.55,7.45,86510.0,164.0,155851,4.3,5.19,,,,,,A,5.44
1762942,9465241,,,,,2023-05-20,,Container,0.0,68.5,1.2,69.7,0.0,215.84,3.85,218.56,55.1,13.4,1.2,0.0,173.62,0.0,0.0,42.22,0.0,0.0,0.0,3.85,173.62,42.22,3.85,260.0,18.5,29.1,4.05,4.06,1.5,15.15,2.72,82.5,7.6,7.6,86500.0,83.5,155851,5.39,5.2,,,,,,C,5.44
1762944,9465241,,,,,2023-05-22,,Container,0.0,26.0,3.3,29.3,0.0,81.93,10.58,91.08,14.2,11.8,3.3,0.0,44.74,0.0,0.0,37.18,0.0,0.0,0.0,10.58,44.74,37.18,10.58,47.0,4.9,27.6,6.4,6.27,8.0,23.3,3.57,20.0,14.2,11.5,142147.5,158.0,155851,12.43,5.22,,,,,,E,5.44
1762945,9465241,,,,,2023-05-23,,Container,0.0,89.9,1.1,91.0,0.0,283.27,3.53,285.85,77.7,12.2,1.1,0.0,244.83,0.0,0.0,38.44,0.0,0.0,0.0,3.53,244.83,38.44,3.53,304.0,20.7,28.7,4.56,4.75,3.5,17.1,1.92,7.5,7.1,5.75,71017.5,11.25,155851,6.03,5.23,,,,,,D,5.44
1762947,9465241,,,,,2023-05-25,,Container,0.0,38.32,4.32,42.64,0.0,120.75,13.85,128.36,20.5,17.82,4.32,0.0,64.6,0.0,0.0,56.15,0.0,0.0,0.0,13.85,64.6,56.15,13.85,83.0,9.8,42.4,2.98,2.94,4.0,10.65,1.38,6.67,9.7,8.4,92145.87,79.17,155851,9.92,5.25,,,,,,E,5.44
1762948,9465241,,,,,2023-05-26,,Container,0.0,12.8,1.9,14.7,0.0,40.33,6.09,44.82,5.0,7.8,1.9,0.0,15.76,0.0,0.0,24.58,0.0,0.0,0.0,6.09,15.76,24.58,6.09,23.0,3.0,16.8,3.83,3.83,11.75,12.52,-0.4,20.0,7.3,6.1,67678.7,70.75,155851,12.5,5.26,,,,,,E,5.44
1762949,9465241,,,,,2023-05-27,,Container,0.0,131.9,0.0,131.9,0.0,415.62,0.0,414.82,120.0,11.9,0.0,0.0,378.12,0.0,0.0,37.5,0.0,0.0,0.0,0.0,378.12,37.5,0.0,459.0,23.0,23.0,19.74,19.96,19.0,71.7,7.6,30.0,9.7,8.4,92110.0,137.0,155851,5.8,5.27,,,,,,C,5.44
1762950,9465241,,,,,2023-05-28,,Container,0.0,150.4,1.2,151.6,0.0,473.91,3.85,475.35,132.8,17.6,1.2,0.0,418.45,0.0,0.0,55.46,0.0,0.0,0.0,3.85,418.45,55.46,3.85,454.0,29.1,39.5,6.44,6.31,9.0,24.0,4.27,6.67,9.77,8.1,92000.0,32.0,155851,6.72,5.29,,,,,,E,5.44
1762952,9465241,,,,,2023-05-30,,Container,0.0,119.8,0.0,119.8,0.0,377.49,0.0,377.49,110.5,9.3,0.0,0.0,348.19,0.0,0.0,29.3,0.0,0.0,0.0,0.0,348.19,29.3,0.0,398.0,20.0,20.0,19.7,19.9,26.0,72.4,8.8,40.0,9.9,7.8,87940.0,178.0,155851,6.09,5.31,,,,,,D,5.44
1762953,9465241,,,,,2023-05-31,,Container,0.0,158.4,0.0,158.4,0.0,499.12,0.0,499.12,147.5,10.9,0.0,0.0,464.77,0.0,0.0,34.35,0.0,0.0,0.0,0.0,464.77,34.35,0.0,463.0,24.0,24.0,19.54,19.29,32.0,74.7,13.9,30.0,9.9,7.8,87800.0,169.0,155851,6.92,5.33,,,,,,E,5.44
1762954,9465241,,,,,2023-06-01,,Container,0.0,154.5,0.0,154.5,0.0,486.83,0.0,486.83,144.1,10.4,0.0,0.0,454.06,0.0,0.0,32.77,0.0,0.0,0.0,0.0,454.06,32.77,0.0,463.0,23.0,24.3,20.09,20.13,21.0,75.3,11.2,30.0,9.9,7.8,87800.0,160.0,155851,6.75,5.36,,,,,,E,5.44
1762955,9465241,,,,,2023-06-02,,Container,0.0,143.1,0.0,143.1,0.0,450.91,0.0,450.91,132.3,10.8,0.0,0.0,416.88,0.0,0.0,34.03,0.0,0.0,0.0,0.0,416.88,34.03,0.0,494.0,24.0,24.0,20.75,20.58,18.0,74.8,8.6,110.0,9.9,7.8,87800.0,182.0,155851,5.86,5.36,,,,,,D,5.44
1762956,9465241,,,,,2023-06-03,,Container,0.0,134.0,0.5,134.5,0.0,422.23,1.6,423.84,123.0,11.0,0.5,0.0,387.57,0.0,0.0,34.66,0.0,0.0,0.0,1.6,387.57,34.66,1.6,441.0,24.0,29.2,10.6,10.5,5.0,37.55,3.55,175.0,9.9,7.8,87650.0,37.5,155851,6.17,5.37,,,,,,D,5.44
1762964,9465241,,,,,2023-06-11,,Container,0.0,73.5,0.0,73.5,0.0,231.6,0.0,228.34,66.6,6.9,0.0,0.0,209.86,0.0,0.0,21.74,0.0,0.0,0.0,0.0,209.86,21.74,0.0,220.0,13.9,13.9,16.69,15.83,24.0,66.8,21.3,10.0,9.7,9.3,97850.0,47.0,155851,6.66,5.52,,,,,,E,5.44
1762965,9465241,,,,,2023-06-12,,Container,0.0,76.6,0.7,77.3,0.0,241.37,2.24,240.35,63.1,13.5,0.7,0.0,198.83,0.0,0.0,42.54,0.0,0.0,0.0,2.24,198.83,42.54,2.24,335.0,23.5,24.0,14.81,14.26,0.0,54.2,12.8,350.0,9.7,9.3,97750.0,50.0,155851,4.6,5.51,,,,,,B,5.44
1762966,9465241,,,,,2023-06-13,,Container,0.0,145.7,0.0,145.7,0.0,459.1,0.0,455.84,133.5,12.2,0.0,0.0,420.66,0.0,0.0,38.44,0.0,0.0,0.0,0.0,420.66,38.44,0.0,464.0,23.0,24.0,20.3,20.17,32.0,74.6,10.4,340.0,9.7,9.3,97750.0,27.0,155851,6.3,5.52,,,,,,D,5.44
1762967,9465241,,,,,2023-06-14,,Container,0.0,155.6,0.0,155.6,0.0,490.3,0.0,487.04,142.7,12.9,0.0,0.0,449.65,0.0,0.0,40.65,0.0,0.0,0.0,0.0,449.65,40.65,0.0,485.0,24.0,24.0,20.13,20.21,24.0,75.5,11.1,10.0,9.7,9.3,97640.0,28.0,155851,6.44,5.53,,,,,,D,5.44
1762968,9465241,,,,,2023-06-15,,Container,0.0,151.4,0.0,151.4,0.0,477.06,0.0,473.8,138.6,12.8,0.0,0.0,436.73,0.0,0.0,40.33,0.0,0.0,0.0,0.0,436.73,40.33,0.0,497.0,24.0,24.0,20.83,20.71,28.0,75.0,8.3,30.0,9.7,9.3,97520.0,31.0,155851,6.12,5.54,,,,,,D,5.44
1762969,9465241,,,,,2023-06-16,,Container,0.0,151.5,0.0,151.5,0.0,477.38,0.0,474.12,138.5,13.0,0.0,0.0,436.41,0.0,0.0,40.96,0.0,0.0,0.0,0.0,436.41,40.96,0.0,506.0,24.0,24.0,21.13,21.08,10.0,75.0,6.7,40.0,9.7,9.3,97520.0,28.0,155851,6.01,5.55,,,,,,D,5.44
1762970,9465241,,,,,2023-06-17,,Container,0.0,141.4,0.0,141.4,0.0,445.55,0.0,442.29,128.9,12.5,0.0,0.0,406.16,0.0,0.0,39.39,0.0,0.0,0.0,0.0,406.16,39.39,0.0,469.0,23.0,23.0,20.57,20.39,11.0,74.4,9.1,200.0,9.7,9.3,97380.0,33.0,155851,6.05,5.55,,,,,,D,5.44
1762971,9465241,,,,,2023-06-18,,Container,0.0,122.2,0.4,122.6,0.0,385.05,1.28,383.07,109.1,13.1,0.4,0.0,343.77,0.0,0.0,41.28,0.0,0.0,0.0,1.28,343.77,41.28,1.28,476.0,24.0,24.0,19.63,19.83,17.0,69.9,5.8,200.0,9.7,9.3,97250.0,28.0,155851,5.16,5.55,,,,,,C,5.44
1762972,9465241,,,,,2023-06-19,,Container,0.0,111.4,0.0,111.4,0.0,351.02,0.0,347.76,97.8,13.6,0.0,0.0,308.17,0.0,0.0,42.85,0.0,0.0,0.0,0.0,308.17,42.85,0.0,452.0,24.0,24.0,18.75,18.83,18.0,66.9,6.5,260.0,9.7,9.3,97110.0,11.0,155851,4.94,5.54,,,,,,B,5.44
1762973,9465241,,,,,2023-06-20,,Container,0.0,165.6,0.0,165.6,0.0,521.81,0.0,515.29,143.1,22.5,0.0,0.0,450.91,0.0,0.0,70.9,0.0,0.0,0.0,0.0,450.91,70.9,0.0,679.0,37.0,37.0,18.24,18.33,16.0,65.1,6.5,185.0,10.05,8.5,96875.0,279.5,155851,4.87,5.53,,,,,,B,5.44
1762975,9465241,,,,,2023-06-22,,Container,0.0,25.2,3.2,28.4,0.0,79.41,10.26,89.66,14.2,11.0,3.2,0.0,44.74,0.0,0.0,34.66,0.0,0.0,0.0,10.26,44.74,34.66,10.26,43.0,3.8,27.9,7.5,7.17,6.67,23.0,-1.17,10.0,9.9,7.2,86400.2,31.0,155851,13.38,5.54,,,,,,E,5.44
1762976,9465241,,,,,2023-06-23,,Container,0.0,138.9,0.0,138.9,0.0,437.67,0.0,437.67,127.6,11.3,0.0,0.0,402.07,0.0,0.0,35.61,0.0,0.0,0.0,0.0,402.07,35.61,0.0,487.0,24.0,24.0,20.38,20.29,28.0,73.0,7.8,30.0,9.9,7.2,86240.0,92.0,155851,5.77,5.55,,,,,,C,5.44
1762977,9465241,,,,,2023-06-24,,Container,0.0,139.8,0.0,139.8,0.0,440.51,0.0,440.51,128.8,11.0,0.0,0.0,405.85,0.0,0.0,34.66,0.0,0.0,0.0,0.0,405.85,34.66,0.0,466.0,23.0,23.0,20.43,20.26,28.0,74.3,8.3,20.0,9.9,7.2,86100.0,176.0,155851,6.07,5.55,,,,,,D,5.44
1762978,9465241,,,,,2023-06-25,,Container,0.0,143.7,0.0,143.7,0.0,452.8,0.0,452.8,132.5,11.2,0.0,0.0,417.51,0.0,0.0,35.29,0.0,0.0,0.0,0.0,417.51,35.29,0.0,492.0,24.0,24.0,20.25,20.5,36.0,73.3,7.3,30.0,9.9,7.2,85950.0,206.0,155851,5.91,5.56,,,,,,D,5.44
1762979,9465241,,,,,2023-06-26,,Container,0.0,143.3,0.0,143.3,0.0,451.54,0.0,451.54,132.4,10.9,0.0,0.0,417.19,0.0,0.0,34.35,0.0,0.0,0.0,0.0,417.19,34.35,0.0,476.0,23.5,23.5,20.0,20.26,14.0,73.4,8.3,30.0,9.9,7.2,85810.0,123.0,155851,6.09,5.56,,,,,,D,5.44
1762980,9465241,,,,,2023-06-27,,Container,0.0,135.9,0.0,135.9,0.0,428.22,0.0,428.22,124.6,11.3,0.0,0.0,392.61,0.0,0.0,35.61,0.0,0.0,0.0,0.0,392.61,35.61,0.0,498.0,24.0,25.9,20.42,20.75,15.0,73.1,5.8,70.0,9.9,7.2,85670.0,98.0,155851,5.52,5.56,,,,,,C,5.44
1762981,9465241,,,,,2023-06-28,,Container,0.0,83.5,0.0,83.5,0.0,263.11,0.0,263.11,70.8,12.7,0.0,0.0,223.09,0.0,0.0,40.02,0.0,0.0,0.0,0.0,223.09,40.02,0.0,412.0,23.1,24.5,17.23,17.84,14.0,58.6,-1.1,20.0,9.9,7.2,85540.0,81.0,155851,4.1,5.55,,,,,,A,5.44
1762982,9465241,,,,,2023-06-29,,Container,0.0,131.6,0.0,131.6,0.0,414.67,0.0,414.67,120.8,10.8,0.0,0.0,380.64,0.0,0.0,34.03,0.0,0.0,0.0,0.0,380.64,34.03,0.0,469.0,23.0,23.0,20.7,20.39,13.0,73.1,7.4,315.0,10.6,7.4,91351.0,88.0,155851,5.67,5.55,,,,,,C,5.44
1762983,9465241,,,,,2023-06-30,,Container,0.0,170.3,1.4,171.7,0.0,536.62,4.49,541.1,151.6,18.7,1.4,0.0,477.69,0.0,0.0,58.92,0.0,0.0,0.0,4.49,477.69,58.92,4.49,590.0,33.6,49.7,12.93,12.89,12.67,46.23,4.97,120.0,10.6,7.4,91163.33,79.33,155851,5.88,5.55,,,,,,D,5.44
1762985,9465241,,,,,2023-07-02,,Container,0.0,71.2,0.0,71.2,0.0,224.35,0.0,224.05,65.5,5.7,0.0,0.0,206.39,0.0,0.0,17.96,0.0,0.0,0.0,0.0,206.39,17.96,0.0,249.0,12.0,12.0,20.25,20.75,16.0,73.1,5.8,10.0,10.8,9.2,104080.0,41.0,155851,5.77,5.57,,,,,,C,5.44
1762986,9465241,,,,,2023-07-03,,Container,0.0,143.7,0.0,143.7,0.0,452.8,0.0,452.5,131.4,12.3,0.0,0.0,414.04,0.0,0.0,38.76,0.0,0.0,0.0,0.0,414.04,38.76,0.0,500.0,24.0,25.9,20.5,20.83,11.0,73.4,5.7,10.0,10.3,8.3,94685.0,27.0,155851,5.81,5.57,,,,,,C,5.44
1762987,9465241,,,,,2023-07-04,,Container,0.0,110.6,0.0,110.6,0.0,348.5,0.0,348.2,97.6,13.0,0.0,0.0,307.54,0.0,0.0,40.96,0.0,0.0,0.0,0.0,307.54,40.96,0.0,464.0,24.0,24.4,19.21,19.33,5.0,67.3,4.6,20.0,10.5,7.5,90940.0,32.0,155851,4.82,5.57,,,,,,B,5.44
1762988,9465241,,,,,2023-07-05,,Container,0.0,102.0,0.0,102.0,0.0,321.4,0.0,321.11,88.5,13.5,0.0,0.0,278.86,0.0,0.0,42.54,0.0,0.0,0.0,0.0,278.86,42.54,0.0,460.0,24.0,24.0,18.67,19.17,10.0,65.2,2.3,170.0,10.5,7.5,90800.0,36.0,155851,4.48,5.55,,,,,,A,5.44
1762989,9465241,,,,,2023-07-06,,Container,0.0,110.2,0.0,110.2,0.0,347.24,0.0,346.94,97.6,12.6,0.0,0.0,307.54,0.0,0.0,39.7,0.0,0.0,0.0,0.0,307.54,39.7,0.0,480.0,24.0,24.0,19.5,20.0,10.0,67.0,0.8,10.0,10.5,7.4,90430.0,0.0,155851,4.64,5.54,,,,,,B,5.44
1762990,9465241,,,,,2023-07-07,,Container,0.0,160.4,1.5,161.9,0.0,505.42,4.81,509.34,142.9,17.5,1.5,0.0,450.28,0.0,0.0,55.14,0.0,0.0,0.0,4.81,450.28,55.14,4.81,553.0,35.0,44.9,12.7,13.16,5.0,47.67,5.53,223.33,10.5,7.4,90288.67,183.33,155851,5.91,5.55,,,,,,D,5.44
1762993,9465241,,,,,2023-07-10,,Container,0.0,94.3,0.0,94.3,0.0,297.14,0.0,296.25,77.1,17.2,0.0,0.0,242.94,0.0,0.0,54.2,0.0,0.0,0.0,0.0,242.94,54.2,0.0,436.0,32.7,32.7,9.26,9.53,14.67,36.0,8.0,10.0,13.7,13.4,150956.67,144.33,155851,4.36,5.55,,,,,,A,5.44
1762995,9465241,,,,,2023-07-12,,Container,0.0,136.9,0.4,137.3,0.0,431.37,1.28,431.23,123.4,13.5,0.4,0.0,388.83,0.0,0.0,42.54,0.0,0.0,0.0,1.28,388.83,42.54,1.28,443.0,27.7,31.4,12.59,12.85,9.67,48.17,7.6,100.0,14.6,14.0,163325.0,46.0,155851,6.25,5.57,,,,,,D,5.44
1763000,9465241,,,,,2023-07-17,,Container,0.0,136.2,0.8,137.0,0.0,429.17,2.56,430.31,123.3,12.9,0.8,0.0,388.52,0.0,0.0,40.65,0.0,0.0,0.0,2.56,388.52,40.65,2.56,404.0,28.1,35.1,9.12,9.18,8.5,35.7,7.3,125.0,13.9,13.6,154150.0,134.5,155851,6.83,5.61,,,,,,E,5.44
1763002,9465241,,,,,2023-07-19,,Container,0.0,10.2,0.4,10.6,0.0,32.14,1.28,32.0,7.1,3.1,0.4,0.0,22.37,0.0,0.0,9.77,0.0,0.0,0.0,1.28,22.37,9.77,1.28,42.0,4.5,6.0,6.0,6.0,5.0,39.1,8.7,170.0,12.9,12.9,140340.0,7.0,155851,4.89,5.63,,,,,,B,5.44
1763005,9465241,,,,,2023-07-22,,Container,0.0,94.8,0.0,94.8,0.0,298.71,0.0,298.15,81.4,13.4,0.0,0.0,256.49,0.0,0.0,42.22,0.0,0.0,0.0,0.0,256.49,42.22,0.0,363.0,24.0,24.3,15.33,15.13,26.0,60.8,17.4,20.0,13.5,13.5,147900.0,219.0,155851,5.27,5.65,,,,,,C,5.44
1763006,9465241,,,,,2023-07-23,,Container,0.0,115.7,0.0,115.7,0.0,364.57,0.0,362.88,93.2,21.6,0.9,0.0,293.67,0.0,0.0,68.06,0.0,0.0,2.84,0.0,293.67,68.06,2.84,441.0,35.7,41.9,9.62,9.5,7.0,37.4,11.87,13.33,13.2,13.0,144193.67,89.33,155851,5.28,5.64,,,,,,C,5.44
1763007,9465241,,,,,2023-07-24,,Container,0.0,32.8,1.4,34.2,0.0,103.35,4.49,105.77,16.9,13.5,3.8,0.0,53.25,0.0,0.0,42.54,0.0,0.0,7.56,4.49,53.25,42.54,12.05,4.0,9.0,36.0,1.6,1.6,6.8,4.6,-3.1,140.0,11.92,11.92,132140.4,68.8,155851,169.67,5.66,,,,,,E,5.44
1763009,9465241,,,,,2023-07-26,,Container,0.0,107.9,0.1,108.0,0.0,339.99,0.32,338.98,98.1,9.8,0.1,0.0,309.11,0.0,0.0,30.88,0.0,0.0,0.0,0.32,309.11,30.88,0.32,350.0,18.5,19.2,18.54,18.92,12.0,72.0,12.8,20.0,15.6,15.6,178780.0,205.0,155851,6.21,5.67,,,,,,D,5.44
1763010,9465241,,,,,2023-07-27,,Container,0.0,110.7,0.0,110.7,0.0,348.82,0.0,347.48,96.9,13.8,0.0,0.0,305.33,0.0,0.0,43.48,0.0,0.0,0.0,0.0,305.33,43.48,0.0,389.0,24.0,24.0,15.83,16.21,46.0,64.0,15.9,20.0,15.6,15.6,178660.0,204.0,155851,5.73,5.67,,,,,,C,5.44
1763011,9465241,,,,,2023-07-28,,Container,0.0,92.4,0.0,92.4,0.0,291.15,0.0,289.82,78.3,14.1,0.0,0.0,246.72,0.0,0.0,44.43,0.0,0.0,0.0,0.0,246.72,44.43,0.0,336.0,24.0,24.0,14.38,14.0,36.0,59.2,21.5,340.0,15.5,14.9,174850.0,217.0,155851,5.53,5.67,,,,,,C,5.44
1763012,9465241,,,,,2023-07-29,,Container,0.0,86.9,0.8,87.7,0.0,273.82,2.56,272.38,68.2,18.7,0.8,0.0,214.9,0.0,0.0,58.92,0.0,0.0,0.0,2.56,214.9,58.92,2.56,349.0,30.2,38.6,8.35,8.35,16.0,33.4,11.2,220.0,15.5,14.9,174740.0,155.0,155851,5.01,5.66,,,,,,B,5.44
1763014,9465241,,,,,2023-07-31,,Container,0.0,17.4,0.0,17.4,0.0,54.83,0.0,53.4,14.7,2.7,0.0,0.0,46.32,0.0,0.0,8.51,0.0,0.0,0.0,0.0,46.32,8.51,0.0,75.0,5.0,5.0,15.0,15.0,6.0,57.2,13.0,350.0,16.4,16.4,191314.0,294.0,155851,4.57,5.67,,,,,,B,5.44
1763015,9465241,,,,,2023-08-01,,Container,0.0,85.1,0.0,85.1,0.0,268.15,0.0,266.73,71.5,13.6,0.0,0.0,225.3,0.0,0.0,42.85,0.0,0.0,0.0,0.0,225.3,42.85,0.0,372.0,24.0,24.0,15.25,15.5,14.0,58.7,12.4,320.0,16.4,16.4,191235.0,277.0,155851,4.6,5.66,,,,,,B,5.44
1763016,9465241,,,,,2023-08-02,,Container,0.0,107.7,0.0,107.7,0.0,339.36,0.0,337.94,94.3,13.4,0.0,0.0,297.14,0.0,0.0,42.22,0.0,0.0,0.0,0.0,297.14,42.22,0.0,404.0,25.0,25.0,15.48,16.16,30.0,63.4,15.4,330.0,16.4,16.4,191134.0,233.0,155851,5.37,5.66,,,,,,C,5.44
1763017,9465241,,,,,2023-08-03,,Container,0.0,119.5,0.0,119.5,0.0,376.54,0.0,375.12,106.6,12.9,0.0,0.0,335.9,0.0,0.0,40.65,0.0,0.0,0.0,0.0,335.9,40.65,0.0,423.0,25.0,25.0,16.24,16.92,30.0,66.2,15.2,20.0,16.4,16.4,191015.0,233.0,155851,5.69,5.66,,,,,,C,5.44
1763018,9465241,,,,,2023-08-04,,Container,0.0,118.0,0.0,118.0,0.0,371.82,0.0,370.4,105.8,12.2,0.0,0.0,333.38,0.0,0.0,38.44,0.0,0.0,0.0,0.0,333.38,38.44,0.0,412.0,24.0,24.0,16.33,17.17,18.0,67.1,15.1,330.0,16.4,16.4,190887.0,230.0,155851,5.77,5.66,,,,,,C,5.44
1763019,9465241,,,,,2023-08-05,,Container,0.0,128.3,0.0,128.3,0.0,404.27,0.0,402.85,115.6,12.7,0.0,0.0,364.26,0.0,0.0,40.02,0.0,0.0,0.0,0.0,364.26,40.02,0.0,426.0,25.0,25.0,16.56,17.04,28.0,68.0,16.8,300.0,16.2,16.2,189359.0,231.0,155851,6.07,5.67,,,,,,D,5.44
1763020,9465241,,,,,2023-08-06,,Container,0.0,118.2,0.0,118.2,0.0,372.45,0.0,371.03,106.5,11.7,0.0,0.0,335.58,0.0,0.0,36.87,0.0,0.0,0.0,0.0,335.58,36.87,0.0,408.0,24.0,24.0,16.54,17.0,26.0,67.5,16.3,300.0,16.2,16.2,189251.0,229.0,155851,5.83,5.67,,,,,,D,5.44
1763021,9465241,,,,,2023-08-07,,Container,0.0,120.3,0.0,120.3,0.0,379.07,0.0,377.64,108.2,12.1,0.0,0.0,340.94,0.0,0.0,38.13,0.0,0.0,0.0,0.0,340.94,38.13,0.0,426.0,25.0,26.0,16.4,17.04,26.0,66.7,15.2,280.0,16.2,16.2,189146.0,231.0,155851,5.69,5.67,,,,,,C,5.44
1763022,9465241,,,,,2023-08-08,,Container,0.0,112.0,0.0,112.0,0.0,352.91,0.0,351.49,100.7,11.3,0.0,0.0,317.31,0.0,0.0,35.61,0.0,0.0,0.0,0.0,317.31,35.61,0.0,412.0,24.0,24.9,16.67,17.17,16.0,66.8,14.6,280.0,16.2,16.2,189047.0,241.0,155851,5.47,5.67,,,,,,C,5.44
1763023,9465241,,,,,2023-08-09,,Container,0.0,111.6,0.0,111.6,0.0,351.65,0.0,350.23,99.7,11.9,0.0,0.0,314.15,0.0,0.0,37.5,0.0,0.0,0.0,0.0,314.15,37.5,0.0,425.0,25.0,25.0,16.76,17.0,12.0,66.1,14.6,320.0,16.2,16.2,188937.0,240.0,155851,5.29,5.66,,,,,,C,5.44
1763024,9465241,,,,,2023-08-10,,Container,0.0,103.8,0.0,103.8,0.0,327.07,0.0,325.65,91.9,11.9,0.0,0.0,289.58,0.0,0.0,37.5,0.0,0.0,0.0,0.0,289.58,37.5,0.0,408.0,24.0,24.4,16.17,17.0,30.0,64.3,12.3,310.0,16.2,16.2,188813.0,0.0,155851,5.12,5.66,,,,,,C,5.44
1763025,9465241,,,,,2023-08-11,,Container,0.0,121.6,0.0,121.6,0.0,383.16,0.0,381.74,110.6,11.0,0.0,0.0,348.5,0.0,0.0,34.66,0.0,0.0,0.0,0.0,348.5,34.66,0.0,413.0,24.0,24.0,17.08,17.21,6.0,68.5,16.6,340.0,16.2,16.2,188681.0,246.0,155851,5.93,5.66,,,,,,D,5.44
1763026,9465241,,,,,2023-08-12,,Container,0.0,111.6,0.6,112.2,0.0,351.65,1.92,352.15,99.6,12.0,0.6,0.0,313.84,0.0,0.0,37.81,0.0,0.0,0.0,1.92,313.84,37.81,1.92,405.0,24.3,25.7,16.58,16.67,16.0,65.1,14.9,70.0,16.2,16.2,188588.0,251.0,155851,5.58,5.66,,,,,,C,5.44
1763027,9465241,,,,,2023-08-13,,Container,0.0,115.2,0.2,115.4,0.0,363.0,0.64,362.21,103.5,11.7,0.2,0.0,326.13,0.0,0.0,36.87,0.0,0.0,0.0,0.64,326.13,36.87,0.64,388.0,23.4,24.0,15.81,16.58,36.0,65.6,16.0,10.0,16.2,16.2,188469.0,251.0,155851,5.99,5.66,,,,,,D,5.44
1763028,9465241,,,,,2023-08-14,,Container,0.0,118.2,0.0,118.2,0.0,372.45,0.0,371.03,107.2,11.0,0.0,0.0,337.79,0.0,0.0,34.66,0.0,0.0,0.0,0.0,337.79,34.66,0.0,417.0,24.0,24.0,16.88,17.38,10.0,67.8,14.9,320.0,16.2,16.2,188348.0,339.0,155851,5.71,5.66,,,,,,C,5.44
1763029,9465241,,,,,2023-08-15,,Container,0.0,109.0,0.0,109.0,0.0,343.46,0.0,342.04,98.0,11.0,0.0,0.0,308.8,0.0,0.0,34.66,0.0,0.0,0.0,0.0,308.8,34.66,0.0,415.0,24.0,24.0,17.04,17.29,6.0,66.2,13.3,320.0,16.2,16.2,188246.0,339.0,155851,5.29,5.66,,,,,,C,5.44
1763030,9465241,,,,,2023-08-16,,Container,0.0,110.0,0.0,110.0,0.0,346.61,0.0,345.19,98.2,11.8,0.0,0.0,309.43,0.0,0.0,37.18,0.0,0.0,0.0,0.0,309.43,37.18,0.0,427.0,25.0,25.0,16.88,17.08,6.0,65.4,13.3,40.0,16.2,16.2,188141.0,342.0,155851,5.19,5.66,,,,,,C,5.44
1763031,9465241,,,,,2023-08-17,,Container,0.0,102.4,0.0,102.4,0.0,322.66,0.0,321.24,91.4,11.0,0.0,0.0,288.0,0.0,0.0,34.66,0.0,0.0,0.0,0.0,288.0,34.66,0.0,409.0,24.0,24.0,16.83,17.04,10.0,65.0,12.9,330.0,16.2,16.2,188049.0,338.0,155851,5.04,5.65,,,,,,B,5.44
1763032,9465241,,,,,2023-08-18,,Container,0.0,98.3,0.0,98.3,0.0,309.74,0.0,308.32,85.5,12.8,0.0,0.0,269.41,0.0,0.0,40.33,0.0,0.0,0.0,0.0,269.41,40.33,0.0,405.0,24.0,24.0,16.54,16.88,10.0,63.4,11.7,270.0,16.0,16.0,186828.0,339.0,155851,4.88,5.65,,,,,,B,5.44
1763033,9465241,,,,,2023-08-19,,Container,0.0,73.3,0.1,73.4,0.0,230.97,0.32,229.87,59.8,13.5,0.1,0.0,188.43,0.0,0.0,42.54,0.0,0.0,0.0,0.32,188.43,42.54,0.32,367.0,25.0,25.0,14.56,14.68,12.0,54.7,10.9,320.0,16.0,16.0,186749.0,339.0,155851,4.02,5.64,,,,,,A,5.44
1763034,9465241,,,,,2023-08-20,,Container,0.0,75.2,0.4,75.6,0.0,236.96,1.28,235.39,60.7,14.5,0.4,0.0,191.27,0.0,0.0,45.69,0.0,0.0,0.0,1.28,191.27,45.69,1.28,340.0,26.6,26.6,7.04,7.08,8.5,27.45,7.15,170.0,16.0,16.0,186675.0,169.5,155851,4.44,5.63,,,,,,A,5.44
1763038,9465241,,,,,2023-08-24,,Container,0.0,32.8,1.4,34.2,0.0,103.35,4.49,103.66,24.0,8.6,1.6,0.0,75.62,0.0,0.0,27.1,0.0,0.0,0.63,4.49,75.62,27.1,5.12,54.0,18.7,19.8,5.63,5.63,10.0,21.97,5.0,223.33,15.5,14.0,168854.33,32.0,155851,12.32,5.66,,,,,,E,5.44
1763041,9465241,,,,,2023-08-27,,Container,0.0,39.2,0.0,39.2,0.0,123.52,0.0,122.57,32.2,7.0,0.0,0.0,101.46,0.0,0.0,22.06,0.0,0.0,0.0,0.0,101.46,22.06,0.0,181.0,13.0,13.0,13.69,13.92,18.0,55.1,16.0,330.0,11.7,10.7,119485.0,246.0,155851,4.35,5.66,,,,,,A,5.44
1763042,9465241,,,,,2023-08-28,,Container,0.0,42.7,0.3,43.0,0.0,134.55,0.96,132.66,28.9,12.4,1.7,0.0,91.06,0.0,0.0,39.07,0.0,0.0,4.41,0.96,91.06,39.07,5.37,188.0,16.5,26.1,4.11,4.18,6.0,16.93,6.03,103.33,11.7,10.7,119481.0,112.0,155851,4.53,5.66,,,,,,B,5.44
1763046,9465241,,,,,2023-09-01,,Container,0.0,39.3,0.4,39.7,0.0,123.83,1.28,125.12,25.1,12.1,2.5,0.0,79.09,0.0,0.0,38.13,0.0,0.0,6.62,1.28,79.09,38.13,7.9,143.0,11.8,27.3,4.83,4.77,15.33,18.17,4.3,16.67,10.8,10.7,112845.33,105.33,155851,5.61,5.68,,,,,,C,5.44
1763047,9465241,,,,,2023-09-02,,Container,0.0,71.0,0.0,71.0,0.0,223.72,0.0,223.72,57.8,13.2,0.0,0.0,182.13,0.0,0.0,41.59,0.0,0.0,0.0,0.0,182.13,41.59,0.0,343.0,24.0,25.2,14.13,14.29,25.0,54.1,12.3,20.0,11.0,10.6,113583.0,152.0,155851,4.19,5.67,,,,,,A,5.44
1763048,9465241,,,,,2023-09-03,,Container,0.0,75.6,0.0,75.6,0.0,238.22,0.0,238.22,62.9,12.7,0.0,0.0,198.2,0.0,0.0,40.02,0.0,0.0,0.0,0.0,198.2,40.02,0.0,342.0,24.0,24.0,14.21,14.25,28.0,55.5,14.8,10.0,11.0,10.6,113517.0,152.0,155851,4.47,5.66,,,,,,A,5.44
1763049,9465241,,,,,2023-09-04,,Container,0.0,74.1,0.0,74.1,0.0,233.49,0.0,233.49,61.7,12.4,0.0,0.0,194.42,0.0,0.0,39.07,0.0,0.0,0.0,0.0,194.42,39.07,0.0,342.0,24.0,24.0,14.08,14.25,30.0,55.1,14.2,330.0,11.0,10.6,113453.0,151.0,155851,4.38,5.65,,,,,,A,5.44
1763050,9465241,,,,,2023-09-05,,Container,0.0,108.6,0.0,108.6,0.0,342.2,0.0,342.2,98.3,10.3,0.0,0.0,309.74,0.0,0.0,32.46,0.0,0.0,0.0,0.0,309.74,32.46,0.0,363.0,23.0,23.0,15.65,15.78,45.0,64.7,19.0,20.0,11.0,10.6,113354.0,153.0,155851,6.05,5.66,,,,,,D,5.44
1763051,9465241,,,,,2023-09-06,,Container,0.0,128.9,0.0,128.9,0.0,406.16,0.0,406.16,118.3,10.6,0.0,0.0,372.76,0.0,0.0,33.4,0.0,0.0,0.0,0.0,372.76,33.4,0.0,386.0,24.0,24.0,15.92,16.08,40.0,66.9,20.2,20.0,11.0,10.6,113234.0,155.0,155851,6.75,5.66,,,,,,E,5.44
1763052,9465241,,,,,2023-09-07,,Container,0.0,122.3,0.0,122.3,0.0,385.37,0.0,385.37,111.9,10.4,0.0,0.0,352.6,0.0,0.0,32.77,0.0,0.0,0.0,0.0,352.6,32.77,0.0,387.0,24.0,24.0,16.04,16.13,36.0,66.3,19.2,10.0,11.0,10.6,113122.0,148.0,155851,6.39,5.67,,,,,,D,5.44
1763053,9465241,,,,,2023-09-08,,Container,0.0,105.9,0.0,105.9,0.0,333.69,0.0,333.69,95.1,10.8,0.0,0.0,299.66,0.0,0.0,34.03,0.0,0.0,0.0,0.0,299.66,34.03,0.0,386.0,24.0,24.4,16.04,16.08,10.0,63.7,16.1,340.0,11.0,10.6,113026.0,158.0,155851,5.55,5.67,,,,,,C,5.44
1763054,9465241,,,,,2023-09-09,,Container,0.0,89.8,0.0,89.8,0.0,282.96,0.0,282.96,78.1,11.7,0.0,0.0,246.09,0.0,0.0,36.87,0.0,0.0,0.0,0.0,246.09,36.87,0.0,376.0,23.0,23.0,16.09,16.35,5.0,61.3,11.5,250.0,11.0,10.6,112947.0,69.0,155851,4.83,5.66,,,,,,B,5.44
1763055,9465241,,,,,2023-09-10,,Container,0.0,111.5,0.0,111.5,0.0,351.34,0.0,351.34,99.7,11.8,0.0,0.0,314.15,0.0,0.0,37.18,0.0,0.0,0.0,0.0,314.15,37.18,0.0,378.0,24.0,24.0,16.29,15.75,20.0,65.0,19.5,40.0,11.0,10.6,112846.0,64.0,155851,5.96,5.66,,,,,,D,5.44
1763056,9465241,,,,,2023-09-11,,Container,0.0,74.5,0.0,74.5,0.0,234.75,0.0,234.75,61.7,12.8,0.0,0.0,194.42,0.0,0.0,40.33,0.0,0.0,0.0,0.0,194.42,40.33,0.0,328.0,24.0,24.0,13.46,13.67,30.0,55.6,18.3,310.0,11.0,10.6,112782.0,70.0,155851,4.59,5.66,,,,,,B,5.44
1763057,9465241,,,,,2023-09-12,,Container,0.0,73.1,0.0,73.1,0.0,230.34,0.0,230.34,60.3,12.8,0.0,0.0,190.01,0.0,0.0,40.33,0.0,0.0,0.0,0.0,190.01,40.33,0.0,315.0,23.0,23.0,14.22,13.7,6.0,55.0,17.3,20.0,11.0,10.6,112719.0,62.0,155851,4.69,5.65,,,,,,B,5.44
1763058,9465241,,,,,2023-09-13,,Container,0.0,58.9,0.0,58.9,0.0,185.59,0.0,185.59,46.1,12.8,0.0,0.0,145.26,0.0,0.0,40.33,0.0,0.0,0.0,0.0,145.26,40.33,0.0,318.0,24.0,24.0,13.54,13.25,8.0,50.5,12.9,330.0,11.0,10.6,112670.0,45.0,155851,3.74,5.64,,,,,,A,5.44
1763059,9465241,,,,,2023-09-14,,Container,0.0,58.2,0.0,58.2,0.0,183.39,0.0,183.39,45.5,12.7,0.0,0.0,143.37,0.0,0.0,40.02,0.0,0.0,0.0,0.0,143.37,40.02,0.0,331.0,24.0,24.0,13.29,13.79,20.0,49.9,8.3,40.0,11.0,10.6,112617.0,50.0,155851,3.55,5.63,,,,,,A,5.44
1763060,9465241,,,,,2023-09-15,,Container,0.0,57.9,0.0,57.9,0.0,182.44,0.0,182.44,45.7,12.2,0.0,0.0,144.0,0.0,0.0,38.44,0.0,0.0,0.0,0.0,144.0,38.44,0.0,294.0,23.0,23.0,13.09,12.78,30.0,50.0,15.2,40.0,11.0,10.6,112569.0,52.0,155851,3.98,5.62,,,,,,A,5.44
1763061,9465241,,,,,2023-09-16,,Container,0.0,61.9,0.0,61.9,0.0,195.05,0.0,195.05,49.2,12.7,0.0,0.0,155.03,0.0,0.0,40.02,0.0,0.0,0.0,0.0,155.03,40.02,0.0,310.0,24.0,24.0,12.83,12.92,35.0,50.0,14.2,40.0,11.0,10.6,112512.0,48.0,155851,4.04,5.62,,,,,,A,5.44
1763062,9465241,,,,,2023-09-17,,Container,0.0,65.8,0.0,65.8,0.0,207.34,0.0,207.34,53.0,12.8,0.0,0.0,167.0,0.0,0.0,40.33,0.0,0.0,0.0,0.0,167.0,40.33,0.0,300.0,24.0,24.0,12.88,12.5,30.0,50.8,18.4,30.0,11.0,10.6,112451.0,51.0,155851,4.43,5.61,,,,,,A,5.44
1763063,9465241,,,,,2023-09-18,,Container,0.0,63.2,0.0,63.2,0.0,199.14,0.0,199.14,50.9,12.3,0.0,0.0,160.39,0.0,0.0,38.76,0.0,0.0,0.0,0.0,160.39,38.76,0.0,288.0,23.0,23.0,12.74,12.52,30.0,50.9,18.3,40.0,11.0,10.6,112393.0,49.0,155851,4.44,5.6,,,,,,A,5.44
1763064,9465241,,,,,2023-09-19,,Container,0.0,66.2,0.0,66.2,0.0,208.6,0.0,208.6,53.3,12.9,0.0,0.0,167.95,0.0,0.0,40.65,0.0,0.0,0.0,0.0,167.95,40.65,0.0,309.0,24.0,24.0,12.96,12.88,26.0,51.0,16.2,40.0,11.0,10.6,112332.0,49.0,155851,4.33,5.6,,,,,,A,5.44
1763065,9465241,,,,,2023-09-20,,Container,0.0,70.6,0.0,70.6,0.0,222.46,0.0,222.46,57.8,12.8,0.0,0.0,182.13,0.0,0.0,40.33,0.0,0.0,0.0,0.0,182.13,40.33,0.0,289.0,23.5,24.6,13.53,12.3,25.0,53.3,23.4,40.0,11.0,10.6,112267.0,48.0,155851,4.94,5.59,,,,,,B,5.44
1763066,9465241,,,,,2023-09-21,,Container,0.0,93.6,0.2,93.8,0.0,294.93,0.64,295.57,72.3,21.3,0.2,0.0,227.82,0.0,0.0,67.12,0.0,0.0,0.0,0.64,227.82,67.12,0.64,495.0,39.0,39.0,5.28,5.15,4.4,19.5,4.94,72.0,6.66,6.36,68732.4,10.6,155851,3.83,5.58,,,,,,A,5.44
1763069,9465241,,,,,2023-09-24,,Container,0.0,60.4,0.0,60.4,0.0,190.32,0.0,190.32,47.9,12.5,0.0,0.0,150.93,0.0,0.0,39.39,0.0,0.0,0.0,0.0,150.93,39.39,0.0,328.0,23.5,23.5,13.87,13.96,13.0,50.9,9.0,60.0,10.8,9.5,106161.0,87.0,155851,3.72,5.58,,,,,,A,5.44
1763070,9465241,,,,,2023-09-25,,Container,0.0,62.7,0.0,62.7,0.0,197.57,0.0,197.57,50.0,12.7,0.0,0.0,157.55,0.0,0.0,40.02,0.0,0.0,0.0,0.0,157.55,40.02,0.0,323.0,24.0,24.0,14.17,13.46,14.0,51.5,13.2,80.0,10.8,9.5,106103.0,91.0,155851,3.92,5.57,,,,,,A,5.44
1763071,9465241,,,,,2023-09-26,,Container,0.0,66.1,0.0,66.1,0.0,208.28,0.0,208.28,53.4,12.7,0.0,0.0,168.26,0.0,0.0,40.02,0.0,0.0,0.0,0.0,168.26,40.02,0.0,322.0,23.0,23.0,13.96,14.0,26.0,52.9,12.1,70.0,10.6,10.6,111016.0,93.0,155851,4.15,5.56,,,,,,A,5.44
1763072,9465241,,,,,2023-09-27,,Container,0.0,168.4,0.2,168.6,0.0,530.63,0.64,531.27,147.1,21.3,0.2,0.0,463.51,0.0,0.0,67.12,0.0,0.0,0.0,0.64,463.51,67.12,0.64,622.0,40.0,40.0,15.62,15.5,25.0,61.85,16.4,10.0,10.8,10.5,110889.5,129.0,155851,5.48,5.56,,,,,,C,5.44
1763074,9465241,,,,,2023-09-29,,Container,0.0,24.0,0.0,24.0,0.0,75.62,0.0,75.62,19.6,4.4,0.0,0.0,61.76,0.0,0.0,13.86,0.0,0.0,0.0,0.0,61.76,13.86,0.0,126.0,8.4,8.4,14.88,15.0,8.0,53.7,7.2,30.0,10.5,8.0,106187.0,23.0,155851,3.85,5.57,,,,,,A,5.44
1763075,9465241,,,,,2023-09-30,,Container,0.0,64.1,0.0,64.1,0.0,201.98,0.0,201.98,51.2,12.9,0.0,0.0,161.33,0.0,0.0,40.65,0.0,0.0,0.0,0.0,161.33,40.65,0.0,360.0,24.0,24.0,14.83,15.0,22.0,53.7,7.2,280.0,10.5,8.0,106118.0,32.0,155851,3.6,5.55,,,,,,A,5.44
1763076,9465241,,,,,2023-10-01,,Container,0.0,70.5,0.0,70.5,0.0,222.15,0.0,222.15,57.6,12.9,0.0,0.0,181.5,0.0,0.0,40.65,0.0,0.0,0.0,0.0,181.5,40.65,0.0,358.0,24.0,24.0,14.58,14.92,28.0,55.6,11.0,20.0,10.5,8.0,106043.0,35.0,155851,3.98,5.55,,,,,,A,5.44
1763077,9465241,,,,,2023-10-02,,Container,0.0,71.4,0.0,71.4,0.0,224.98,0.0,224.98,58.3,13.1,0.0,0.0,183.7,0.0,0.0,41.28,0.0,0.0,0.0,0.0,183.7,41.28,0.0,360.0,24.0,24.0,14.96,15.0,35.0,55.5,10.2,10.0,10.5,8.0,105967.0,35.0,155851,4.01,5.54,,,,,,A,5.44
1763078,9465241,,,,,2023-10-03,,Container,0.0,79.4,0.0,79.4,0.0,250.19,0.0,250.19,66.1,13.3,0.0,0.0,208.28,0.0,0.0,41.91,0.0,0.0,0.0,0.0,208.28,41.91,0.0,360.0,24.0,24.0,14.88,15.0,30.0,56.6,12.0,30.0,10.7,8.4,96095.0,33.0,155851,4.46,5.53,,,,,,A,5.44
1763079,9465241,,,,,2023-10-04,,Container,0.0,154.4,0.3,154.7,0.0,486.51,0.96,487.48,134.3,20.1,0.3,0.0,423.18,0.0,0.0,63.34,0.0,0.0,0.0,0.96,423.18,63.34,0.96,575.0,38.5,38.5,14.1,14.47,37.5,49.05,11.45,30.0,10.7,8.4,95955.0,169.0,155851,5.44,5.53,,,,,,C,5.44
1763081,9465241,,,,,2023-10-06,,Container,0.0,32.8,3.5,36.3,0.0,103.35,11.22,114.57,17.2,15.6,3.5,0.0,54.2,0.0,0.0,49.16,0.0,0.0,0.0,11.22,54.2,49.16,11.22,73.0,12.2,37.4,5.56,5.27,11.6,20.12,4.3,184.0,9.5,6.0,73812.0,71.2,155851,10.07,5.54,,,,,,E,5.44
1763152,9465241,,,,,2023-12-16,,Container,1.8,28.2,0.0,30.0,5.61,88.86,0.0,94.46,13.6,13.6,2.8,5.61,37.18,0.0,0.0,42.85,0.0,0.0,8.82,0.0,42.79,42.85,8.82,37.0,6.9,59.8,5.65,5.36,38.0,33.2,5.5,330.0,9.5,6.0,75756.0,0.0,155851,16.38,5.71,,,,,,E,5.44
1763153,9465241,,,,,2023-12-17,,Container,0.0,57.4,0.0,57.4,0.0,180.87,0.0,180.87,39.8,16.8,0.8,0.0,125.41,0.0,0.0,52.94,0.0,0.0,2.52,0.0,125.41,52.94,2.52,187.0,24.0,49.5,8.25,7.79,30.0,45.9,15.1,330.0,9.5,6.0,75691.0,359.0,155851,6.21,5.71,,,,,,D,5.44
1763154,9465241,,,,,2023-12-18,,Container,0.0,48.5,0.0,48.5,0.0,152.82,0.0,152.82,30.3,16.6,1.6,0.0,95.48,0.0,0.0,52.31,0.0,0.0,5.04,0.0,95.48,52.31,5.04,239.0,24.0,51.0,5.61,5.83,7.5,23.15,6.85,15.0,9.5,6.0,75634.5,158.5,155851,4.1,5.71,,,,,,A,5.44
1763158,9465241,,,,,2023-12-22,,Container,0.0,30.6,0.0,30.6,0.0,96.42,0.0,96.42,19.6,8.5,2.5,0.0,61.76,0.0,0.0,26.78,0.0,0.0,7.88,0.0,61.76,26.78,7.88,49.0,11.1,22.7,4.53,4.62,10.0,20.8,2.95,70.0,9.6,5.9,75513.0,117.5,155851,12.63,5.75,,,,,,E,5.44
1763159,9465241,,,,,2023-12-23,,Container,5.8,29.2,0.0,35.0,18.06,92.01,0.0,110.07,7.9,20.0,7.1,18.06,6.62,0.0,0.0,63.02,0.0,0.0,22.37,0.0,24.68,63.02,22.37,64.0,11.1,54.0,2.4,2.29,9.33,11.2,9.9,193.33,9.6,5.9,75483.0,153.0,155851,11.04,5.75,,,,,,E,5.44
1763163,9465241,,,,,2023-12-27,,Container,32.9,23.65,0.0,56.55,102.45,74.52,0.0,176.97,32.9,19.2,4.45,102.45,0.0,0.0,0.0,60.5,0.0,0.0,14.02,0.0,102.45,60.5,14.02,366.0,35.1,37.3,7.17,7.08,8.67,26.43,9.93,230.0,11.9,8.3,105859.33,116.0,155851,3.1,5.75,,,,,,A,5.44
1763167,9465241,,,,,2023-12-31,,Container,8.7,10.6,0.0,19.3,27.09,33.4,0.0,60.49,6.1,10.6,2.6,19.0,0.0,0.0,0.0,33.4,0.0,8.1,0.0,0.0,19.0,33.4,8.1,31.0,9.6,31.7,1.39,1.35,6.4,7.32,2.02,102.0,9.52,8.32,94586.4,45.2,155851,12.52,5.78,,,,,,E,5.44
67657,9465241,,,,,2019-01-11,11.0,Container,14.15,,0.0,14.15,44.06,,0.0,44.06,0.0,9.27,4.88,0.0,,0.0,28.87,,0.0,15.2,,0.0,0.0,28.87,15.2,0.0,0.0,20.8,0.0,0.0,0.0,0.0,0.0,0.0,16.0,16.0,189995.0,0.0,148342,,6.17,16.0,E,,,,,5.87
846213,9465241,,,,,2020-01-12,12.0,Container,16.9,,0.0,16.9,52.63,,0.0,52.63,0.0,4.5,12.4,0.0,,0.0,14.01,,0.0,38.61,,0.0,0.0,14.01,38.61,0.0,0.0,24.0,0.0,0.0,0.0,0.0,0.0,0.0,13.1,12.85,144128.0,0.0,148342,,6.85,12.98,,E,,,,5.81
846218,9465241,,,,,2020-01-17,17.0,Container,11.7,,0.0,11.7,36.43,,0.0,36.43,0.0,3.0,8.7,0.0,,0.0,9.34,,0.0,27.09,,0.0,0.0,9.34,27.09,0.0,17.5,17.5,0.0,0.0,0.0,0.0,0.0,0.0,12.7,12.7,136612.0,0.0,148342,,6.8,12.7,,E,,,,5.81
846250,9465241,,,,,2020-02-18,49.0,Container,11.1,,0.0,11.1,34.57,,0.0,34.57,0.0,8.1,3.0,0.0,,0.0,25.22,,0.0,9.34,,0.0,0.0,25.22,9.34,0.0,17.5,17.5,0.0,0.0,0.0,0.0,0.0,0.0,14.2,14.2,158646.0,0.0,148342,,5.82,14.2,,E,,,,5.81
846282,9465241,,,,,2020-03-21,81.0,Container,10.1,,0.0,10.1,31.45,,0.0,31.45,0.0,2.1,8.0,0.0,,0.0,6.54,,0.0,24.91,,0.0,0.0,6.54,24.91,0.0,16.1,16.4,0.0,0.0,0.0,0.0,0.0,0.0,11.3,10.3,111117.0,0.0,148342,,5.67,10.8,,E,,,,5.81
846284,9465241,,,,,2020-03-23,83.0,Container,25.6,,0.0,25.6,79.72,,0.0,79.72,0.0,21.0,4.6,0.0,,0.0,65.39,,0.0,14.32,,0.0,0.0,65.39,14.32,0.0,11.0,37.2,0.0,0.0,0.0,0.0,0.0,0.0,12.55,12.0,131519.5,0.0,148342,,5.68,12.28,,E,,,,5.81
846286,9465241,,,,,2020-03-25,85.0,Container,16.5,,0.0,16.5,51.38,,0.0,51.38,0.0,13.0,3.5,0.0,,0.0,40.48,,0.0,10.9,,0.0,0.0,40.48,10.9,0.0,0.0,24.6,0.0,0.0,0.0,0.0,0.0,0.0,13.8,13.0,148470.0,0.0,148342,,5.68,13.4,,E,,,,5.81
846309,9465241,,,,,2020-04-17,108.0,Container,8.6,,0.0,8.6,26.78,,0.0,26.78,0.0,6.4,2.2,0.0,,0.0,19.93,,0.0,6.85,,0.0,0.0,19.93,6.85,0.0,13.4,13.6,0.0,0.0,0.0,0.0,0.0,0.0,16.1,15.8,188267.0,0.0,148342,,5.74,15.95,,E,,,,5.81
846313,9465241,,,,,2020-04-21,112.0,Container,7.3,,0.0,7.3,22.73,,0.0,22.73,0.0,5.7,1.6,0.0,,0.0,17.75,,0.0,4.98,,0.0,0.0,17.75,4.98,0.0,0.0,12.4,0.0,0.0,0.0,0.0,0.0,0.0,15.4,15.2,177300.0,0.0,148342,,5.71,15.3,,E,,,,5.81
846338,9465241,,,,,2020-05-16,137.0,Container,9.3,,0.0,9.3,28.96,,0.0,28.96,0.0,7.2,2.1,0.0,,0.0,22.42,,0.0,6.54,,0.0,0.0,22.42,6.54,0.0,15.5,15.5,0.0,0.0,0.0,0.0,0.0,0.0,12.0,11.2,123956.0,0.0,148342,,5.66,11.6,,E,,,,5.81
846342,9465241,,,,,2020-05-20,141.0,Container,16.3,,0.0,16.3,50.76,,0.0,50.76,0.0,12.8,3.5,0.0,,0.0,39.86,,0.0,10.9,,0.0,0.0,39.86,10.9,0.0,0.0,24.2,0.0,0.0,0.0,0.0,0.0,0.0,11.3,9.2,106610.0,0.0,148342,,5.67,10.25,,E,,,,5.81
846344,9465241,,,,,2020-05-22,143.0,Container,12.6,,0.0,12.6,39.24,,0.0,39.24,0.0,9.7,2.9,0.0,,0.0,30.21,,0.0,9.03,,0.0,0.0,30.21,9.03,0.0,18.1,18.4,0.0,0.0,0.0,0.0,0.0,0.0,11.2,9.3,106565.0,0.0,148342,,5.67,10.25,,E,,,,5.81
846359,9465241,,,,,2020-06-06,158.0,Container,19.7,,0.0,19.7,61.35,,0.0,61.35,0.0,16.1,3.6,0.0,,0.0,50.14,,0.0,11.21,,0.0,0.0,50.14,11.21,0.0,0.0,35.9,0.0,0.0,0.0,0.0,0.0,0.0,15.7,15.4,180966.0,0.0,148342,,5.74,15.55,,E,,,,5.81
846360,9465241,,,,,2020-06-07,159.0,Container,16.6,,0.0,16.6,51.69,,0.0,51.69,0.0,13.1,3.5,0.0,,0.0,40.79,,0.0,10.9,,0.0,0.0,40.79,10.9,0.0,0.0,24.0,0.0,0.0,0.0,0.0,0.0,0.0,15.7,15.4,180966.0,0.0,148342,,5.75,15.55,,E,,,,5.81
846361,9465241,,,,,2020-06-08,160.0,Container,16.7,,0.0,16.7,52.0,,0.0,52.0,0.0,13.4,3.3,0.0,,0.0,41.73,,0.0,10.28,,0.0,0.0,41.73,10.28,0.0,0.0,24.0,0.0,0.0,0.0,0.0,0.0,0.0,15.7,15.4,180966.0,0.0,148342,,5.76,15.55,,E,,,,5.81
846369,9465241,,,,,2020-06-16,168.0,Container,20.2,,0.0,20.2,62.9,,0.0,62.9,0.0,16.0,4.2,0.0,,0.0,49.82,,0.0,13.08,,0.0,0.0,49.82,13.08,0.0,0.0,27.8,0.0,0.0,0.0,0.0,0.0,0.0,12.6,12.4,136690.0,0.0,148342,,5.85,12.5,,E,,,,5.81
846373,9465241,,,,,2020-06-20,172.0,Container,31.5,,0.0,31.5,98.09,,0.0,98.09,0.0,25.2,6.3,0.0,,0.0,78.47,,0.0,19.62,,0.0,0.0,78.47,19.62,0.0,11.9,38.1,0.0,0.0,0.0,0.0,0.0,0.0,14.25,13.9,160492.0,0.0,148342,,5.9,14.08,,E,,,,5.81
846387,9465241,,,,,2020-07-04,186.0,Container,0.0,,9.0,9.0,0.0,,28.85,28.85,0.0,6.6,2.4,0.0,,0.0,0.0,,21.16,0.0,,7.69,0.0,21.16,7.69,0.0,0.0,14.2,0.0,0.0,0.0,0.0,0.0,0.0,15.7,15.7,182360.0,0.0,148342,,6.05,15.7,,E,,,,5.81
846404,9465241,,,,,2020-07-21,203.0,Container,9.1,,0.0,9.1,28.34,,0.0,28.34,0.0,6.7,2.4,0.0,,0.0,20.86,,0.0,7.47,,0.0,0.0,20.86,7.47,0.0,14.6,14.9,0.0,0.0,0.0,0.0,0.0,0.0,12.8,11.5,130065.0,0.0,148342,,6.06,6.08,,E,,,,5.81
846428,9465241,,,,,2020-08-14,227.0,Container,9.6,,0.0,9.6,29.89,,0.0,29.89,0.0,6.7,2.9,0.0,,0.0,20.86,,0.0,9.03,,0.0,0.0,20.86,9.03,0.0,0.0,14.5,0.0,0.0,0.0,0.0,0.0,0.0,16.0,16.0,187600.0,0.0,148342,,5.92,16.0,,E,,,,5.81
846430,9465241,,,,,2020-08-16,229.0,Container,10.3,,1.8,12.1,32.07,,5.77,37.84,0.0,8.7,3.4,0.0,,0.0,22.73,,4.49,9.34,,1.28,0.0,27.22,10.62,0.0,21.7,22.3,0.0,0.0,0.0,0.0,0.0,0.0,16.0,15.9,187570.0,0.0,148342,,5.93,15.95,,E,,,,5.81
846436,9465241,,,,,2020-08-22,235.0,Container,8.2,,3.2,11.4,25.53,,10.26,35.79,0.0,8.2,3.2,0.0,,0.0,25.53,,0.0,0.0,,10.26,0.0,25.53,10.26,0.0,0.0,20.5,0.0,0.0,0.0,0.0,0.0,0.0,12.9,12.7,139770.0,0.0,148342,,5.95,12.8,,E,,,,5.81
846459,9465241,,,,,2020-09-14,258.0,Container,13.4,,0.0,13.4,41.73,,0.0,41.73,0.0,10.5,2.9,0.0,,0.0,32.7,,0.0,9.03,,0.0,0.0,32.7,9.03,0.0,0.0,23.1,0.0,0.0,0.0,0.0,0.0,0.0,12.0,10.7,117630.0,0.0,148342,,6.01,11.35,,E,,,,5.81
846465,9465241,,,,,2020-09-20,264.0,Container,15.8,,0.0,15.8,49.2,,0.0,49.2,0.0,12.3,3.5,0.0,,0.0,38.3,,0.0,10.9,,0.0,0.0,38.3,10.9,0.0,0.0,24.0,0.0,0.0,0.0,0.0,0.0,0.0,12.9,12.9,139500.0,0.0,148342,,5.99,12.9,,E,,,,5.81
846476,9465241,,,,,2020-10-01,275.0,Container,0.0,,16.6,16.6,0.0,,53.22,53.22,0.0,14.5,2.1,0.0,,0.0,0.0,,46.49,0.0,,6.73,0.0,46.49,6.73,0.0,0.0,17.6,0.0,0.0,0.0,0.0,0.0,0.0,13.8,13.8,157790.0,0.0,148342,,6.0,13.8,,E,,,,5.81
846498,9465241,,,,,2020-10-23,297.0,Container,16.1,,0.0,16.1,50.14,,0.0,50.14,0.0,13.1,3.0,0.0,,0.0,40.79,,0.0,9.34,,0.0,0.0,40.79,9.34,0.0,0.0,21.9,0.0,0.0,0.0,0.0,0.0,0.0,13.8,13.8,155165.0,0.0,148342,,6.02,13.8,,E,,,,5.81
846523,9465241,,,,,2020-11-17,322.0,Container,11.3,,0.0,11.3,35.19,,0.0,35.19,0.0,8.2,3.1,0.0,,0.0,25.53,,0.0,9.65,,0.0,0.0,25.53,9.65,0.0,0.0,20.6,0.0,0.0,0.0,0.0,0.0,0.0,13.2,12.8,144620.0,0.0,148342,,6.02,13.0,,E,,,,5.81
846527,9465241,,,,,2020-11-21,326.0,Container,0.0,,8.0,8.0,0.0,,25.65,25.65,0.0,6.2,1.8,0.0,,0.0,0.0,,19.88,0.0,,5.77,0.0,19.88,5.77,0.0,0.0,14.3,0.0,0.0,0.0,0.0,0.0,0.0,12.4,11.2,142730.0,0.0,148342,,6.02,5.9,,E,,,,5.81
846528,9465241,,,,,2020-11-22,327.0,Container,0.0,,13.2,13.2,0.0,,42.32,42.32,0.0,10.2,3.0,0.0,,0.0,0.0,,32.7,0.0,,9.62,0.0,32.7,9.62,0.0,0.0,14.3,0.0,0.0,0.0,0.0,0.0,0.0,12.4,11.2,142730.0,0.0,148342,,6.02,11.8,,E,,,,5.81
846529,9465241,,,,,2020-11-23,328.0,Container,0.4,,14.0,14.4,1.25,,44.88,46.13,0.4,11.1,2.9,1.25,,0.0,0.0,,35.59,0.0,,9.3,1.25,35.59,9.3,0.0,0.5,28.7,0.0,0.0,0.0,0.0,0.0,0.0,12.4,11.2,142730.0,0.0,148342,,6.02,11.8,,E,,,,5.81
846530,9465241,,,,,2020-11-24,329.0,Container,0.0,,13.5,13.5,0.0,,43.28,43.28,0.0,10.5,3.0,0.0,,0.0,0.0,,33.66,0.0,,9.62,0.0,33.66,9.62,0.0,0.0,24.0,0.0,0.0,0.0,0.0,0.0,0.0,12.4,11.2,142730.0,0.0,148342,,6.03,11.8,,E,,,,5.81
846533,9465241,,,,,2020-11-27,332.0,Container,3.8,,10.5,14.3,11.83,,33.66,45.5,0.1,11.2,3.0,0.0,,0.32,11.83,,23.72,0.0,,9.62,0.32,35.56,9.62,0.0,1.4,27.6,0.0,0.0,0.0,0.0,0.0,0.0,13.0,13.0,140410.0,0.0,148342,,6.03,13.0,,E,,,,5.81
846534,9465241,,,,,2020-11-28,333.0,Container,10.43,,3.3,13.73,32.48,,10.58,43.06,0.3,10.43,3.0,0.0,,0.96,32.48,,0.0,0.0,,9.62,0.96,32.48,9.62,0.0,1.1,26.5,0.0,0.0,0.0,0.0,0.0,0.0,13.0,13.0,140410.0,0.0,148342,,6.03,13.0,,E,,,,5.81
846535,9465241,,,,,2020-11-29,334.0,Container,18.7,,2.9,21.6,58.23,,9.3,67.53,0.0,16.7,4.9,0.0,,0.0,52.0,,0.0,6.23,,9.3,0.0,52.0,15.53,0.0,0.0,35.4,0.0,0.0,0.0,0.0,0.0,0.0,14.0,14.0,156122.5,0.0,148342,,6.03,14.0,,E,,,,5.81
846537,9465241,,,,,2020-12-01,336.0,Container,15.9,,0.0,15.9,49.51,,0.0,49.51,0.0,12.1,3.8,0.0,,0.0,37.68,,0.0,11.83,,0.0,0.0,37.68,11.83,0.0,0.0,24.0,0.0,0.0,0.0,0.0,0.0,0.0,14.9,14.9,171780.0,0.0,148342,,6.03,14.9,,E,,,,5.81
846559,9465241,,,,,2020-12-23,358.0,Container,21.5,,0.0,21.5,66.95,,0.0,66.95,0.1,18.1,3.3,0.31,,0.0,56.36,,0.0,10.28,,0.0,0.31,56.36,10.28,0.0,0.9,29.5,0.0,0.0,0.0,0.0,0.0,0.0,14.8,14.8,168680.0,0.0,148342,,6.18,14.8,,E,,,,5.81
1923301,9465241,,,,,2024-01-01,,Container,7.1,9.6,0.0,16.7,22.11,30.25,0.0,52.36,4.4,9.6,2.7,13.7,0.0,0.0,0.0,30.25,0.0,8.41,0.0,0.0,13.7,30.25,8.41,53.0,9.5,24.8,2.32,2.25,6.0,12.2,3.37,90.0,11.77,10.27,116534.0,30.33,155851,6.34,6.34,,,,,,D,5.33
1923302,9465241,,,,,2024-01-02,,Container,4.1,12.3,0.0,16.4,12.77,38.76,0.0,51.52,0.0,12.3,4.1,0.0,0.0,0.0,0.0,38.76,0.0,12.77,0.0,0.0,0.0,38.76,12.77,0.0,0.0,24.0,0.0,0.0,0.0,0.0,0.0,0.0,11.5,10.0,113124.0,0.0,155851,,12.58,,,,,,,5.33
1923303,9465241,,,,,2024-01-03,,Container,6.5,12.7,0.0,19.2,20.24,40.02,0.0,60.26,2.4,12.7,4.1,7.47,0.0,0.0,0.0,40.02,0.0,12.77,0.0,0.0,7.47,40.02,12.77,16.0,2.8,30.3,0.0,0.0,0.0,0.0,0.0,0.0,11.5,10.0,113090.0,0.0,155851,24.17,15.26,,,,,,E,5.33
1923304,9465241,,,,,2024-01-04,,Container,9.7,13.7,0.0,23.4,30.21,43.17,0.0,73.33,5.5,13.7,4.2,17.13,0.0,0.0,0.0,43.17,0.0,13.08,0.0,0.0,17.13,43.17,13.08,68.0,11.7,34.6,0.0,0.0,0.0,0.0,0.0,0.0,5.75,5.0,56533.5,0.0,155851,6.92,11.12,,,,,,E,5.33
1923305,9465241,,,,,2024-01-05,,Container,19.9,13.7,0.0,33.6,61.97,43.17,0.0,104.92,16.7,13.7,3.2,52.0,0.0,0.0,0.0,43.17,0.0,9.96,0.0,0.0,52.0,43.17,9.96,99.0,8.0,32.5,3.79,3.71,6.0,14.98,3.3,10.0,11.32,10.95,129233.9,84.0,155851,6.8,9.31,,,,,,E,5.33
1923306,9465241,,,,,2024-01-06,,Container,72.2,17.5,0.0,89.7,224.83,55.14,0.0,279.89,73.8,15.9,0.0,224.83,5.04,0.0,0.0,50.1,0.0,0.0,0.0,0.0,229.87,50.1,0.0,387.0,24.0,24.0,16.33,16.13,10.0,61.2,13.7,50.0,15.1,14.6,172200.0,230.0,155851,4.64,6.41,,,,,,B,5.33
1923307,9465241,,,,,2024-01-07,,Container,0.0,68.9,0.0,68.9,0.0,217.1,0.0,216.93,47.9,16.7,4.3,0.0,150.93,0.0,0.0,52.62,0.0,0.0,13.55,0.0,150.93,52.62,13.55,306.0,25.4,40.1,7.52,7.32,5.0,28.4,7.05,15.0,15.2,13.6,165326.0,138.0,155851,4.55,5.8,,,,,,B,5.33
1923308,9465241,,,,,2024-01-08,,Container,0.0,27.3,0.0,27.3,0.0,86.02,0.0,85.76,13.1,11.5,2.7,0.0,41.28,0.0,0.0,36.24,0.0,0.0,8.51,0.0,41.28,36.24,8.51,57.0,4.7,32.6,5.33,5.56,7.33,21.77,4.73,180.0,15.7,15.3,179891.73,120.33,155851,9.65,6.02,,,,,,E,5.33
1923309,9465241,,,,,2024-01-09,,Container,86.3,0.0,0.0,86.3,268.74,0.0,0.0,268.65,71.8,14.5,0.0,223.59,0.0,0.0,45.15,0.0,0.0,0.0,0.0,0.0,223.59,45.15,0.0,380.0,24.0,24.9,15.42,15.83,3.0,59.0,12.7,300.0,15.7,15.3,179806.0,202.0,155851,4.54,5.61,,,,,,B,5.33
1923310,9465241,,,,,2024-01-10,,Container,84.9,0.0,0.0,84.9,264.38,0.0,0.0,264.29,69.3,15.6,0.0,215.8,0.0,0.0,48.58,0.0,0.0,0.0,0.0,0.0,215.8,48.58,0.0,389.0,24.0,25.2,16.13,16.21,10.0,60.2,11.8,150.0,15.7,15.3,179726.0,216.0,155851,4.36,5.33,,,,,,A,5.33
1923311,9465241,,,,,2024-01-11,,Container,129.42,12.1,0.0,141.52,403.01,38.13,0.0,440.97,119.32,22.2,0.0,371.56,0.0,0.0,31.45,38.13,0.0,0.0,0.0,0.0,371.56,69.58,0.0,567.0,34.0,45.4,16.23,16.72,6.5,60.75,9.55,195.0,15.8,14.6,177128.5,217.5,155851,4.99,5.25,,,,,,B,5.33
1923312,9465241,,,,,2024-01-12,,Container,27.58,0.0,0.0,27.58,85.88,0.0,0.0,83.92,5.8,18.28,3.5,18.06,0.0,0.0,56.92,0.0,0.0,10.9,0.0,0.0,18.06,56.92,10.9,78.0,10.0,45.4,0.0,0.0,0.0,0.0,0.0,0.0,10.77,9.8,120485.2,0.0,155851,6.9,5.3,,,,,,E,5.33
1923313,9465241,,,,,2024-01-13,,Container,45.3,0.0,0.6,45.9,141.06,0.0,1.92,139.41,34.8,10.9,0.2,108.37,0.0,0.0,32.07,0.0,1.92,0.62,0.0,0.0,108.37,34.0,0.62,166.0,12.2,26.2,5.13,5.13,14.33,19.53,4.53,18.33,10.93,10.33,124565.33,202.33,155851,5.39,5.31,,,,,,C,5.33
1923314,9465241,,,,,2024-01-14,,Container,93.0,0.0,0.0,93.0,289.6,0.0,0.0,287.82,74.0,19.0,0.0,230.44,0.0,0.0,59.17,0.0,0.0,0.0,0.0,0.0,230.44,59.17,0.0,386.0,25.0,29.6,15.44,15.44,6.0,59.0,13.8,80.0,16.4,15.5,186750.0,285.0,155851,4.78,5.24,,,,,,B,5.33
1923315,9465241,,,,,2024-01-15,,Container,77.0,0.0,0.0,77.0,239.78,0.0,0.0,237.99,61.0,16.0,0.0,189.95,0.0,0.0,49.82,0.0,0.0,0.0,0.0,0.0,189.95,49.82,0.0,372.0,24.0,24.0,15.25,15.5,16.0,57.7,11.6,70.0,16.4,15.5,186668.0,266.0,155851,4.1,5.11,,,,,,A,5.33
1923316,9465241,,,,,2024-01-16,,Container,71.0,0.0,0.0,71.0,221.09,0.0,0.0,219.31,58.0,13.0,0.0,180.61,0.0,0.0,40.48,0.0,0.0,0.0,0.0,0.0,180.61,40.48,0.0,376.0,25.0,25.0,15.04,15.04,20.0,56.9,13.0,50.0,16.4,15.5,186607.0,267.0,155851,3.74,4.97,,,,,,A,5.33
1923317,9465241,,,,,2024-01-17,,Container,55.0,0.0,0.0,55.0,171.27,0.0,0.0,169.48,40.0,15.0,0.0,124.56,0.0,0.0,46.71,0.0,0.0,0.0,0.0,0.0,124.56,46.71,0.0,358.0,24.0,26.7,13.21,14.92,27.0,50.4,2.4,60.0,16.4,15.5,186562.0,322.0,155851,3.04,4.8,,,,,,A,5.33
1923318,9465241,,,,,2024-01-18,,Container,70.0,0.0,0.0,70.0,217.98,0.0,0.0,216.19,55.0,15.0,0.0,171.27,0.0,0.0,46.71,0.0,0.0,0.0,0.0,0.0,171.27,46.71,0.0,378.0,25.0,25.0,14.44,15.12,10.0,54.7,8.9,0.0,16.4,15.5,186502.0,312.0,155851,3.67,4.71,,,,,,A,5.33
1923319,9465241,,,,,2024-01-19,,Container,82.3,0.0,0.0,82.3,256.28,0.0,0.0,254.5,66.3,16.0,0.0,206.46,0.0,0.0,49.82,0.0,0.0,0.0,0.0,0.0,206.46,49.82,0.0,365.0,24.0,24.0,15.04,15.21,22.0,58.3,14.4,40.0,16.4,15.5,186430.0,315.0,155851,4.47,4.69,,,,,,B,5.33
1923320,9465241,,,,,2024-01-20,,Container,82.0,0.0,0.0,82.0,255.35,0.0,0.0,253.56,64.0,18.0,0.0,199.3,0.0,0.0,56.05,0.0,0.0,0.0,0.0,0.0,199.3,56.05,0.0,360.0,24.0,48.0,14.88,15.0,24.0,57.3,13.7,40.0,16.4,15.5,186358.0,312.0,155851,4.52,4.68,,,,,,B,5.33
1923321,9465241,,,,,2024-01-21,,Container,83.0,0.0,0.0,83.0,258.46,0.0,0.0,256.68,64.0,19.0,0.0,199.3,0.0,0.0,59.17,0.0,0.0,0.0,0.0,0.0,199.3,59.17,0.0,369.0,25.0,50.0,14.72,14.76,16.0,56.5,14.0,20.0,16.1,16.1,189204.5,312.0,155851,4.46,4.66,,,,,,B,5.33
1923322,9465241,,,,,2024-01-22,,Container,80.2,0.0,1.9,82.1,249.74,0.0,6.09,250.47,54.9,25.3,1.9,170.96,0.0,0.0,78.78,0.0,0.0,0.0,0.0,6.09,170.96,78.78,6.09,384.0,30.6,65.5,7.97,7.97,10.0,32.0,12.2,16.67,16.0,16.0,187888.67,163.0,155851,4.19,4.63,,,,,,A,5.33
1923323,9465241,,,,,2024-01-23,,Container,24.6,0.0,3.7,28.3,76.6,0.0,11.86,84.88,7.6,17.5,3.2,23.67,0.0,0.0,51.07,0.0,3.53,1.87,0.0,8.34,23.67,54.6,10.2,68.0,11.7,43.3,0.0,0.0,0.0,0.0,0.0,0.0,10.67,10.67,125239.0,0.0,155851,8.01,4.67,,,,,,E,5.33
1923324,9465241,,,,,2024-01-24,,Container,28.64,0.0,2.42,31.06,89.18,0.0,7.76,92.0,7.2,20.4,3.46,22.42,0.0,0.0,56.67,0.0,7.05,10.09,0.0,0.71,22.42,63.73,10.79,51.7,9.1,50.5,2.46,2.5,4.0,7.0,-2.58,68.0,11.52,11.52,131572.66,93.2,155851,11.42,4.73,,,,,,E,5.33
1923325,9465241,,,,,2024-01-25,,Container,46.0,0.0,2.3,48.3,143.24,0.0,7.37,142.97,19.9,24.0,4.4,61.97,0.0,0.0,73.8,0.0,0.96,7.47,0.0,6.41,61.97,74.76,13.89,171.1,16.6,42.4,5.34,5.42,10.0,20.23,5.8,182.5,13.8,13.8,155199.0,210.5,155851,5.36,4.74,,,,,,C,5.33
1923326,9465241,,,,,2024-01-26,,Container,31.2,0.0,2.0,33.2,97.16,0.0,6.41,96.92,10.8,18.7,3.7,33.63,0.0,0.0,52.0,0.0,6.41,11.52,0.0,0.0,33.63,58.42,11.52,74.0,8.8,41.5,0.0,0.0,2.5,0.0,0.0,22.5,9.85,9.55,107189.08,5.25,155851,8.4,4.79,,,,,,E,5.33
1923327,9465241,,,,,2024-01-27,,Container,37.8,0.0,1.2,39.0,117.71,0.0,3.85,120.27,23.2,14.1,1.7,72.24,0.0,0.0,40.17,0.0,3.85,5.29,0.0,0.0,72.24,44.02,5.29,164.1,16.7,36.7,6.55,6.45,10.5,25.05,7.6,155.0,12.8,12.2,136767.0,120.5,155851,4.7,4.79,,,,,,B,5.33
1923328,9465241,,,,,2024-01-28,,Container,26.4,0.0,1.0,27.4,82.21,0.0,3.21,84.27,4.0,19.4,4.0,12.46,0.0,0.0,57.3,0.0,3.21,12.46,0.0,0.0,12.46,60.5,12.46,29.0,3.5,37.8,0.0,0.0,5.0,0.0,0.0,100.0,6.73,6.73,69648.23,27.0,155851,18.65,4.85,,,,,,E,5.33
1923329,9465241,,,,,2024-01-29,,Container,63.0,0.0,2.0,65.0,196.18,0.0,6.41,201.83,44.5,18.9,1.6,138.57,0.0,0.0,52.63,0.0,6.41,4.98,0.0,0.0,138.57,59.04,4.98,275.6,23.1,43.2,7.44,7.48,10.0,32.5,12.1,30.0,10.1,10.1,104407.5,155.5,155851,4.7,4.84,,,,,,B,5.33
1923330,9465241,,,,,2024-01-30,,Container,17.6,0.0,0.0,17.6,54.81,0.0,0.0,54.81,0.0,14.3,3.3,0.0,0.0,0.0,44.53,0.0,0.0,10.28,0.0,0.0,0.0,44.53,10.28,0.0,0.0,19.9,0.0,0.0,0.0,0.0,0.0,0.0,0.0,0.0,0.0,0.0,155851,,4.89,,,,,,,5.33
1923331,9465241,,,,,2024-01-31,,Container,19.74,0.0,0.0,19.74,61.47,0.0,0.0,61.47,0.0,15.7,4.04,0.0,0.0,0.0,48.89,0.0,0.0,12.58,0.0,0.0,0.0,48.89,12.58,0.0,0.0,24.5,0.0,0.0,0.0,0.0,0.0,0.0,0.0,0.0,0.0,0.0,155851,,4.95,,,,,,,5.33
1923332,9465241,,,,,2024-02-01,,Container,17.0,0.0,0.0,17.0,52.94,0.0,0.0,52.94,0.0,13.0,4.0,0.0,0.0,0.0,40.48,0.0,0.0,12.46,0.0,0.0,0.0,40.48,12.46,0.0,0.0,27.5,0.0,0.0,0.0,0.0,0.0,0.0,0.0,0.0,0.0,0.0,155851,,5.0,,,,,,,5.33
1923333,9465241,,,,,2024-02-02,,Container,41.1,0.0,1.9,43.0,127.99,0.0,6.09,134.08,16.5,21.3,5.2,51.38,0.0,0.0,61.03,0.0,5.45,15.57,0.0,0.64,51.38,66.48,16.21,84.0,6.4,51.4,0.0,0.0,3.33,0.0,0.0,100.0,6.47,4.0,51785.7,48.67,155851,10.24,5.07,,,,,,E,5.33
1923334,9465241,,,,,2024-02-03,,Container,35.9,0.0,0.0,35.9,111.79,0.0,0.0,111.79,22.4,11.4,2.1,69.75,0.0,0.0,35.5,0.0,0.0,6.54,0.0,0.0,69.75,35.5,6.54,186.7,13.9,22.0,5.2,5.29,3.33,17.53,0.2,40.0,9.7,6.0,77652.0,55.67,155851,3.84,5.03,,,,,,A,5.33
1923335,9465241,,,,,2024-02-04,,Container,29.3,0.0,0.0,29.3,91.24,0.0,0.0,91.24,10.0,16.0,3.3,31.14,0.0,0.0,49.82,0.0,0.0,10.28,0.0,0.0,31.14,49.82,10.28,68.7,11.0,32.1,0.0,0.0,0.0,0.0,0.0,0.0,9.7,6.0,77622.0,0.0,155851,8.52,5.07,,,,,,E,5.33
1923336,9465241,,,,,2024-02-05,,Container,17.6,0.0,0.0,17.6,54.81,0.0,0.0,54.81,1.2,13.3,3.1,3.74,0.0,0.0,41.42,0.0,0.0,9.65,0.0,0.0,3.74,41.42,9.65,14.0,5.7,33.9,0.0,0.0,0.0,0.0,0.0,0.0,4.7,4.0,43494.0,0.0,155851,25.12,5.11,,,,,,E,5.33
1923337,9465241,,,,,2024-02-06,,Container,18.0,0.0,5.4,23.4,56.05,0.0,17.31,73.36,0.0,18.7,4.7,0.0,0.0,0.0,46.71,0.0,11.86,9.34,0.0,5.45,0.0,58.57,14.79,0.0,0.0,39.9,0.0,0.0,0.0,0.0,0.0,0.0,5.2,3.45,44612.4,0.0,155851,,5.17,,,,,,,5.33
1923338,9465241,,,,,2024-02-07,,Container,71.4,0.0,1.1,72.5,222.34,0.0,3.53,225.87,56.4,15.0,1.1,175.63,0.0,0.0,46.71,0.0,0.0,0.0,0.0,3.53,175.63,46.71,3.53,320.2,22.0,34.7,7.81,7.83,11.0,27.32,2.9,170.0,10.5,6.93,89183.25,86.25,155851,4.53,5.15,,,,,,B,5.33
1923339,9465241,,,,,2024-02-08,,Container,8.1,0.0,1.9,10.0,25.22,0.0,6.09,31.31,0.0,8.1,1.9,0.0,0.0,0.0,25.22,0.0,0.0,0.0,0.0,6.09,0.0,25.22,6.09,0.0,0.0,16.5,0.0,0.0,0.0,0.0,0.0,0.0,0.0,0.0,0.0,0.0,155851,,5.17,,,,,,,5.33
1923340,9465241,,,,,2024-02-09,,Container,43.3,0.0,2.4,45.7,134.84,0.0,7.69,142.53,28.3,15.0,2.4,88.13,0.0,0.0,46.71,0.0,0.0,0.0,0.0,7.69,88.13,46.71,7.69,133.0,8.1,32.4,6.17,6.28,9.67,22.03,2.6,110.0,11.5,7.5,102762.7,32.0,155851,6.88,5.2,,,,,,E,5.33
1923341,9465241,,,,,2024-02-10,,Container,127.1,0.0,0.0,127.1,395.79,0.0,0.0,395.79,111.3,15.8,0.0,346.59,0.0,0.0,49.2,0.0,0.0,0.0,0.0,0.0,346.59,49.2,0.0,488.0,24.0,30.0,20.13,20.33,8.0,71.9,6.9,60.0,11.5,7.5,102700.0,132.0,155851,5.2,5.2,,,,,,C,5.33
1923342,9465241,,,,,2024-02-11,,Container,125.5,0.0,0.0,125.5,390.81,0.0,0.0,390.81,110.3,15.2,0.0,343.47,0.0,0.0,47.33,0.0,0.0,0.0,0.0,0.0,343.47,47.33,0.0,464.0,23.0,24.5,19.87,20.17,20.0,72.1,7.9,330.0,11.5,7.5,102575.0,132.0,155851,5.4,5.21,,,,,,C,5.33
1923343,9465241,,,,,2024-02-12,,Container,112.3,0.0,0.0,112.3,349.7,0.0,0.0,349.7,93.4,18.9,0.0,290.85,0.0,0.0,58.85,0.0,0.0,0.0,0.0,0.0,290.85,58.85,0.0,453.0,24.0,46.0,18.75,18.88,18.0,67.3,7.7,340.0,11.5,7.5,102463.0,132.0,155851,4.95,5.2,,,,,,B,5.33
1923344,9465241,,,,,2024-02-13,,Container,92.4,0.0,0.0,92.4,287.73,0.0,0.0,287.73,73.7,18.7,0.0,229.5,0.0,0.0,58.23,0.0,0.0,0.0,0.0,0.0,229.5,58.23,0.0,384.0,23.0,46.0,17.17,16.7,32.0,62.6,12.2,280.0,11.5,7.5,102371.0,120.0,155851,4.81,5.18,,,,,,B,5.33
1923345,9465241,,,,,2024-02-14,,Container,97.5,0.0,0.0,97.5,303.62,0.0,0.0,303.62,79.3,18.2,0.0,246.94,0.0,0.0,56.67,0.0,0.0,0.0,0.0,0.0,246.94,56.67,0.0,381.0,23.0,45.9,16.74,16.57,33.0,63.6,14.2,340.0,11.5,7.5,102274.0,87.0,155851,5.11,5.18,,,,,,C,5.33
1923346,9465241,,,,,2024-02-15,,Container,98.1,0.0,0.0,98.1,305.48,0.0,0.0,305.48,80.1,18.0,0.0,249.43,0.0,0.0,56.05,0.0,0.0,0.0,0.0,0.0,249.43,56.05,0.0,397.0,24.0,48.0,16.5,16.54,31.0,62.3,12.5,350.0,11.5,7.5,102176.0,87.0,155851,4.94,5.17,,,,,,B,5.33
1923347,9465241,,,,,2024-02-16,,Container,102.6,0.0,0.0,102.6,319.5,0.0,0.0,319.5,84.3,18.3,0.0,262.51,0.0,0.0,56.99,0.0,0.0,0.0,0.0,0.0,262.51,56.99,0.0,367.0,23.0,46.0,17.17,15.96,30.0,64.5,18.6,340.0,11.5,7.5,102073.0,105.0,155851,5.59,5.19,,,,,,C,5.33
1923348,9465241,,,,,2024-02-17,,Container,98.9,0.0,0.0,98.9,307.97,0.0,0.0,307.97,79.8,19.1,0.0,248.5,0.0,0.0,59.48,0.0,0.0,0.0,0.0,0.0,248.5,59.48,0.0,405.0,24.0,48.0,17.04,16.88,32.0,62.7,11.4,320.0,11.5,7.5,101974.0,115.0,155851,4.88,5.18,,,,,,B,5.33
1923349,9465241,,,,,2024-02-18,,Container,97.1,0.0,0.0,97.1,302.37,0.0,0.0,302.37,78.2,18.9,0.0,243.51,0.0,0.0,58.85,0.0,0.0,0.0,0.0,0.0,243.51,58.85,0.0,395.0,24.0,48.0,16.67,16.46,28.0,61.6,12.0,20.0,11.5,7.5,101877.0,40.0,155851,4.91,5.17,,,,,,B,5.33
1923350,9465241,,,,,2024-02-19,,Container,134.4,0.0,0.0,134.4,418.52,0.0,0.0,418.52,116.4,18.0,0.0,362.47,0.0,0.0,56.05,0.0,0.0,0.0,0.0,0.0,362.47,56.05,0.0,476.0,24.0,48.0,19.67,19.83,28.0,71.4,8.5,30.0,11.5,7.5,101743.0,27.0,155851,5.64,5.19,,,,,,C,5.33
1923351,9465241,,,,,2024-02-20,,Container,94.2,0.0,0.0,94.2,293.34,0.0,0.0,293.34,76.2,18.0,0.0,237.29,0.0,0.0,56.05,0.0,0.0,0.0,0.0,0.0,237.29,56.05,0.0,422.0,24.0,48.0,17.21,17.58,25.0,60.7,4.7,50.0,11.5,7.5,101649.0,31.0,155851,4.46,5.16,,,,,,B,5.33
1923352,9465241,,,,,2024-02-21,,Container,88.1,0.0,0.0,88.1,274.34,0.0,0.0,274.34,69.6,18.5,0.0,216.73,0.0,0.0,57.61,0.0,0.0,0.0,0.0,0.0,216.73,57.61,0.0,410.0,24.0,48.0,17.0,17.08,17.0,59.4,5.3,20.0,11.5,7.5,101561.0,48.0,155851,4.29,5.13,,,,,,A,5.33
1923353,9465241,,,,,2024-02-22,,Container,95.8,0.0,0.0,95.8,298.32,0.0,0.0,298.32,79.5,16.3,0.0,247.56,0.0,0.0,50.76,0.0,0.0,0.0,0.0,0.0,247.56,50.76,0.0,403.0,24.0,36.3,16.33,16.79,48.0,61.0,9.4,350.0,11.5,7.5,101465.0,23.0,155851,4.75,5.12,,,,,,B,5.33
1923354,9465241,,,,,2024-02-23,,Container,111.2,0.0,0.0,111.2,346.28,0.0,0.0,346.28,97.2,14.0,0.0,302.68,0.0,0.0,43.6,0.0,0.0,0.0,0.0,0.0,302.68,43.6,0.0,380.0,24.0,25.0,16.04,15.83,35.0,64.5,19.2,20.0,11.5,7.5,101354.0,0.0,155851,5.85,5.14,,,,,,D,5.33
1923355,9465241,,,,,2024-02-24,,Container,68.2,0.0,4.5,72.7,212.37,0.0,14.43,226.8,54.7,14.6,3.4,170.34,0.0,0.0,42.04,0.0,3.53,0.0,0.0,10.9,170.34,45.57,10.9,286.0,19.4,34.6,5.53,5.48,8.0,20.23,3.6,10.0,7.8,5.13,67527.33,106.0,155851,5.09,5.14,,,,,,C,5.33
1923356,9465241,,,,,2024-02-25,,Container,13.9,0.0,4.1,18.0,43.28,0.0,13.14,56.43,1.8,12.1,4.1,5.61,0.0,0.0,37.68,0.0,0.0,0.0,0.0,13.14,5.61,37.68,13.14,15.0,2.0,32.5,0.0,0.0,2.67,0.0,0.0,90.0,7.13,6.0,69912.73,42.67,155851,24.14,5.16,,,,,,E,5.33
1923357,9465241,,,,,2024-02-26,,Container,38.1,0.0,2.8,40.9,118.64,0.0,8.98,127.62,26.7,11.4,2.8,83.14,0.0,0.0,35.5,0.0,0.0,0.0,0.0,8.98,83.14,35.5,8.98,265.0,20.0,20.8,13.05,13.25,10.0,45.6,4.4,250.0,10.7,9.0,104828.0,155.0,155851,3.09,5.12,,,,,,A,5.33
1923358,9465241,,,,,2024-02-27,,Container,51.0,0.0,4.9,55.9,158.81,0.0,15.71,174.52,33.9,18.1,3.9,105.56,0.0,0.0,53.25,0.0,3.21,0.0,0.0,12.5,105.56,56.46,12.5,269.0,24.5,46.6,3.21,3.18,14.25,11.95,3.1,80.0,10.7,9.0,104783.5,131.25,155851,4.16,5.1,,,,,,A,5.33
1923359,9465241,,,,,2024-02-28,,Container,47.7,0.0,4.2,51.9,148.54,0.0,13.47,162.0,31.0,16.7,4.2,96.53,0.0,0.0,52.0,0.0,0.0,0.0,0.0,13.47,96.53,52.0,13.47,326.0,27.1,38.7,6.06,5.94,6.75,21.22,5.55,125.0,8.02,6.75,78551.0,115.75,155851,3.19,5.06,,,,,,A,5.33
1923360,9465241,,,,,2024-02-29,,Container,11.5,0.0,2.8,14.3,35.81,0.0,8.98,44.79,1.5,10.0,2.8,4.67,0.0,0.0,31.14,0.0,0.0,0.0,0.0,8.98,4.67,31.14,8.98,16.0,2.1,17.7,0.0,0.0,0.0,0.0,0.0,0.0,10.7,9.0,104717.0,0.0,155851,17.96,5.07,,,,,,E,5.33
1923361,9465241,,,,,2024-03-01,,Container,38.3,0.0,9.9,48.2,119.27,0.0,31.74,151.01,19.6,22.6,6.0,61.03,0.0,0.0,58.23,0.0,12.5,0.0,0.0,19.24,61.03,70.74,19.24,115.0,14.9,59.5,0.0,0.0,5.0,0.0,0.0,75.0,8.43,8.0,87442.15,24.25,155851,8.43,5.1,,,,,,E,5.33
1923362,9465241,,,,,2024-03-02,,Container,27.8,0.0,4.1,31.9,86.57,0.0,13.14,99.71,11.5,16.3,4.1,35.81,0.0,0.0,50.76,0.0,0.0,0.0,0.0,13.14,35.81,50.76,13.14,117.5,15.7,55.1,1.81,1.81,5.5,6.68,2.75,62.5,11.5,11.5,122536.85,30.0,155851,5.44,5.1,,,,,,C,5.33
1923363,9465241,,,,,2024-03-03,,Container,6.9,0.0,2.5,9.4,21.49,0.0,8.02,29.4,0.0,6.9,2.5,0.0,0.0,0.0,21.49,0.0,0.0,0.0,0.0,8.02,0.0,21.49,8.02,0.0,0.0,15.3,0.0,0.0,0.0,0.0,0.0,0.0,0.0,0.0,0.0,0.0,155851,,5.12,,,,,,,5.33
1923364,9465241,,,,,2024-03-04,,Container,23.4,0.0,4.3,27.7,72.87,0.0,13.79,86.34,9.2,14.2,4.3,28.65,0.0,0.0,44.22,0.0,0.0,0.0,0.0,13.79,28.65,44.22,13.79,54.0,4.7,35.0,0.0,0.0,10.0,0.0,0.0,13.33,9.47,9.27,106745.6,33.33,155851,10.26,5.13,,,,,,E,5.33
1923365,9465241,,,,,2024-03-05,,Container,94.2,0.0,0.0,94.2,293.34,0.0,0.0,293.13,79.7,14.5,0.0,248.19,0.0,0.0,45.15,0.0,0.0,0.0,0.0,0.0,248.19,45.15,0.0,363.0,22.3,24.9,16.68,16.28,25.0,63.7,15.9,20.0,14.2,13.9,160024.0,229.0,155851,5.18,5.14,,,,,,C,5.33
1923366,9465241,,,,,2024-03-06,,Container,103.1,0.0,1.9,105.0,321.05,0.0,6.09,326.53,76.6,26.5,1.9,238.53,0.0,0.0,82.52,0.0,0.0,0.0,0.0,6.09,238.53,82.52,6.09,376.0,28.3,69.7,5.12,5.25,6.33,20.73,6.2,100.0,14.2,13.9,159941.0,92.0,155851,5.57,5.15,,,,,,C,5.33
1923367,9465241,,,,,2024-03-07,,Container,15.4,0.0,2.0,17.4,47.96,0.0,6.41,53.96,7.0,8.4,2.0,21.8,0.0,0.0,26.16,0.0,0.0,0.0,0.0,6.41,21.8,26.16,6.41,77.0,3.2,19.2,0.0,0.0,6.0,0.0,0.0,135.0,14.3,14.1,162714.3,94.5,155851,4.5,5.14,,,,,,B,5.33
1923368,9465241,,,,,2024-03-08,,Container,131.0,0.0,0.0,131.0,407.93,0.0,0.0,407.73,114.3,16.7,0.0,355.93,0.0,0.0,52.0,0.0,0.0,0.0,0.0,0.0,355.93,52.0,0.0,462.0,24.0,37.4,19.17,19.25,13.0,71.6,11.5,280.0,14.3,14.1,162583.0,203.0,155851,5.66,5.16,,,,,,C,5.33
1923369,9465241,,,,,2024-03-09,,Container,88.9,0.0,0.0,88.9,276.83,0.0,0.0,276.63,70.4,18.5,0.0,219.23,0.0,0.0,57.61,0.0,0.0,0.0,0.0,0.0,219.23,57.61,0.0,379.0,24.0,48.0,16.13,15.79,9.0,59.0,11.9,260.0,14.3,14.1,162494.0,213.0,155851,4.68,5.15,,,,,,B,5.33
1923370,9465241,,,,,2024-03-10,,Container,51.1,0.0,0.5,51.6,159.13,0.0,1.6,160.52,32.7,18.4,0.5,101.83,0.0,0.0,57.3,0.0,0.0,0.0,0.0,1.6,101.83,57.3,1.6,299.0,24.0,48.0,12.21,12.46,6.0,45.2,9.3,230.0,14.3,14.1,162442.0,216.0,155851,3.44,5.12,,,,,,A,5.33
1923371,9465241,,,,,2024-03-11,,Container,60.5,0.0,1.6,62.1,188.4,0.0,5.13,192.7,33.2,27.3,1.6,103.38,0.0,0.0,85.01,0.0,0.0,0.0,0.0,5.13,103.38,85.01,5.13,349.0,34.4,73.6,2.94,3.04,2.25,10.7,1.6,35.0,14.3,14.1,162411.0,51.25,155851,3.54,5.08,,,,,,A,5.33
1923372,9465241,,,,,2024-03-12,,Container,7.5,0.0,1.5,9.0,23.36,0.0,4.81,27.91,0.0,7.5,1.5,0.0,0.0,0.0,23.36,0.0,0.0,0.0,0.0,4.81,0.0,23.36,4.81,0.0,0.0,12.7,0.0,0.0,0.0,0.0,0.0,0.0,0.0,0.0,0.0,0.0,155851,,5.1,,,,,,,5.33
1923373,9465241,,,,,2024-03-13,,Container,24.3,0.0,7.0,31.3,75.67,0.0,22.44,97.32,5.8,21.3,4.2,18.06,0.0,0.0,57.61,0.0,8.98,0.0,0.0,13.47,18.06,66.59,13.47,17.0,2.1,50.8,0.0,0.0,3.6,0.0,0.0,12.0,5.44,5.44,61532.48,57.0,155851,36.73,5.13,,,,,,E,5.33
1923374,9465241,,,,,2024-03-14,,Container,57.0,0.0,0.0,57.0,177.5,0.0,0.0,177.21,45.4,11.6,0.0,141.38,0.0,0.0,36.12,0.0,0.0,0.0,0.0,0.0,141.38,36.12,0.0,240.0,14.5,29.0,16.0,16.55,20.0,60.0,9.2,350.0,13.6,13.6,153774.0,313.0,155851,4.74,5.12,,,,,,B,5.33
1923375,9465241,,,,,2024-03-15,,Container,100.6,0.0,0.0,100.6,313.27,0.0,0.0,312.98,81.4,19.2,0.0,253.48,0.0,0.0,59.79,0.0,0.0,0.0,0.0,0.0,253.48,59.79,0.0,424.0,25.0,50.0,16.8,16.96,18.0,62.2,10.3,290.0,13.6,13.6,153673.0,264.0,155851,4.74,5.11,,,,,,B,5.33
1923376,9465241,,,,,2024-03-16,,Container,49.4,0.0,7.7,57.1,153.83,0.0,24.69,178.22,38.9,18.0,0.2,121.13,0.0,0.0,32.7,0.0,24.04,0.0,0.0,0.64,121.13,56.74,0.64,342.0,25.0,50.3,12.84,13.68,7.0,46.1,2.4,70.0,13.6,13.6,153616.0,268.0,155851,3.34,5.08,,,,,,A,5.33
1923377,9465241,,,,,2024-03-17,,Container,41.7,0.0,4.5,46.2,129.85,0.0,14.43,143.99,27.4,18.8,0.0,85.32,0.0,0.0,44.53,0.0,14.43,0.0,0.0,0.0,85.32,58.96,0.0,319.0,24.5,50.0,11.55,13.02,13.0,41.9,-2.3,280.0,13.6,13.6,153570.0,267.0,155851,2.9,5.04,,,,,,A,5.33
1923378,9465241,,,,,2024-03-18,,Container,45.6,0.0,0.2,45.8,142.0,0.0,0.64,142.05,26.5,19.1,0.2,82.52,0.0,0.0,59.48,0.0,0.0,0.0,0.0,0.64,82.52,59.48,0.64,285.0,23.4,49.0,5.68,6.36,6.0,21.1,0.25,20.0,13.6,13.6,153527.0,160.0,155851,3.2,5.01,,,,,,A,5.33
1923379,9465241,,,,,2024-03-19,,Container,14.8,0.0,1.6,16.4,46.09,0.0,5.13,50.92,0.0,14.8,1.6,0.0,0.0,0.0,46.09,0.0,0.0,0.0,0.0,5.13,0.0,46.09,5.13,0.0,0.0,24.9,0.0,0.0,0.0,0.0,0.0,0.0,13.6,13.6,153508.0,0.0,155851,,5.03,,,,,,,5.33
1923380,9465241,,,,,2024-03-20,,Container,17.9,0.0,3.5,21.4,55.74,0.0,11.22,66.37,1.1,17.8,2.5,3.43,0.0,0.0,52.32,0.0,3.21,0.0,0.0,8.02,3.43,55.52,8.02,12.0,3.9,37.8,0.0,0.0,0.0,0.0,0.0,0.0,13.5,12.5,143492.0,0.0,155851,35.49,5.05,,,,,,E,5.33
1923381,9465241,,,,,2024-03-21,,Container,8.4,0.0,8.4,16.8,26.16,0.0,26.93,51.0,1.7,12.7,2.4,5.29,0.0,0.0,20.86,0.0,19.24,0.0,0.0,7.69,5.29,40.1,7.69,7.0,1.1,51.1,0.0,0.0,3.33,0.0,0.0,3.33,10.8,10.8,127086.93,87.67,155851,46.75,5.07,,,,,,E,5.33
1923382,9465241,,,,,2024-03-22,,Container,78.5,0.0,0.0,78.5,244.45,0.0,0.0,242.96,66.8,11.7,0.0,208.02,0.0,0.0,36.43,0.0,0.0,0.0,0.0,0.0,208.02,36.43,0.0,285.0,15.8,31.6,17.91,18.04,15.0,69.1,14.0,350.0,16.2,16.2,190552.0,216.0,155851,5.47,5.07,,,,,,C,5.33
1923383,9465241,,,,,2024-03-23,,Container,126.9,0.0,0.0,126.9,395.17,0.0,0.0,393.67,108.7,18.2,0.0,338.49,0.0,0.0,56.67,0.0,0.0,0.0,0.0,0.0,338.49,56.67,0.0,444.0,24.0,48.0,18.33,18.5,20.0,70.7,13.8,10.0,16.2,16.2,190425.0,221.0,155851,5.69,5.09,,,,,,C,5.33
1923384,9465241,,,,,2024-03-24,,Container,125.9,0.0,0.0,125.9,392.05,0.0,0.0,390.56,109.3,16.6,0.0,340.36,0.0,0.0,51.69,0.0,0.0,0.0,0.0,0.0,340.36,51.69,0.0,443.0,24.0,48.6,18.25,18.46,16.0,70.9,14.3,310.0,16.2,16.2,190299.0,221.0,155851,5.66,5.1,,,,,,C,5.33
1923385,9465241,,,,,2024-03-25,,Container,113.0,0.0,0.0,113.0,351.88,0.0,0.0,350.39,101.0,12.0,0.0,314.51,0.0,0.0,37.37,0.0,0.0,0.0,0.0,0.0,314.51,37.37,0.0,464.0,24.5,49.0,18.37,18.94,17.0,70.6,11.8,350.0,16.2,16.2,190186.0,220.0,155851,4.85,5.09,,,,,,B,5.33
1923386,9465241,,,,,2024-03-26,,Container,114.0,0.0,0.0,114.0,355.0,0.0,0.0,353.5,102.0,12.0,0.0,317.63,0.0,0.0,37.37,0.0,0.0,0.0,0.0,0.0,317.63,37.37,0.0,434.0,24.0,48.2,17.42,18.08,28.0,70.6,15.7,300.0,16.2,16.2,190072.0,233.0,155851,5.23,5.1,,,,,,C,5.33
1923387,9465241,,,,,2024-03-27,,Container,117.0,0.0,0.0,117.0,364.34,0.0,0.0,362.84,105.0,12.0,0.0,326.97,0.0,0.0,37.37,0.0,0.0,0.0,0.0,0.0,326.97,37.37,0.0,463.0,25.0,50.3,18.16,18.52,16.0,71.2,15.0,290.0,16.2,16.2,189955.0,233.0,155851,5.03,5.09,,,,,,C,5.33
1923388,9465241,,,,,2024-03-28,,Container,115.0,0.0,0.0,115.0,358.11,0.0,0.0,356.62,103.0,12.0,0.0,320.74,0.0,0.0,37.37,0.0,0.0,0.0,0.0,0.0,320.74,37.37,0.0,475.0,24.0,48.7,18.54,19.79,8.0,72.0,9.5,270.0,16.2,16.2,189840.0,246.0,155851,4.82,5.09,,,,,,B,5.33
1923389,9465241,,,,,2024-03-29,,Container,115.0,0.0,0.0,115.0,358.11,0.0,0.0,356.62,103.0,12.0,0.0,320.74,0.0,0.0,37.37,0.0,0.0,0.0,0.0,0.0,320.74,37.37,0.0,453.0,24.0,48.0,18.42,18.88,35.0,71.4,13.0,330.0,16.2,16.2,189725.0,246.0,155851,5.05,5.09,,,,,,C,5.33
1923390,9465241,,,,,2024-03-30,,Container,122.0,0.0,0.0,122.0,379.91,0.0,0.0,378.41,110.0,12.0,0.0,342.54,0.0,0.0,37.37,0.0,0.0,0.0,0.0,0.0,342.54,37.37,0.0,462.0,24.0,48.0,18.17,19.25,5.0,71.8,11.8,210.0,16.2,16.2,189603.0,246.0,155851,5.26,5.09,,,,,,C,5.33
1923391,9465241,,,,,2024-03-31,,Container,126.7,0.0,0.0,126.7,394.54,0.0,0.0,393.05,112.0,14.7,0.0,348.77,0.0,0.0,45.78,0.0,0.0,0.0,0.0,0.0,348.77,45.78,0.0,453.0,24.0,48.0,18.46,18.88,36.0,71.7,13.3,30.0,16.2,16.2,189476.0,315.0,155851,5.57,5.1,,,,,,C,5.33
1923392,9465241,,,,,2024-04-01,,Container,124.7,0.0,0.0,124.7,388.32,0.0,0.0,386.82,110.0,14.7,0.0,342.54,0.0,0.0,45.78,0.0,0.0,0.0,0.0,0.0,342.54,45.78,0.0,452.0,24.0,48.0,18.38,18.83,3.0,71.7,13.5,220.0,16.2,16.2,189351.0,323.0,155851,5.49,5.11,,,,,,C,5.33
1923393,9465241,,,,,2024-04-02,,Container,119.0,0.0,0.0,119.0,370.57,0.0,0.0,369.07,105.0,14.0,0.0,326.97,0.0,0.0,43.6,0.0,0.0,0.0,0.0,0.0,326.97,43.6,0.0,454.0,24.0,48.0,18.58,18.92,4.0,71.4,12.8,50.0,16.2,16.2,189232.0,323.0,155851,5.22,5.11,,,,,,C,5.33
1923394,9465241,,,,,2024-04-03,,Container,119.0,0.0,0.0,119.0,370.57,0.0,0.0,369.07,105.0,14.0,0.0,326.97,0.0,0.0,43.6,0.0,0.0,0.0,0.0,0.0,326.97,43.6,0.0,454.0,24.0,48.0,18.67,18.92,10.0,71.3,12.6,50.0,16.2,16.2,189113.0,323.0,155851,5.22,5.11,,,,,,C,5.33
1923395,9465241,,,,,2024-04-04,,Container,131.0,0.0,0.0,131.0,407.93,0.0,0.0,406.44,115.0,16.0,0.0,358.11,0.0,0.0,49.82,0.0,0.0,0.0,0.0,0.0,358.11,49.82,0.0,472.0,25.0,50.0,18.8,18.88,8.0,72.1,13.8,30.0,16.2,16.2,188982.0,323.0,155851,5.53,5.12,,,,,,C,5.33
1923396,9465241,,,,,2024-04-05,,Container,131.5,0.0,0.0,131.5,409.49,0.0,0.0,408.0,115.5,16.0,0.0,359.67,0.0,0.0,49.82,0.0,0.0,0.0,0.0,0.0,359.67,49.82,0.0,458.0,24.0,48.0,18.79,19.08,3.0,71.8,12.5,60.0,16.2,16.2,188851.0,323.0,155851,5.72,5.13,,,,,,D,5.33
1923397,9465241,,,,,2024-04-06,,Container,134.6,0.0,0.0,134.6,419.14,0.0,0.0,417.65,117.6,17.0,0.0,366.21,0.0,0.0,52.94,0.0,0.0,0.0,0.0,0.0,366.21,52.94,0.0,481.0,25.0,50.0,19.4,19.24,9.0,71.9,11.9,10.0,16.2,16.2,188716.0,323.0,155851,5.57,5.14,,,,,,C,5.33
1923398,9465241,,,,,2024-04-07,,Container,134.3,0.0,0.0,134.3,418.21,0.0,0.0,416.72,118.8,15.5,0.0,369.94,0.0,0.0,48.27,0.0,0.0,0.0,0.0,0.0,369.94,48.27,0.0,447.0,24.0,48.0,18.25,18.63,31.0,71.0,13.6,20.0,16.2,16.2,188582.0,323.0,155851,5.98,5.15,,,,,,D,5.33
1923399,9465241,,,,,2024-04-08,,Container,138.3,0.0,0.0,138.3,430.67,0.0,0.0,429.17,122.6,15.7,0.0,381.78,0.0,0.0,48.89,0.0,0.0,0.0,0.0,0.0,381.78,48.89,0.0,433.0,24.0,48.0,5.85,6.01,15.0,23.77,5.57,6.67,5.33,5.33,62814.67,119.67,155851,6.36,5.17,,,,,,E,5.33
1923400,9465241,,,,,2024-04-09,,Container,137.9,0.0,0.0,137.9,429.42,0.0,0.0,427.93,122.5,15.4,0.0,381.46,0.0,0.0,47.96,0.0,0.0,0.0,0.0,0.0,381.46,47.96,0.0,402.0,24.0,48.0,16.54,16.75,37.0,70.1,21.4,5.0,16.0,16.0,188306.0,22.0,155851,6.83,5.2,,,,,,E,5.33
1923401,9465241,,,,,2024-04-10,,Container,136.6,0.0,0.0,136.6,425.37,0.0,0.0,423.88,122.6,14.0,0.0,381.78,0.0,0.0,43.6,0.0,0.0,0.0,0.0,0.0,381.78,43.6,0.0,395.0,24.0,25.0,16.58,16.46,40.0,70.4,23.1,355.0,16.0,16.0,188169.0,37.0,155851,6.89,5.22,,,,,,E,5.33
1923402,9465241,,,,,2024-04-11,,Container,135.6,0.0,0.0,135.6,422.26,0.0,0.0,420.76,122.1,13.5,0.0,380.22,0.0,0.0,42.04,0.0,0.0,0.0,0.0,0.0,380.22,42.04,0.0,411.0,24.0,24.0,16.96,17.13,30.0,70.4,19.9,355.0,16.0,16.0,188033.0,46.0,155851,6.57,5.24,,,,,,E,5.33
1923403,9465241,,,,,2024-04-12,,Container,135.8,0.0,0.0,135.8,422.88,0.0,0.0,421.39,122.8,13.0,0.0,382.4,0.0,0.0,40.48,0.0,0.0,0.0,0.0,0.0,382.4,40.48,0.0,431.0,24.0,27.7,17.58,17.96,33.0,71.2,17.0,350.0,16.0,16.0,187911.0,81.0,155851,6.27,5.26,,,,,,D,5.33
1923404,9465241,,,,,2024-04-13,,Container,137.4,0.0,0.0,137.4,427.86,0.0,0.0,426.37,123.9,13.5,0.0,385.82,0.0,0.0,42.04,0.0,0.0,0.0,0.0,0.0,385.82,42.04,0.0,444.0,24.0,24.0,18.54,18.5,22.0,72.7,16.2,355.0,16.0,16.0,189489.0,81.0,155851,6.16,5.27,,,,,,D,5.33
1923405,9465241,,,,,2024-04-14,,Container,122.3,0.0,7.4,129.7,380.84,0.0,23.72,401.54,112.3,16.6,0.8,340.36,0.0,9.62,40.48,0.0,11.54,0.0,0.0,2.56,349.98,52.02,2.56,422.0,28.2,38.8,9.21,9.35,5.0,35.85,7.05,165.0,16.0,16.0,189428.5,45.0,155851,6.11,5.28,,,,,,D,5.33
1923406,9465241,,,,,2024-04-15,,Container,0.0,0.0,12.0,12.0,0.0,0.0,38.47,36.62,0.0,10.0,2.0,0.0,0.0,0.0,0.0,0.0,32.06,0.0,0.0,6.41,0.0,32.06,6.41,0.0,0.0,19.8,0.0,0.0,0.0,0.0,0.0,0.0,0.0,0.0,0.0,0.0,155851,,5.29,,,,,,,5.33
1923407,9465241,,,,,2024-04-16,,Container,0.0,0.0,18.8,18.8,0.0,0.0,60.27,56.56,0.0,15.8,3.0,0.0,0.0,0.0,0.0,0.0,50.65,0.0,0.0,9.62,0.0,50.65,9.62,0.0,0.0,38.0,0.0,0.0,0.0,0.0,0.0,0.0,6.15,6.1,67912.05,0.0,155851,,5.3,,,,,,,5.33
1923408,9465241,,,,,2024-04-17,,Container,48.0,0.0,3.9,51.9,149.47,0.0,12.5,157.69,40.3,11.3,0.3,120.51,0.0,5.13,28.96,0.0,6.41,0.0,0.0,0.96,125.64,35.37,0.96,172.0,12.9,27.9,6.95,7.04,23.5,28.5,9.4,352.5,12.3,12.2,135730.95,310.0,155851,5.88,5.31,,,,,,D,5.33
1923409,9465241,,,,,2024-04-18,,Container,75.6,0.0,2.1,77.7,235.42,0.0,6.73,237.92,55.0,21.6,1.1,171.27,0.0,0.0,64.15,0.0,3.21,0.0,0.0,3.53,171.27,67.35,3.53,320.0,29.0,39.5,6.78,6.96,7.5,25.95,5.85,50.0,12.3,12.2,135636.5,170.5,155851,4.77,5.3,,,,,,B,5.33
1923410,9465241,,,,,2024-04-19,,Container,0.0,10.98,2.1,13.08,0.0,34.6,6.73,38.66,0.0,10.98,2.1,0.0,0.0,0.0,0.0,34.6,0.0,0.0,0.0,6.73,0.0,34.6,6.73,0.0,0.0,19.2,0.0,0.0,0.0,0.0,0.0,0.0,0.0,0.0,0.0,0.0,155851,,5.31,,,,,,,5.33
1923411,9465241,,,,,2024-04-20,,Container,18.9,8.0,3.9,30.8,58.85,25.21,12.5,81.75,5.3,21.6,3.9,16.5,0.0,0.0,42.35,25.21,0.0,0.0,0.0,12.5,16.5,67.56,12.5,52.0,5.8,50.5,2.22,2.28,3.8,8.26,-2.58,108.0,9.6,9.44,104141.36,52.0,155851,10.09,5.32,,,,,,E,5.33
1923412,9465241,,,,,2024-04-21,,Container,12.6,0.0,1.8,14.4,39.24,0.0,5.77,41.83,0.0,12.6,1.8,0.0,0.0,0.0,39.24,0.0,0.0,0.0,0.0,5.77,0.0,39.24,5.77,0.0,0.0,16.1,0.0,0.0,0.0,0.0,0.0,0.0,12.0,11.8,130160.0,0.0,155851,,5.33,,,,,,,5.33
1923413,9465241,,,,,2024-04-22,,Container,30.2,0.0,4.2,34.4,94.04,0.0,13.47,101.16,7.5,23.3,3.6,23.36,0.0,0.0,70.69,0.0,1.92,0.0,0.0,11.54,23.36,72.61,11.54,35.0,17.2,50.6,0.0,0.0,0.0,0.0,0.0,0.0,12.0,11.8,130160.0,0.0,155851,18.55,5.34,,,,,,E,5.33
1923414,9465241,,,,,2024-04-23,,Container,14.3,0.0,2.8,17.1,44.53,0.0,8.98,50.33,0.0,14.3,2.8,0.0,0.0,0.0,44.53,0.0,0.0,0.0,0.0,8.98,0.0,44.53,8.98,0.0,0.0,19.3,0.0,0.0,0.0,0.0,0.0,0.0,0.0,0.0,0.0,0.0,155851,,5.35,,,,,,,5.33
1923415,9465241,,,,,2024-04-24,,Container,20.4,0.0,2.6,23.0,63.53,0.0,8.34,58.18,4.1,16.3,2.6,12.77,0.0,0.0,50.76,0.0,0.0,0.0,0.0,8.34,12.77,50.76,8.34,51.0,6.0,28.9,2.8,2.87,5.33,0.0,0.0,50.0,13.0,12.0,138288.53,161.0,155851,7.32,5.36,,,,,,E,5.33
1923416,9465241,,,,,2024-04-25,,Container,19.0,0.0,3.0,22.0,59.17,0.0,9.62,63.52,2.3,16.7,3.0,7.16,0.0,0.0,52.0,0.0,0.0,0.0,0.0,9.62,7.16,52.0,9.62,22.0,24.0,26.0,0.92,0.92,10.0,0.0,0.0,250.0,13.0,12.0,138262.0,192.0,155851,18.53,5.36,,,,,,E,5.33
1923417,9465241,,,,,2024-04-26,,Container,36.5,0.0,3.1,39.6,113.66,0.0,9.94,113.09,17.8,18.7,3.1,55.43,0.0,0.0,58.23,0.0,0.0,0.0,0.0,9.94,55.43,58.23,9.94,173.0,25.0,27.0,3.32,3.4,8.0,12.8,6.3,110.0,13.0,12.0,138224.0,130.0,155851,4.19,5.36,,,,,,A,5.33
1923418,9465241,,,,,2024-04-27,,Container,18.5,0.0,2.8,21.3,57.61,0.0,8.98,61.32,3.5,15.0,2.8,10.9,0.0,0.0,46.71,0.0,0.0,0.0,0.0,8.98,10.9,46.71,8.98,22.0,4.1,23.0,0.0,0.0,0.0,0.0,0.0,0.0,1.62,1.5,17275.38,0.0,155851,17.88,5.37,,,,,,E,5.33
1923419,9465241,,,,,2024-04-28,,Container,26.6,0.0,2.8,29.4,82.83,0.0,8.98,81.29,10.0,16.6,2.8,31.14,0.0,0.0,51.69,0.0,0.0,0.0,0.0,8.98,31.14,51.69,8.98,62.0,16.0,30.0,0.0,0.0,0.0,0.0,0.0,0.0,4.33,4.0,46059.67,0.0,155851,8.41,5.37,,,,,,E,5.33
1923420,9465241,,,,,2024-04-29,,Container,23.8,0.0,1.8,25.6,74.11,0.0,5.77,63.59,10.9,12.9,1.8,33.94,0.0,0.0,40.17,0.0,0.0,0.0,0.0,5.77,33.94,40.17,5.77,103.0,10.3,30.5,3.56,3.6,7.33,13.87,4.83,193.33,13.1,12.5,142594.33,125.33,155851,3.96,5.37,,,,,,A,5.33
1923421,9465241,,,,,2024-04-30,,Container,40.3,0.0,1.7,42.0,125.49,0.0,5.45,119.92,25.8,14.5,1.7,80.34,0.0,0.0,45.15,0.0,0.0,0.0,0.0,5.45,80.34,45.15,5.45,252.0,23.2,27.1,5.46,5.58,5.0,21.15,6.55,15.0,13.1,12.5,142544.0,123.0,155851,3.05,5.35,,,,,,A,5.33
1923422,9465241,,,,,2024-05-01,,Container,14.8,0.0,2.2,17.0,46.09,0.0,7.05,47.61,0.0,14.8,2.2,0.0,0.0,0.0,46.09,0.0,0.0,0.0,0.0,7.05,0.0,46.09,7.05,0.0,0.0,24.0,0.0,0.0,0.0,0.0,0.0,0.0,13.1,12.5,142527.0,0.0,155851,,5.36,,,,,,,5.33
1923423,9465241,,,,,2024-05-02,,Container,17.7,0.0,2.6,20.3,55.12,0.0,8.34,52.4,0.4,17.3,2.6,1.25,0.0,0.0,53.87,0.0,0.0,0.0,0.0,8.34,1.25,53.87,8.34,5.0,1.0,32.2,0.0,0.0,0.0,0.0,0.0,0.0,8.73,8.33,95018.0,0.0,155851,67.24,5.37,,,,,,E,5.33
1923424,9465241,,,,,2024-05-03,,Container,12.6,0.0,2.1,14.7,39.24,0.0,6.73,40.44,0.0,12.6,2.1,0.0,0.0,0.0,39.24,0.0,0.0,0.0,0.0,6.73,0.0,39.24,6.73,0.0,0.0,21.2,0.0,0.0,0.0,0.0,0.0,0.0,0.0,0.0,0.0,0.0,155851,,5.38,,,,,,,5.33
1923425,9465241,,,,,2024-05-04,,Container,15.2,0.0,2.1,17.3,47.33,0.0,6.73,48.54,0.0,15.2,2.1,0.0,0.0,0.0,47.33,0.0,0.0,0.0,0.0,6.73,0.0,47.33,6.73,0.0,0.0,30.6,0.0,0.0,0.0,0.0,0.0,0.0,0.0,0.0,0.0,0.0,155851,,5.39,,,,,,,5.33
1923426,9465241,,,,,2024-05-05,,Container,23.5,0.0,2.0,25.5,73.18,0.0,6.41,66.03,7.9,15.6,2.0,24.6,0.0,0.0,48.58,0.0,0.0,0.0,0.0,6.41,24.6,48.58,6.41,75.0,7.6,29.0,3.49,3.59,8.33,13.57,4.27,121.67,12.7,12.5,140308.73,104.0,155851,5.65,5.39,,,,,,C,5.33
1923427,9465241,,,,,2024-05-06,,Container,51.7,0.0,4.4,56.1,160.99,0.0,14.11,163.03,32.8,19.4,3.9,102.14,0.0,0.0,58.85,0.0,1.6,0.0,0.0,12.5,102.14,60.46,12.5,283.0,31.2,37.6,6.9,6.89,20.33,27.67,11.97,230.0,12.7,12.5,140255.0,185.33,155851,3.7,5.37,,,,,,A,5.33
1923428,9465241,,,,,2024-05-07,,Container,3.1,0.0,2.0,5.1,9.65,0.0,6.41,12.01,0.0,3.1,2.0,0.0,0.0,0.0,9.65,0.0,0.0,0.0,0.0,6.41,0.0,9.65,6.41,0.0,0.0,16.4,0.0,0.0,0.0,0.0,0.0,0.0,0.0,0.0,0.0,0.0,155851,,5.38,,,,,,,5.33
1923429,9465241,,,,,2024-05-08,,Container,13.6,0.0,2.2,15.8,42.35,0.0,7.05,36.56,4.5,9.1,2.2,14.01,0.0,0.0,28.34,0.0,0.0,0.0,0.0,7.05,14.01,28.34,7.05,67.0,6.6,28.9,3.74,3.68,8.33,14.0,4.43,86.67,15.3,14.6,173796.93,132.67,155851,3.5,5.37,,,,,,A,5.33
1923430,9465241,,,,,2024-05-09,,Container,32.4,0.0,0.7,33.1,100.89,0.0,2.24,94.34,20.4,12.0,0.7,63.53,0.0,0.0,37.37,0.0,0.0,0.0,0.0,2.24,63.53,37.37,2.24,263.0,23.4,26.0,5.85,5.82,3.5,21.6,5.65,30.0,15.3,14.6,173762.0,176.0,155851,2.3,5.35,,,,,,A,5.33
1923431,9465241,,,,,2024-05-10,,Container,19.67,0.0,2.99,22.66,61.25,0.0,9.59,52.19,2.5,17.17,2.99,7.78,0.0,0.0,53.47,0.0,0.0,0.0,0.0,9.59,7.78,53.47,9.59,28.0,5.5,41.8,0.0,0.0,2.8,0.0,0.0,14.0,9.42,9.12,108563.4,39.0,155851,11.96,5.35,,,,,,E,5.33
1923432,9465241,,,,,2024-05-11,,Container,78.9,0.0,0.8,79.7,245.69,0.0,2.56,231.99,59.6,19.3,0.8,185.59,0.0,0.0,60.1,0.0,0.0,0.0,0.0,2.56,185.59,60.1,2.56,321.0,24.2,51.1,9.89,9.93,26.67,40.67,12.83,235.0,15.9,15.5,184468.67,59.67,155851,4.64,5.34,,,,,,B,5.33
1923433,9465241,,,,,2024-05-12,,Container,13.7,0.0,1.8,15.5,42.66,0.0,5.77,37.56,0.8,12.9,1.8,2.49,0.0,0.0,40.17,0.0,0.0,0.0,0.0,5.77,2.49,40.17,5.77,7.0,0.8,35.5,0.0,0.0,5.0,0.0,0.0,118.33,10.6,10.6,124481.53,80.0,155851,34.43,5.35,,,,,,E,5.33
1923434,9465241,,,,,2024-05-13,,Container,122.2,0.0,0.0,122.2,380.53,0.0,0.0,375.11,107.2,15.0,0.0,333.82,0.0,0.0,46.71,0.0,0.0,0.0,0.0,0.0,333.82,46.71,0.0,421.0,22.3,44.6,18.74,18.88,7.0,71.2,15.0,140.0,15.9,15.9,186600.0,208.0,155851,5.72,5.36,,,,,,D,5.33
1923435,9465241,,,,,2024-05-14,,Container,124.7,0.0,7.0,131.7,388.32,0.0,22.44,405.33,116.7,15.0,0.0,363.4,0.0,0.0,24.91,0.0,22.44,0.0,0.0,0.0,363.4,47.35,0.0,462.0,24.0,48.0,19.0,19.25,1.0,72.0,12.0,280.0,15.9,15.9,186475.0,207.0,155851,5.63,5.36,,,,,,C,5.33
1923436,9465241,,,,,2024-05-15,,Container,126.3,0.0,5.6,131.9,393.3,0.0,17.95,405.83,115.3,16.6,0.0,359.04,0.0,0.0,34.25,0.0,17.95,0.0,0.0,0.0,359.04,52.21,0.0,458.0,24.0,48.0,18.92,19.08,3.0,71.5,12.1,290.0,15.9,15.9,186349.0,172.0,155851,5.69,5.36,,,,,,C,5.33
1763129,9465241,,,,,2023-11-23,,Container,0.0,0.0,4.9,4.9,0.0,0.0,15.71,15.71,0.0,4.9,0.0,0.0,0.0,0.0,0.0,0.0,15.71,0.0,0.0,0.0,0.0,15.71,0.0,0.0,0.0,24.0,0.0,0.0,0.0,0.0,0.0,0.0,0.0,0.0,0.0,0.0,155851,,5.65,,,,,,,5.44
1763130,9465241,,,,,2023-11-24,,Container,0.0,0.0,4.8,4.8,0.0,0.0,15.39,15.39,0.0,4.8,0.0,0.0,0.0,0.0,0.0,0.0,15.39,0.0,0.0,0.0,0.0,15.39,0.0,0.0,0.0,24.0,0.0,0.0,0.0,0.0,0.0,0.0,0.0,0.0,0.0,0.0,155851,,5.65,,,,,,,5.44
1763131,9465241,,,,,2023-11-25,,Container,0.0,0.0,4.75,4.75,0.0,0.0,15.23,15.23,0.0,4.75,0.0,0.0,0.0,0.0,0.0,0.0,15.23,0.0,0.0,0.0,0.0,15.23,0.0,0.0,0.0,24.0,0.0,0.0,0.0,0.0,0.0,0.0,0.0,0.0,0.0,0.0,155851,,5.65,,,,,,,5.44
1763132,9465241,,,,,2023-11-26,,Container,0.0,0.0,0.0,0.0,0.0,0.0,0.0,0.0,0.0,0.0,0.0,0.0,0.0,0.0,0.0,0.0,0.0,0.0,0.0,0.0,0.0,0.0,0.0,0.0,0.0,0.0,0.0,0.0,0.0,0.0,0.0,0.0,0.0,0.0,0.0,0.0,155851,,5.65,,,,,,,5.44
1763133,9465241,,,,,2023-11-27,,Container,0.0,0.0,4.7,4.7,0.0,0.0,15.07,15.07,0.0,4.7,0.0,0.0,0.0,0.0,0.0,0.0,15.07,0.0,0.0,0.0,0.0,15.07,0.0,0.0,0.0,24.0,0.0,0.0,0.0,0.0,0.0,0.0,0.0,0.0,0.0,0.0,155851,,5.65,,,,,,,5.44
1763134,9465241,,,,,2023-11-28,,Container,0.0,0.0,4.3,4.3,0.0,0.0,13.79,13.79,0.0,4.3,0.0,0.0,0.0,0.0,0.0,0.0,13.79,0.0,0.0,0.0,0.0,13.79,0.0,0.0,0.0,24.0,0.0,0.0,0.0,0.0,0.0,0.0,0.0,0.0,0.0,0.0,155851,,5.65,,,,,,,5.44
1763135,9465241,,,,,2023-11-29,,Container,0.0,0.0,4.7,4.7,0.0,0.0,15.07,15.07,0.0,4.5,0.2,0.0,0.0,0.0,0.0,0.0,14.43,0.0,0.0,0.64,0.0,14.43,0.64,0.0,0.0,24.0,0.0,0.0,0.0,0.0,0.0,0.0,0.0,0.0,0.0,0.0,155851,,5.66,,,,,,,5.44
1763136,9465241,,,,,2023-11-30,,Container,0.0,0.0,4.2,4.2,0.0,0.0,13.47,13.47,0.0,4.2,0.0,0.0,0.0,0.0,0.0,0.0,13.47,0.0,0.0,0.0,0.0,13.47,0.0,0.0,0.0,24.0,0.0,0.0,0.0,0.0,0.0,0.0,0.0,0.0,0.0,0.0,155851,,5.66,,,,,,,5.44
1763137,9465241,,,,,2023-12-01,,Container,0.0,0.0,4.9,4.9,0.0,0.0,15.71,15.71,0.0,4.5,0.4,0.0,0.0,0.0,0.0,0.0,14.43,0.0,0.0,1.28,0.0,14.43,1.28,0.0,0.0,26.2,0.0,0.0,0.0,0.0,0.0,0.0,0.0,0.0,0.0,0.0,155851,,5.66,,,,,,,5.44
1763138,9465241,,,,,2023-12-02,,Container,0.0,0.0,6.8,6.8,0.0,0.0,21.8,21.8,0.0,4.1,2.7,0.0,0.0,0.0,0.0,0.0,13.14,0.0,0.0,8.66,0.0,13.14,8.66,0.0,0.0,23.8,0.0,0.0,0.0,0.0,0.0,0.0,0.0,0.0,0.0,0.0,155851,,5.66,,,,,,,5.44
1763139,9465241,,,,,2023-12-03,,Container,0.0,0.0,8.3,8.3,0.0,0.0,26.61,26.61,0.0,4.6,3.7,0.0,0.0,0.0,0.0,0.0,14.75,0.0,0.0,11.86,0.0,14.75,11.86,0.0,0.0,24.0,0.0,0.0,0.0,0.0,0.0,0.0,0.0,0.0,0.0,0.0,155851,,5.66,,,,,,,5.44
1763140,9465241,,,,,2023-12-04,,Container,0.0,0.0,8.2,8.2,0.0,0.0,26.29,26.29,0.0,4.6,3.6,0.0,0.0,0.0,0.0,0.0,14.75,0.0,0.0,11.54,0.0,14.75,11.54,0.0,0.0,24.0,0.0,0.0,0.0,0.0,0.0,0.0,0.0,0.0,0.0,0.0,155851,,5.67,,,,,,,5.44
1763141,9465241,,,,,2023-12-05,,Container,0.0,0.0,8.2,8.2,0.0,0.0,26.29,26.29,0.0,4.8,3.4,0.0,0.0,0.0,0.0,0.0,15.39,0.0,0.0,10.9,0.0,15.39,10.9,0.0,0.0,24.0,0.0,0.0,0.0,0.0,0.0,0.0,0.0,0.0,0.0,0.0,155851,,5.67,,,,,,,5.44
1763142,9465241,,,,,2023-12-06,,Container,0.0,0.0,7.6,7.6,0.0,0.0,24.37,24.37,0.0,4.2,3.4,0.0,0.0,0.0,0.0,0.0,13.47,0.0,0.0,10.9,0.0,13.47,10.9,0.0,0.0,24.0,0.0,0.0,0.0,0.0,0.0,0.0,0.0,0.0,0.0,0.0,155851,,5.67,,,,,,,5.44
1763143,9465241,,,,,2023-12-07,,Container,0.0,0.0,7.7,7.7,0.0,0.0,24.69,24.69,0.0,5.1,2.6,0.0,0.0,0.0,0.0,0.0,16.35,0.0,0.0,8.34,0.0,16.35,8.34,0.0,0.0,26.4,0.0,0.0,0.0,0.0,0.0,0.0,0.0,0.0,0.0,0.0,155851,,5.67,,,,,,,5.44
1763144,9465241,,,,,2023-12-08,,Container,0.0,0.0,6.2,6.2,0.0,0.0,19.88,19.88,0.0,4.3,1.9,0.0,0.0,0.0,0.0,0.0,13.79,0.0,0.0,6.09,0.0,13.79,6.09,0.0,0.0,28.9,0.0,0.0,0.0,0.0,0.0,0.0,0.0,0.0,0.0,0.0,155851,,5.68,,,,,,,5.44
1763145,9465241,,,,,2023-12-09,,Container,0.0,0.0,7.1,7.1,0.0,0.0,22.76,22.76,0.0,4.9,2.2,0.0,0.0,0.0,0.0,0.0,15.71,0.0,0.0,7.05,0.0,15.71,7.05,0.0,0.0,24.0,0.0,0.0,0.0,0.0,0.0,0.0,0.0,0.0,0.0,0.0,155851,,5.68,,,,,,,5.44
1763146,9465241,,,,,2023-12-10,,Container,0.0,3.9,5.0,8.9,0.0,12.29,16.03,28.32,0.0,4.2,4.7,0.0,0.0,0.0,0.0,0.0,13.47,0.0,12.29,2.56,0.0,13.47,14.85,0.0,0.0,24.0,0.0,0.0,0.0,0.0,0.0,0.0,0.0,0.0,0.0,0.0,155851,,5.68,,,,,,,5.44
1763147,9465241,,,,,2023-12-11,,Container,0.0,4.5,6.1,10.6,0.0,14.18,19.56,33.74,0.0,6.1,4.5,0.0,0.0,0.0,0.0,0.0,19.56,0.0,14.18,0.0,0.0,19.56,14.18,0.0,0.0,24.3,0.0,0.0,0.0,0.0,0.0,0.0,0.0,0.0,0.0,0.0,155851,,5.68,,,,,,,5.44
1763148,9465241,,,,,2023-12-12,,Container,0.0,19.7,0.6,20.3,0.0,62.07,1.92,64.0,0.4,13.6,6.3,0.0,0.0,1.28,0.0,42.22,0.64,0.0,19.85,0.0,1.28,42.86,19.85,0.0,1.5,41.6,0.0,0.0,0.0,0.0,0.0,0.0,4.47,3.4,35455.33,0.0,155851,,5.69,,,,,,,5.44
1763149,9465241,,,,,2023-12-13,,Container,0.0,7.9,0.0,7.9,0.0,24.89,0.0,24.89,0.0,5.8,2.1,0.0,0.0,0.0,0.0,18.28,0.0,0.0,6.62,0.0,0.0,18.28,6.62,0.0,0.0,14.8,0.0,0.0,0.0,0.0,0.0,0.0,2.23,1.7,17723.67,0.0,155851,,5.69,,,,,,,5.44
1763150,9465241,,,,,2023-12-14,,Container,0.0,14.4,1.1,15.5,0.0,45.37,3.53,48.9,1.1,10.7,3.7,0.0,0.0,3.53,0.0,33.72,0.0,0.0,11.66,0.0,3.53,33.72,11.66,0.0,0.9,32.0,0.0,0.0,0.0,0.0,0.0,0.0,9.5,6.0,75616.0,0.0,155851,,5.7,,,,,,,5.44
1763151,9465241,,,,,2023-12-15,,Container,0.0,17.8,4.7,22.5,0.0,56.09,15.07,71.16,4.7,13.4,4.4,0.0,0.0,15.07,0.0,42.22,0.0,0.0,13.86,0.0,15.07,42.22,13.86,0.0,3.2,48.1,0.0,0.0,15.0,0.0,0.0,140.0,9.5,6.0,75793.5,40.0,155851,,5.7,,,,,,,5.44
1763155,9465241,,,,,2023-12-19,,Container,0.0,20.6,0.0,20.6,0.0,64.91,0.0,64.91,2.3,14.4,3.9,0.0,7.25,0.0,0.0,45.37,0.0,0.0,12.29,0.0,7.25,45.37,12.29,0.0,2.7,49.4,0.0,0.0,0.0,0.0,0.0,0.0,9.5,6.0,75602.0,0.0,155851,,5.71,,,,,,,5.44
1763156,9465241,,,,,2023-12-20,,Container,0.0,23.0,0.0,23.0,0.0,72.47,0.0,72.47,4.6,14.6,3.8,0.0,14.49,0.0,0.0,46.0,0.0,0.0,11.97,0.0,14.49,46.0,11.97,0.0,8.1,48.0,0.0,0.0,0.0,0.0,0.0,0.0,9.5,6.0,75572.0,0.0,155851,,5.72,,,,,,,5.44
1763157,9465241,,,,,2023-12-21,,Container,30.4,54.4,0.0,84.8,94.67,171.41,0.0,266.08,51.8,25.5,7.5,82.52,79.72,0.0,12.14,68.06,0.0,0.0,23.63,0.0,162.24,80.21,23.63,0.0,21.0,81.7,0.0,0.0,6.5,0.0,0.0,60.0,9.55,5.95,75542.0,114.0,155851,,5.74,,,,,,,5.44
1763160,9465241,,,,,2023-12-24,,Container,0.3,2.7,0.0,3.0,0.93,8.51,0.0,9.44,0.3,1.2,1.5,0.93,0.0,0.0,0.0,3.78,0.0,0.0,4.73,0.0,0.93,3.78,4.73,0.0,2.2,8.5,0.0,0.0,0.0,0.0,0.0,0.0,9.6,5.9,75468.5,0.0,155851,,5.76,,,,,,,5.44
1763161,9465241,,,,,2023-12-25,,Container,4.5,14.3,0.0,18.8,14.01,45.06,0.0,59.07,4.5,4.0,10.3,14.01,0.0,0.0,0.0,12.6,0.0,0.0,32.46,0.0,14.01,12.6,32.46,0.0,5.4,38.5,0.0,0.0,0.0,0.0,0.0,0.0,9.6,5.9,75438.0,0.0,155851,,5.76,,,,,,,5.44
1763162,9465241,,,,,2023-12-26,,Container,4.2,17.3,0.0,21.5,13.08,54.51,0.0,67.59,4.2,13.2,4.1,13.08,0.0,0.0,0.0,41.59,0.0,0.0,12.92,0.0,13.08,41.59,12.92,0.0,3.5,35.6,0.0,0.0,4.0,0.0,0.0,120.0,7.93,5.53,70617.33,50.67,155851,,5.77,,,,,,,5.44
1763164,9465241,,,,,2023-12-28,,Container,0.4,5.3,0.0,5.7,1.25,16.7,0.0,17.95,0.4,4.1,1.2,1.25,0.0,0.0,0.0,12.92,0.0,0.0,3.78,0.0,1.25,12.92,3.78,0.0,0.5,7.9,0.0,0.0,0.0,0.0,0.0,0.0,11.2,9.0,105838.0,0.0,155851,,5.76,,,,,,,5.44
1763165,9465241,,,,,2023-12-29,,Container,9.2,13.8,0.0,23.0,28.65,43.48,0.0,72.13,5.4,13.8,3.8,16.82,0.0,0.0,0.0,43.48,0.0,11.83,0.0,0.0,16.82,43.48,11.83,0.0,7.8,34.4,0.0,0.0,0.0,0.0,0.0,0.0,11.2,9.0,105805.0,0.0,155851,,5.76,,,,,,,5.44
1763166,9465241,,,,,2023-12-30,,Container,12.5,22.1,0.0,34.6,38.92,69.64,0.0,108.56,5.7,22.1,6.8,17.75,0.0,0.0,0.0,69.64,0.0,21.18,0.0,0.0,17.75,69.64,21.18,0.0,6.1,54.2,0.0,0.0,0.0,0.0,0.0,0.0,11.2,9.0,105771.5,0.0,155851,,5.77,,,,,,,5.44
1159735,9465241,,,,,2021-01-07,,Container,0.0,8.2,0.0,8.2,0.0,25.84,0.0,25.84,0.0,6.0,2.2,0.0,0.0,0.0,0.0,18.91,0.0,0.0,6.93,0.0,0.0,18.91,6.93,0.0,0.0,,0.0,0.0,0.0,0.0,0.0,0.0,11.0,9.2,105400.0,0.0,0,,,,,,,,,
1159762,9465241,,,,,2021-02-03,,Container,0.0,47.9,0.0,47.9,0.0,150.93,0.0,150.93,0.0,24.0,23.9,0.0,0.0,0.0,0.0,75.62,0.0,0.0,75.31,0.0,0.0,75.62,75.31,0.0,0.0,,0.0,0.0,0.0,0.0,0.0,0.0,10.0,10.0,104510.0,0.0,0,,,,,,,,,
1159809,9465241,,,,,2021-03-22,,Container,0.0,10.0,2.9,12.9,0.0,31.51,9.3,40.81,0.0,10.0,2.9,0.0,0.0,0.0,0.0,31.51,0.0,0.0,0.0,9.3,0.0,31.51,9.3,0.0,0.0,,0.0,0.0,0.0,0.0,0.0,0.0,13.7,13.4,154460.0,0.0,0,,,,,,,,,
1159814,9465241,,,,,2021-03-27,,Container,0.0,8.6,2.2,10.8,0.0,27.1,7.05,34.15,0.0,8.6,2.2,0.0,0.0,0.0,0.0,27.1,0.0,0.0,0.0,7.05,0.0,27.1,7.05,0.0,17.2,,0.0,0.0,0.0,0.0,0.0,0.0,14.4,14.1,162900.0,0.0,0,,,,,,,,,
1159815,9465241,,,,,2021-03-28,,Container,0.0,11.5,3.5,15.0,0.0,36.24,11.22,47.46,0.0,11.5,3.5,0.0,0.0,0.0,0.0,36.24,0.0,0.0,0.0,11.22,0.0,36.24,11.22,0.0,0.0,,0.0,0.0,0.0,0.0,0.0,0.0,14.4,14.1,162900.0,0.0,0,,,,,,,,,
1159816,9465241,,,,,2021-03-29,,Container,0.0,10.9,3.3,14.2,0.0,34.35,10.58,44.93,0.0,10.9,3.3,0.0,0.0,0.0,0.0,34.35,0.0,0.0,0.0,10.58,0.0,34.35,10.58,0.0,23.0,,0.0,0.0,0.0,0.0,0.0,0.0,14.4,14.1,162900.0,0.0,0,,,,,,,,,
1159819,9465241,,,,,2021-04-01,,Container,0.0,9.8,3.2,13.0,0.0,30.88,10.26,41.14,0.0,9.8,3.2,0.0,0.0,0.0,0.0,30.88,0.0,0.0,0.0,10.26,0.0,30.88,10.26,0.0,19.7,,0.0,0.0,0.0,0.0,0.0,0.0,14.2,14.0,160754.0,0.0,0,,,,,,,,,
1159820,9465241,,,,,2021-04-02,,Container,0.0,11.5,3.5,15.0,0.0,36.24,11.22,47.46,0.0,11.5,3.5,0.0,0.0,0.0,0.0,36.24,0.0,0.0,0.0,11.22,0.0,36.24,11.22,0.0,0.0,,0.0,0.0,0.0,0.0,0.0,0.0,14.2,14.0,160754.0,0.0,0,,,,,,,,,
1159824,9465241,,,,,2021-04-06,,Container,0.0,0.0,15.0,15.0,0.0,0.0,48.09,48.09,0.0,11.6,3.4,0.0,0.0,0.0,0.0,0.0,37.19,0.0,0.0,10.9,0.0,37.19,10.9,0.0,0.0,,0.0,0.0,0.0,0.0,0.0,0.0,7.05,6.95,77765.0,0.0,0,,,,,,,,,
1159825,9465241,,,,,2021-04-07,,Container,0.0,0.0,23.7,23.7,0.0,0.0,75.98,75.98,0.0,18.7,5.0,0.0,0.0,0.0,0.0,0.0,59.95,0.0,0.0,16.03,0.0,59.95,16.03,0.0,8.8,,0.0,0.0,0.0,0.0,0.0,0.0,14.45,14.35,160395.5,0.0,0,,,,,,,,,
1159834,9465241,,,,,2021-04-16,,Container,0.0,10.37,4.2,14.57,0.0,32.67,13.47,46.13,0.0,10.37,4.2,0.0,0.0,0.0,0.0,32.67,0.0,0.0,0.0,13.47,0.0,32.67,13.47,0.0,0.0,,0.0,0.0,0.0,0.0,0.0,0.0,14.5,14.2,164105.0,0.0,0,,,,,,,,,
1159840,9465241,,,,,2021-04-22,,Container,0.0,11.68,3.34,15.02,0.0,36.8,10.71,47.51,0.0,11.68,3.34,0.0,0.0,0.0,0.0,36.8,0.0,0.0,0.0,10.71,0.0,36.8,10.71,0.0,24.0,,0.0,0.0,0.0,0.0,0.0,0.0,12.0,10.95,124568.0,0.0,0,,,,,,,,,
1159844,9465241,,,,,2021-04-26,,Container,0.0,10.22,3.72,13.94,0.0,32.2,11.93,44.13,0.0,10.22,3.72,0.0,0.0,0.0,0.0,32.2,0.0,0.0,0.0,11.93,0.0,32.2,11.93,0.0,0.0,,0.0,0.0,0.0,0.0,0.0,0.0,12.6,10.2,123901.0,0.0,0,,,,,,,,,
67661,9465241,,,,,2019-01-15,15.0,Container,12.9,,0.0,12.9,40.17,,0.0,40.17,0.0,8.66,4.24,0.0,,0.0,26.97,,0.0,13.2,,0.0,0.0,26.97,13.2,0.0,0.0,18.7,0.0,0.0,0.0,0.0,0.0,0.0,14.6,14.6,164860.0,0.0,148342,,6.11,14.6,E,,,,,5.87
67685,9465241,,,,,2019-02-08,39.0,Container,9.4,,0.0,9.4,29.27,,0.0,29.27,0.0,5.9,3.5,0.0,,0.0,18.37,,0.0,10.9,,0.0,0.0,18.37,10.9,0.0,15.0,15.0,0.0,0.0,0.0,0.0,0.0,0.0,13.8,12.0,143074.0,0.0,148342,,6.57,12.9,E,,,,,5.87
67686,9465241,,,,,2019-02-09,40.0,Container,15.1,,0.0,15.1,47.02,,0.0,47.02,0.0,9.5,5.6,0.0,,0.0,29.58,,0.0,17.44,,0.0,0.0,29.58,17.44,0.0,0.0,24.0,0.0,0.0,0.0,0.0,0.0,0.0,13.8,12.0,143074.0,0.0,148342,,6.6,12.9,E,,,,,5.87
67692,9465241,,,,,2019-02-15,46.0,Container,18.2,,0.0,18.2,56.67,,0.0,56.67,0.0,11.5,6.7,0.0,,0.0,35.81,,0.0,20.86,,0.0,0.0,35.81,20.86,0.0,0.0,32.4,0.0,0.0,0.0,0.0,0.0,0.0,11.65,11.25,129354.0,0.0,148342,,6.73,11.45,E,,,,,5.87
67713,9465241,,,,,2019-03-08,67.0,Container,11.37,,0.0,11.37,35.41,,0.0,35.41,0.0,7.27,4.1,0.0,,0.0,22.64,,0.0,12.77,,0.0,0.0,22.64,12.77,0.0,19.0,19.0,0.0,0.0,0.0,0.0,0.0,0.0,15.6,15.6,183713.0,0.0,148342,,6.67,15.6,E,,,,,5.87
67717,9465241,,,,,2019-03-12,71.0,Container,13.78,,0.0,13.78,42.91,,0.0,42.91,0.0,8.85,4.93,0.0,,0.0,27.56,,0.0,15.35,,0.0,0.0,27.56,15.35,0.0,21.0,21.0,0.0,0.0,0.0,0.0,0.0,0.0,14.85,14.85,170953.0,0.0,148342,,6.65,14.85,E,,,,,5.87
67740,9465241,,,,,2019-04-04,94.0,Container,21.4,,0.0,21.4,66.64,,0.0,66.64,0.0,14.8,6.6,0.0,,0.0,46.09,,0.0,20.55,,0.0,0.0,46.09,20.55,0.0,30.6,31.6,0.0,0.0,0.0,0.0,0.0,0.0,12.48,11.12,127713.5,0.0,148342,,6.69,11.8,E,,,,,5.87
67744,9465241,,,,,2019-04-08,98.0,Container,12.5,,0.0,12.5,38.92,,0.0,38.92,0.0,8.0,4.5,0.0,,0.0,24.91,,0.0,14.01,,0.0,0.0,24.91,14.01,0.0,21.0,22.9,0.0,0.0,0.0,0.0,0.0,0.0,10.92,9.43,104741.5,0.0,148342,,6.69,10.18,E,,,,,5.87
67746,9465241,,,,,2019-04-10,100.0,Container,8.2,,0.0,8.2,25.53,,0.0,25.53,0.0,5.2,3.0,0.0,,0.0,16.19,,0.0,9.34,,0.0,0.0,16.19,9.34,0.0,15.1,15.1,0.0,0.0,0.0,0.0,0.0,0.0,11.4,9.8,109094.0,0.0,148342,,6.68,10.6,E,,,,,5.87
67803,9465241,,,,,2019-06-06,157.0,Container,13.6,,0.0,13.6,42.35,,0.0,42.35,0.0,8.2,5.4,0.0,,0.0,25.53,,0.0,16.82,,0.0,0.0,25.53,16.82,0.0,0.0,24.0,0.0,0.0,0.0,0.0,0.0,0.0,10.4,10.4,106509.0,0.0,148342,,6.47,10.4,E,,,,,5.87
67829,9465241,,,,,2019-07-02,183.0,Container,8.5,,0.0,8.5,26.47,,0.0,26.47,0.0,5.7,2.8,0.0,,0.0,17.75,,0.0,8.72,,0.0,0.0,17.75,8.72,0.0,12.9,13.1,0.0,0.0,0.0,0.0,0.0,0.0,13.65,13.6,153468.0,0.0,148342,,6.39,13.62,E,,,,,5.87
67832,9465241,,,,,2019-07-05,186.0,Container,17.7,,0.0,17.7,55.12,,0.0,55.12,0.0,12.4,5.3,0.0,,0.0,38.61,,0.0,16.5,,0.0,0.0,38.61,16.5,0.0,0.0,24.0,0.0,0.0,0.0,0.0,0.0,0.0,13.9,12.9,151941.0,0.0,148342,,6.42,13.4,E,,,,,5.87
67867,9465241,,,,,2019-08-09,221.0,Container,1.7,,12.0,13.7,5.29,,38.47,43.77,0.0,10.1,3.6,0.0,,0.0,5.29,,26.93,0.0,,11.54,0.0,32.22,11.54,0.0,17.4,19.0,0.0,0.0,0.0,0.0,0.0,0.0,12.95,12.5,143240.0,0.0,148342,,6.54,12.72,E,,,,,5.87
67885,9465241,,,,,2019-08-27,239.0,Container,10.6,,0.0,10.6,33.01,,0.0,33.01,0.0,7.1,3.5,0.0,,0.0,22.11,,0.0,10.9,,0.0,0.0,22.11,10.9,0.0,16.3,16.3,0.0,0.0,0.0,0.0,0.0,0.0,15.0,15.0,170378.0,0.0,148342,,6.56,15.0,E,,,,,5.87
67908,9465241,,,,,2019-09-19,262.0,Container,8.0,,0.0,8.0,24.91,,0.0,24.91,0.0,5.4,2.6,0.0,,0.0,16.82,,0.0,8.1,,0.0,0.0,16.82,8.1,0.0,12.5,12.6,0.0,0.0,0.0,0.0,0.0,0.0,11.0,9.6,107177.0,0.0,148342,,6.63,10.3,E,,,,,5.87
67913,9465241,,,,,2019-09-24,267.0,Container,22.84,,0.0,22.84,71.12,,0.0,71.12,0.0,15.7,7.14,0.0,,0.0,48.89,,0.0,22.23,,0.0,0.0,48.89,22.23,0.0,11.9,37.4,0.0,0.0,0.0,0.0,0.0,0.0,12.15,11.65,127925.0,0.0,148342,,6.64,11.9,E,,,,,5.87
67915,9465241,,,,,2019-09-26,269.0,Container,15.5,,0.0,15.5,48.27,,0.0,48.27,0.0,11.0,4.5,0.0,,0.0,34.25,,0.0,14.01,,0.0,0.0,34.25,14.01,0.0,0.0,28.4,0.0,0.0,0.0,0.0,0.0,0.0,13.3,13.1,146730.0,0.0,148342,,6.64,13.2,E,,,,,5.87
67916,9465241,,,,,2019-09-27,270.0,Container,15.4,,0.0,15.4,47.96,,0.0,47.96,0.0,11.0,4.4,0.0,,0.0,34.25,,0.0,13.7,,0.0,0.0,34.25,13.7,0.0,0.0,24.4,0.0,0.0,0.0,0.0,0.0,0.0,13.3,13.1,146730.0,0.0,148342,,6.65,13.2,E,,,,,5.87
67937,9465241,,,,,2019-10-18,291.0,Container,12.7,,0.0,12.7,39.55,,0.0,39.55,0.0,10.0,2.7,0.0,,0.0,31.14,,0.0,8.41,,0.0,0.0,31.14,8.41,0.0,17.3,17.5,0.0,0.0,0.0,0.0,0.0,0.0,15.8,15.8,185360.0,0.0,148342,,6.73,15.8,E,,,,,5.87
67941,9465241,,,,,2019-10-22,295.0,Container,26.1,,0.0,26.1,81.28,,0.0,81.28,0.0,20.4,5.7,0.0,,0.0,63.53,,0.0,17.75,,0.0,0.0,63.53,17.75,0.0,31.4,35.5,0.0,0.0,0.0,0.0,0.0,0.0,14.2,14.15,160056.0,0.0,148342,,6.73,14.18,E,,,,,5.87
67968,9465241,,,,,2019-11-18,322.0,Container,16.2,,0.0,16.2,50.45,,0.0,50.45,0.0,12.1,4.1,0.0,,0.0,37.68,,0.0,12.77,,0.0,0.0,37.68,12.77,0.0,23.1,24.4,0.0,0.0,0.0,0.0,0.0,0.0,12.05,9.65,113126.0,0.0,148342,,6.72,10.85,E,,,,,5.87
67972,9465241,,,,,2019-11-22,326.0,Container,23.57,,0.0,23.57,73.4,,0.0,73.4,0.0,17.07,6.5,0.0,,0.0,53.16,,0.0,20.24,,0.0,0.0,53.16,20.24,0.0,7.3,35.2,0.0,0.0,0.0,0.0,0.0,0.0,12.85,12.0,134278.0,0.0,148342,,6.72,12.42,E,,,,,5.87
1307958,9465241,,,,,2022-01-01,,Container,0.0,0.0,10.5,10.5,0.0,0.0,33.66,33.66,0.0,6.9,3.6,0.0,0.0,0.0,0.0,0.0,22.12,0.0,0.0,11.54,0.0,22.12,11.54,0.0,0.0,,0.0,0.0,0.0,0.0,0.0,0.0,15.5,15.5,182947.0,0.0,0,,,,,,,,,
1307962,9465241,,,,,2022-01-05,,Container,0.0,0.0,11.9,11.9,0.0,0.0,38.15,38.15,0.0,8.5,3.4,0.0,0.0,0.0,0.0,0.0,27.25,0.0,0.0,10.9,0.0,27.25,10.9,0.0,0.0,,0.0,0.0,0.0,0.0,0.0,0.0,14.0,14.0,159667.0,0.0,0,,,,,,,,,
1307964,9465241,,,,,2022-01-07,,Container,0.0,0.0,12.0,12.0,0.0,0.0,38.47,38.47,0.0,8.6,3.4,0.0,0.0,0.0,0.0,0.0,27.57,0.0,0.0,10.9,0.0,27.57,10.9,0.0,0.0,,0.0,0.0,0.0,0.0,0.0,0.0,14.0,14.0,159667.0,0.0,0,,,,,,,,,
1307965,9465241,,,,,2022-01-08,,Container,0.0,0.0,12.0,12.0,0.0,0.0,38.47,38.47,0.0,8.6,3.4,0.0,0.0,0.0,0.0,0.0,27.57,0.0,0.0,10.9,0.0,27.57,10.9,0.0,0.0,,0.0,0.0,0.0,0.0,0.0,0.0,14.0,14.0,159667.0,0.0,0,,,,,,,,,
1307982,9465241,,,,,2022-01-25,,Container,0.0,3.6,4.5,8.1,0.0,11.34,14.43,25.77,0.0,4.5,3.6,0.0,0.0,0.0,0.0,0.0,14.43,0.0,11.34,0.0,0.0,14.43,11.34,0.0,0.0,,0.0,0.0,0.0,0.0,0.0,0.0,14.0,14.0,159667.0,0.0,0,,,,,,,,,
1307983,9465241,,,,,2022-01-26,,Container,0.0,3.6,4.5,8.1,0.0,11.34,14.43,25.77,0.0,4.5,3.6,0.0,0.0,0.0,0.0,0.0,14.43,0.0,11.34,0.0,0.0,14.43,11.34,0.0,0.0,,0.0,0.0,0.0,0.0,0.0,0.0,14.0,14.0,159667.0,0.0,0,,,,,,,,,
1307984,9465241,,,,,2022-01-27,,Container,0.0,3.6,4.5,8.1,0.0,11.34,14.43,25.77,0.0,4.5,3.6,0.0,0.0,0.0,0.0,0.0,14.43,0.0,11.34,0.0,0.0,14.43,11.34,0.0,0.0,,0.0,0.0,0.0,0.0,0.0,0.0,14.0,14.0,159667.0,0.0,0,,,,,,,,,
1308001,9465241,,,,,2022-02-14,,Container,0.0,0.0,13.4,13.4,0.0,0.0,42.96,42.96,0.0,8.4,5.0,0.0,0.0,0.0,0.0,0.0,26.93,0.0,0.0,16.03,0.0,26.93,16.03,0.0,11.0,,0.0,0.0,0.0,0.0,0.0,0.0,2.69,2.68,28204.25,0.0,0,,,,,,,,,
1308014,9465241,,,,,2022-02-27,,Container,0.0,0.0,7.1,7.1,0.0,0.0,22.76,22.76,0.0,4.3,2.8,0.0,0.0,0.0,0.0,0.0,13.79,0.0,0.0,8.98,0.0,13.79,8.98,0.0,18.1,,0.0,0.0,0.0,0.0,0.0,0.0,6.6,6.6,74082.0,0.0,0,,,,,,,,,
1308031,9465241,,,,,2022-03-16,,Container,0.0,0.0,6.7,6.7,0.0,0.0,21.48,21.48,0.0,4.5,2.2,0.0,0.0,0.0,0.0,0.0,14.43,0.0,0.0,7.05,0.0,14.43,7.05,0.0,0.0,,0.0,0.0,0.0,0.0,0.0,0.0,14.2,14.2,163500.0,0.0,0,,,,,,,,,
1308032,9465241,,,,,2022-03-17,,Container,0.0,0.0,12.4,12.4,0.0,0.0,39.75,39.75,0.0,8.8,3.6,0.0,0.0,0.0,0.0,0.0,28.21,0.0,0.0,11.54,0.0,28.21,11.54,0.0,0.0,,0.0,0.0,0.0,0.0,0.0,0.0,14.2,14.2,163470.0,0.0,0,,,,,,,,,
1308033,9465241,,,,,2022-03-18,,Container,0.0,0.0,10.4,10.4,0.0,0.0,33.34,33.34,0.0,6.8,3.6,0.0,0.0,0.0,0.0,0.0,21.8,0.0,0.0,11.54,0.0,21.8,11.54,0.0,0.0,,0.0,0.0,0.0,0.0,0.0,0.0,14.2,14.2,163450.0,0.0,0,,,,,,,,,
1308034,9465241,,,,,2022-03-19,,Container,0.0,0.0,10.6,10.6,0.0,0.0,33.98,33.98,0.0,7.0,3.6,0.0,0.0,0.0,0.0,0.0,22.44,0.0,0.0,11.54,0.0,22.44,11.54,0.0,0.0,,0.0,0.0,0.0,0.0,0.0,0.0,14.2,14.2,163420.0,0.0,0,,,,,,,,,
1308035,9465241,,,,,2022-03-20,,Container,0.0,0.0,10.8,10.8,0.0,0.0,34.62,34.62,0.0,7.2,3.6,0.0,0.0,0.0,0.0,0.0,23.08,0.0,0.0,11.54,0.0,23.08,11.54,0.0,0.0,,0.0,0.0,0.0,0.0,0.0,0.0,14.2,14.2,163400.0,0.0,0,,,,,,,,,
1308036,9465241,,,,,2022-03-21,,Container,0.0,0.0,10.5,10.5,0.0,0.0,33.66,33.66,0.0,6.9,3.6,0.0,0.0,0.0,0.0,0.0,22.12,0.0,0.0,11.54,0.0,22.12,11.54,0.0,0.0,,0.0,0.0,0.0,0.0,0.0,0.0,14.2,14.2,163370.0,0.0,0,,,,,,,,,
1308037,9465241,,,,,2022-03-22,,Container,0.0,0.0,11.1,11.1,0.0,0.0,35.59,35.59,0.0,7.5,3.6,0.0,0.0,0.0,0.0,0.0,24.04,0.0,0.0,11.54,0.0,24.04,11.54,0.0,0.0,,0.0,0.0,0.0,0.0,0.0,0.0,14.2,14.2,163350.0,0.0,0,,,,,,,,,
1308039,9465241,,,,,2022-03-24,,Container,0.0,0.0,10.8,10.8,0.0,0.0,34.62,34.62,0.0,7.2,3.6,0.0,0.0,0.0,0.0,0.0,23.08,0.0,0.0,11.54,0.0,23.08,11.54,0.0,0.0,,0.0,0.0,0.0,0.0,0.0,0.0,14.2,14.2,163350.0,0.0,0,,,,,,,,,
1308040,9465241,,,,,2022-03-25,,Container,0.0,0.0,11.09,11.09,0.0,0.0,35.55,35.55,0.0,7.49,3.6,0.0,0.0,0.0,0.0,0.0,24.01,0.0,0.0,11.54,0.0,24.01,11.54,0.0,0.0,,0.0,0.0,0.0,0.0,0.0,0.0,7.1,7.1,81675.0,0.0,0,,,,,,,,,
1308042,9465241,,,,,2022-03-27,,Container,0.0,0.0,10.7,10.7,0.0,0.0,34.3,34.3,0.0,7.7,3.0,0.0,0.0,0.0,0.0,0.0,24.69,0.0,0.0,9.62,0.0,24.69,9.62,0.0,0.0,,0.0,0.0,0.0,0.0,0.0,0.0,14.15,14.15,160660.0,0.0,0,,,,,,,,,
1308043,9465241,,,,,2022-03-28,,Container,0.0,0.0,11.9,11.9,0.0,0.0,38.15,38.15,0.0,8.3,3.6,0.0,0.0,0.0,0.0,0.0,26.61,0.0,0.0,11.54,0.0,26.61,11.54,0.0,0.0,,0.0,0.0,0.0,0.0,0.0,0.0,14.15,14.15,160640.0,0.0,0,,,,,,,,,
1308044,9465241,,,,,2022-03-29,,Container,0.0,0.0,13.1,13.1,0.0,0.0,42.0,42.0,0.0,9.5,3.6,0.0,0.0,0.0,0.0,0.0,30.46,0.0,0.0,11.54,0.0,30.46,11.54,0.0,0.0,,0.0,0.0,0.0,0.0,0.0,0.0,14.1,14.1,160620.0,0.0,0,,,,,,,,,
1308045,9465241,,,,,2022-03-30,,Container,0.0,0.0,13.6,13.6,0.0,0.0,43.6,43.6,0.0,10.0,3.6,0.0,0.0,0.0,0.0,0.0,32.06,0.0,0.0,11.54,0.0,32.06,11.54,0.0,0.0,,0.0,0.0,0.0,0.0,0.0,0.0,14.1,14.1,160600.0,0.0,0,,,,,,,,,
1308046,9465241,,,,,2022-03-31,,Container,0.0,0.0,11.9,11.9,0.0,0.0,38.15,38.15,0.0,8.3,3.6,0.0,0.0,0.0,0.0,0.0,26.61,0.0,0.0,11.54,0.0,26.61,11.54,0.0,0.0,,0.0,0.0,0.0,0.0,0.0,0.0,14.1,14.1,160580.0,0.0,0,,,,,,,,,
1308047,9465241,,,,,2022-04-01,,Container,0.0,0.0,11.9,11.9,0.0,0.0,38.15,38.15,0.0,8.3,3.6,0.0,0.0,0.0,0.0,0.0,26.61,0.0,0.0,11.54,0.0,26.61,11.54,0.0,0.0,,0.0,0.0,0.0,0.0,0.0,0.0,14.1,14.1,160560.0,0.0,0,,,,,,,,,
1308048,9465241,,,,,2022-04-02,,Container,0.0,0.0,12.1,12.1,0.0,0.0,38.79,38.79,0.0,8.5,3.6,0.0,0.0,0.0,0.0,0.0,27.25,0.0,0.0,11.54,0.0,27.25,11.54,0.0,0.0,,0.0,0.0,0.0,0.0,0.0,0.0,14.1,14.1,160540.0,0.0,0,,,,,,,,,
1308049,9465241,,,,,2022-04-03,,Container,0.0,0.0,11.9,11.9,0.0,0.0,38.15,38.15,0.0,8.3,3.6,0.0,0.0,0.0,0.0,0.0,26.61,0.0,0.0,11.54,0.0,26.61,11.54,0.0,0.0,,0.0,0.0,0.0,0.0,0.0,0.0,14.1,14.1,160520.0,0.0,0,,,,,,,,,
1308050,9465241,,,,,2022-04-04,,Container,0.0,0.0,11.9,11.9,0.0,0.0,38.15,38.15,0.0,8.3,3.6,0.0,0.0,0.0,0.0,0.0,26.61,0.0,0.0,11.54,0.0,26.61,11.54,0.0,0.0,,0.0,0.0,0.0,0.0,0.0,0.0,14.1,14.1,160500.0,0.0,0,,,,,,,,,
1308051,9465241,,,,,2022-04-05,,Container,0.0,0.0,12.6,12.6,0.0,0.0,40.4,40.4,0.2,8.8,3.6,0.0,0.0,0.64,0.0,0.0,28.21,0.0,0.0,11.54,0.64,28.21,11.54,0.0,0.3,,0.0,0.0,0.0,0.0,0.0,0.0,7.05,7.05,80240.0,0.0,0,,,,,,,,,
1308052,9465241,,,,,2022-04-06,,Container,0.0,0.0,11.9,11.9,0.0,0.0,38.15,38.15,0.0,8.3,3.6,0.0,0.0,0.0,0.0,0.0,26.61,0.0,0.0,11.54,0.0,26.61,11.54,0.0,0.0,,0.0,0.0,0.0,0.0,0.0,0.0,14.1,14.1,160460.0,0.0,0,,,,,,,,,
1308053,9465241,,,,,2022-04-07,,Container,0.0,0.0,11.8,11.8,0.0,0.0,37.83,37.83,0.0,8.3,3.5,0.0,0.0,0.0,0.0,0.0,26.61,0.0,0.0,11.22,0.0,26.61,11.22,0.0,0.0,,0.0,0.0,0.0,0.0,0.0,0.0,14.1,14.1,160440.0,0.0,0,,,,,,,,,
1308054,9465241,,,,,2022-04-08,,Container,0.0,0.0,12.3,12.3,0.0,0.0,39.43,39.43,0.0,8.7,3.6,0.0,0.0,0.0,0.0,0.0,27.89,0.0,0.0,11.54,0.0,27.89,11.54,0.0,0.0,,0.0,0.0,0.0,0.0,0.0,0.0,14.1,14.1,160420.0,0.0,0,,,,,,,,,
1308056,9465241,,,,,2022-04-10,,Container,0.0,0.0,6.1,6.1,0.0,0.0,19.56,19.56,0.0,4.0,2.1,0.0,0.0,0.0,0.0,0.0,12.82,0.0,0.0,6.73,0.0,12.82,6.73,0.0,0.0,,0.0,0.0,0.0,0.0,0.0,0.0,14.1,14.1,160400.0,0.0,0,,,,,,,,,
1308057,9465241,,,,,2022-04-11,,Container,0.0,0.0,9.8,9.8,0.0,0.0,31.42,31.42,0.0,6.2,3.6,0.0,0.0,0.0,0.0,0.0,19.88,0.0,0.0,11.54,0.0,19.88,11.54,0.0,0.0,,0.0,0.0,0.0,0.0,0.0,0.0,14.1,14.1,160400.0,0.0,0,,,,,,,,,
1308058,9465241,,,,,2022-04-12,,Container,0.0,0.0,10.0,10.0,0.0,0.0,32.06,32.06,0.0,6.5,3.5,0.0,0.0,0.0,0.0,0.0,20.84,0.0,0.0,11.22,0.0,20.84,11.22,0.0,0.0,,0.0,0.0,0.0,0.0,0.0,0.0,14.1,14.1,160400.0,0.0,0,,,,,,,,,
1308059,9465241,,,,,2022-04-13,,Container,0.0,0.0,10.2,10.2,0.0,0.0,32.7,32.7,0.0,6.8,3.4,0.0,0.0,0.0,0.0,0.0,21.8,0.0,0.0,10.9,0.0,21.8,10.9,0.0,0.0,,0.0,0.0,0.0,0.0,0.0,0.0,14.1,14.1,160400.0,0.0,0,,,,,,,,,
1308060,9465241,,,,,2022-04-14,,Container,0.0,0.0,9.9,9.9,0.0,0.0,31.74,31.74,0.0,6.5,3.4,0.0,0.0,0.0,0.0,0.0,20.84,0.0,0.0,10.9,0.0,20.84,10.9,0.0,0.0,,0.0,0.0,0.0,0.0,0.0,0.0,14.1,14.1,160400.0,0.0,0,,,,,,,,,
1308061,9465241,,,,,2022-04-15,,Container,0.0,0.0,10.3,10.3,0.0,0.0,33.02,33.02,0.0,6.8,3.5,0.0,0.0,0.0,0.0,0.0,21.8,0.0,0.0,11.22,0.0,21.8,11.22,0.0,0.0,,0.0,0.0,0.0,0.0,0.0,0.0,14.1,14.1,160400.0,0.0,0,,,,,,,,,
1308080,9465241,,,,,2022-05-05,,Container,0.0,8.3,3.4,11.7,0.0,26.15,10.9,37.05,0.0,8.3,3.4,0.0,0.0,0.0,0.0,26.15,0.0,0.0,0.0,10.9,0.0,26.15,10.9,0.0,0.0,,0.0,0.0,0.0,0.0,0.0,0.0,10.5,10.0,109800.0,0.0,0,,,,,,,,,
1308088,9465241,,,,,2022-05-13,,Container,0.0,0.0,10.4,10.4,0.0,0.0,33.34,33.34,0.0,7.2,3.2,0.0,0.0,0.0,0.0,0.0,23.08,0.0,0.0,10.26,0.0,23.08,10.26,0.0,0.0,,0.0,0.0,0.0,0.0,0.0,0.0,13.8,13.7,158890.0,0.0,0,,,,,,,,,
1308089,9465241,,,,,2022-05-14,,Container,0.0,0.0,10.8,10.8,0.0,0.0,34.62,34.62,0.3,7.1,3.4,0.0,0.0,0.96,0.0,0.0,22.76,0.0,0.0,10.9,0.96,22.76,10.9,0.0,0.6,,0.0,0.0,0.0,0.0,0.0,0.0,6.9,6.85,79445.0,0.0,0,,,,,,,,,
1308101,9465241,,,,,2022-05-26,,Container,0.0,0.0,9.1,9.1,0.0,0.0,29.17,29.17,0.0,5.7,3.4,0.0,0.0,0.0,0.0,0.0,18.27,0.0,0.0,10.9,0.0,18.27,10.9,0.0,0.0,,0.0,0.0,0.0,0.0,0.0,0.0,14.25,13.9,162160.0,0.0,0,,,,,,,,,
1308102,9465241,,,,,2022-05-27,,Container,0.0,0.0,8.7,8.7,0.0,0.0,27.89,27.89,0.0,5.5,3.2,0.0,0.0,0.0,0.0,0.0,17.63,0.0,0.0,10.26,0.0,17.63,10.26,0.0,0.0,,0.0,0.0,0.0,0.0,0.0,0.0,14.25,13.9,162160.0,0.0,0,,,,,,,,,
1308103,9465241,,,,,2022-05-28,,Container,0.0,0.0,10.9,10.9,0.0,0.0,34.95,34.95,0.3,7.5,3.1,0.0,0.0,0.96,0.0,0.0,24.04,0.0,0.0,9.94,0.96,24.04,9.94,0.0,0.6,,0.0,0.0,0.0,0.0,0.0,0.0,14.25,13.9,162160.0,0.0,0,,,,,,,,,
1308105,9465241,,,,,2022-05-30,,Container,0.0,0.0,9.9,9.9,0.0,0.0,31.74,31.74,0.0,6.8,3.1,0.0,0.0,0.0,0.0,0.0,21.8,0.0,0.0,9.94,0.0,21.8,9.94,0.0,0.0,,0.0,0.0,0.0,0.0,0.0,0.0,12.4,11.9,134140.0,0.0,0,,,,,,,,,
1308106,9465241,,,,,2022-05-31,,Container,0.0,0.0,9.6,9.6,0.0,0.0,30.78,30.78,0.0,6.5,3.1,0.0,0.0,0.0,0.0,0.0,20.84,0.0,0.0,9.94,0.0,20.84,9.94,0.0,0.0,,0.0,0.0,0.0,0.0,0.0,0.0,12.4,11.9,134140.0,0.0,0,,,,,,,,,
1308107,9465241,,,,,2022-06-01,,Container,0.0,0.0,9.4,9.4,0.0,0.0,30.14,30.14,0.0,6.3,3.1,0.0,0.0,0.0,0.0,0.0,20.2,0.0,0.0,9.94,0.0,20.2,9.94,0.0,0.0,,0.0,0.0,0.0,0.0,0.0,0.0,12.4,11.9,134140.0,0.0,0,,,,,,,,,
1308108,9465241,,,,,2022-06-02,,Container,0.0,0.0,9.7,9.7,0.0,0.0,31.1,31.1,0.0,6.3,3.4,0.0,0.0,0.0,0.0,0.0,20.2,0.0,0.0,10.9,0.0,20.2,10.9,0.0,0.0,,0.0,0.0,0.0,0.0,0.0,0.0,12.4,11.9,134140.0,0.0,0,,,,,,,,,
1308123,9465241,,,,,2022-06-18,,Container,0.0,7.1,3.4,10.5,0.0,22.37,10.9,33.27,0.0,7.1,3.4,0.0,0.0,0.0,0.0,22.37,0.0,0.0,0.0,10.9,0.0,22.37,10.9,0.0,0.0,,0.0,0.0,0.0,0.0,0.0,0.0,10.5,10.0,108050.0,0.0,0,,,,,,,,,
1308130,9465241,,,,,2022-06-25,,Container,0.0,8.0,2.1,10.1,0.0,25.21,6.73,31.94,0.0,8.0,2.1,0.0,0.0,0.0,0.0,25.21,0.0,0.0,0.0,6.73,0.0,25.21,6.73,0.0,0.0,,0.0,0.0,0.0,0.0,0.0,0.0,14.3,14.0,162470.0,0.0,0,,,,,,,,,
1308135,9465241,,,,,2022-07-01,,Container,0.0,10.5,2.6,13.1,0.0,33.09,8.34,41.42,0.0,10.5,2.6,0.0,0.0,0.0,0.0,33.09,0.0,0.0,0.0,8.34,0.0,33.09,8.34,0.0,0.0,,0.0,0.0,0.0,0.0,0.0,0.0,14.0,13.7,157400.0,0.0,0,,,,,,,,,
1308141,9465241,,,,,2022-07-07,,Container,0.0,11.5,2.5,14.0,0.0,36.24,8.02,44.25,0.0,11.5,2.5,0.0,0.0,0.0,0.0,36.24,0.0,0.0,0.0,8.02,0.0,36.24,8.02,0.0,0.0,,0.0,0.0,0.0,0.0,0.0,0.0,13.9,13.7,157555.0,0.0,0,,,,,,,,,
1308143,9465241,,,,,2022-07-09,,Container,0.0,11.1,2.8,13.9,0.0,34.98,8.98,43.95,0.0,11.1,2.8,0.0,0.0,0.0,0.0,34.98,0.0,0.0,0.0,8.98,0.0,34.98,8.98,0.0,0.0,,0.0,0.0,0.0,0.0,0.0,0.0,14.0,14.0,157555.0,0.0,0,,,,,,,,,
1308149,9465241,,,,,2022-07-15,,Container,0.0,11.3,3.1,14.4,0.0,35.61,9.94,45.54,0.0,11.3,3.1,0.0,0.0,0.0,0.0,35.61,0.0,0.0,0.0,9.94,0.0,35.61,9.94,0.0,0.0,,0.0,0.0,0.0,0.0,0.0,0.0,15.4,15.4,178600.0,0.0,0,,,,,,,,,
1308171,9465241,,,,,2022-08-06,,Container,0.0,9.0,3.5,12.5,0.0,28.36,11.22,39.58,0.0,9.0,3.5,0.0,0.0,0.0,0.0,28.36,0.0,0.0,0.0,11.22,0.0,28.36,11.22,0.0,0.0,,0.0,0.0,0.0,0.0,0.0,0.0,15.9,15.8,187950.0,0.0,0,,,,,,,,,
1308172,9465241,,,,,2022-08-07,,Container,0.0,8.6,3.4,12.0,0.0,27.1,10.9,38.0,0.0,8.6,3.4,0.0,0.0,0.0,0.0,27.1,0.0,0.0,0.0,10.9,0.0,27.1,10.9,0.0,0.0,,0.0,0.0,0.0,0.0,0.0,0.0,15.9,15.8,187950.0,0.0,0,,,,,,,,,
1308174,9465241,,,,,2022-08-09,,Container,0.0,7.7,3.4,11.1,0.0,24.26,10.9,35.16,0.0,7.7,3.4,0.0,0.0,0.0,0.0,24.26,0.0,0.0,0.0,10.9,0.0,24.26,10.9,0.0,0.0,,0.0,0.0,0.0,0.0,0.0,0.0,13.55,12.1,140800.0,0.0,0,,,,,,,,,
1308175,9465241,,,,,2022-08-10,,Container,0.0,6.1,3.1,9.2,0.0,19.22,9.94,29.16,0.0,6.1,3.1,0.0,0.0,0.0,0.0,19.22,0.0,0.0,0.0,9.94,0.0,19.22,9.94,0.0,0.0,,0.0,0.0,0.0,0.0,0.0,0.0,13.55,12.1,140800.0,0.0,0,,,,,,,,,
1308205,9465241,,,,,2022-09-09,,Container,0.0,8.3,2.7,11.0,0.0,26.15,8.66,34.81,0.0,8.3,2.7,0.0,0.0,0.0,0.0,26.15,0.0,0.0,0.0,8.66,0.0,26.15,8.66,0.0,19.8,,0.0,0.0,0.0,0.0,0.0,0.0,10.7,10.2,110264.0,0.0,0,,,,,,,,,
1308215,9465241,,,,,2022-09-19,,Container,0.0,7.6,2.5,10.1,0.0,23.95,8.02,31.96,0.0,7.6,2.5,0.0,0.0,0.0,0.0,23.95,0.0,0.0,0.0,8.02,0.0,23.95,8.02,0.0,18.2,,0.0,0.0,0.0,0.0,0.0,0.0,13.5,13.3,150684.0,0.0,0,,,,,,,,,
1308224,9465241,,,,,2022-09-28,,Container,0.0,17.0,4.9,21.9,0.0,53.57,15.71,69.28,0.0,17.0,4.9,0.0,0.0,0.0,0.0,53.57,0.0,0.0,0.0,15.71,0.0,53.57,15.71,0.0,11.7,,0.0,0.0,0.0,0.0,0.0,0.0,2.57,2.53,28987.45,0.0,0,,,,,,,,,
1308245,9465241,,,,,2022-10-19,,Container,0.0,6.1,2.4,8.5,0.0,19.22,7.69,26.92,0.0,6.1,2.4,0.0,0.0,0.0,0.0,19.22,0.0,0.0,0.0,7.69,0.0,19.22,7.69,0.0,17.3,,0.0,0.0,0.0,0.0,0.0,0.0,15.5,15.5,180581.0,0.0,0,,,,,,,,,
1308246,9465241,,,,,2022-10-20,,Container,0.0,9.2,3.3,12.5,0.0,28.99,10.58,39.57,0.0,9.2,3.3,0.0,0.0,0.0,0.0,28.99,0.0,0.0,0.0,10.58,0.0,28.99,10.58,0.0,0.0,,0.0,0.0,0.0,0.0,0.0,0.0,15.5,15.5,180581.0,0.0,0,,,,,,,,,
1308248,9465241,,,,,2022-10-22,,Container,0.0,7.4,2.4,9.8,0.0,23.32,7.69,31.01,0.0,7.4,2.4,0.0,0.0,0.0,0.0,23.32,0.0,0.0,0.0,7.69,0.0,23.32,7.69,0.0,17.0,,0.0,0.0,0.0,0.0,0.0,0.0,15.5,13.05,159312.5,0.0,0,,,,,,,,,
1308249,9465241,,,,,2022-10-23,,Container,0.0,10.3,3.4,13.7,0.0,32.46,10.9,43.36,0.0,10.3,3.4,0.0,0.0,0.0,0.0,32.46,0.0,0.0,0.0,10.9,0.0,32.46,10.9,0.0,0.0,,0.0,0.0,0.0,0.0,0.0,0.0,15.5,13.05,159312.5,0.0,0,,,,,,,,,
1308280,9465241,,,,,2022-11-23,,Container,0.0,7.3,3.3,10.6,0.0,23.0,10.58,33.58,0.0,3.3,7.3,0.0,0.0,0.0,0.0,0.0,10.58,0.0,23.0,0.0,0.0,10.58,23.0,0.0,23.2,,0.0,0.0,0.0,0.0,0.0,0.0,10.85,10.3,112555.0,0.0,0,,,,,,,,,
1308281,9465241,,,,,2022-11-24,,Container,0.0,10.5,3.4,13.9,0.0,33.09,10.9,43.99,0.0,10.5,3.4,0.0,0.0,0.0,0.0,33.09,0.0,0.0,0.0,10.9,0.0,33.09,10.9,0.0,0.0,,0.0,0.0,0.0,0.0,0.0,0.0,10.85,10.3,112555.0,0.0,0,,,,,,,,,
1308292,9465241,,,,,2022-12-05,,Container,0.0,9.6,3.5,13.1,0.0,30.25,11.22,41.47,0.0,9.6,3.5,0.0,0.0,0.0,0.0,30.25,0.0,0.0,0.0,11.22,0.0,30.25,11.22,0.0,25.4,,0.0,0.0,0.0,0.0,0.0,0.0,3.31,3.03,36098.62,0.0,0,,,,,,,,,
1159740,9465241,,,,,2021-01-12,,Container,0.0,0.0,0.0,0.0,0.0,0.0,0.0,0.0,0.0,0.0,0.0,0.0,0.0,0.0,0.0,0.0,0.0,0.0,0.0,0.0,0.0,0.0,0.0,382.0,24.0,,15.96,15.92,15.0,58.0,8.9,40.0,14.3,14.3,162970.0,206.0,0,,,,,,,,,
1159868,9465241,,,,,2021-05-21,,Container,0.0,16.0,4.4,20.4,0.0,50.42,14.11,64.52,0.0,16.0,4.4,0.0,0.0,0.0,0.0,50.42,0.0,0.0,0.0,14.11,0.0,50.42,14.11,0.0,9.1,,0.0,0.0,0.0,0.0,0.0,0.0,11.0,7.9,93886.5,0.0,0,,,,,,,,,
1159873,9465241,,,,,2021-05-26,,Container,0.0,6.4,2.2,8.6,0.0,20.17,7.05,27.22,0.0,6.4,2.2,0.0,0.0,0.0,0.0,20.17,0.0,0.0,0.0,7.05,0.0,20.17,7.05,0.0,16.2,,0.0,0.0,0.0,0.0,0.0,0.0,11.0,8.3,100212.0,0.0,0,,,,,,,,,
1159874,9465241,,,,,2021-05-27,,Container,0.0,8.4,3.3,11.7,0.0,26.47,10.58,37.05,0.0,8.4,3.3,0.0,0.0,0.0,0.0,26.47,0.0,0.0,0.0,10.58,0.0,26.47,10.58,0.0,0.0,,0.0,0.0,0.0,0.0,0.0,0.0,11.0,8.3,100212.0,0.0,0,,,,,,,,,
1159878,9465241,,,,,2021-05-31,,Container,0.0,0.0,5.2,5.2,0.0,0.0,16.67,16.67,0.0,3.5,1.7,0.0,0.0,0.0,0.0,0.0,11.22,0.0,0.0,5.45,0.0,11.22,5.45,0.0,14.0,,0.0,0.0,0.0,0.0,0.0,0.0,15.2,15.2,175448.0,0.0,0,,,,,,,,,
1159881,9465241,,,,,2021-06-03,,Container,0.0,5.6,1.0,6.6,0.0,17.65,3.21,20.85,0.0,5.6,1.0,0.0,0.0,0.0,0.0,17.65,0.0,0.0,0.0,3.21,0.0,17.65,3.21,0.0,12.1,,0.0,0.0,0.0,0.0,0.0,0.0,15.55,15.4,181990.0,0.0,0,,,,,,,,,
1159882,9465241,,,,,2021-06-04,,Container,0.0,15.0,0.0,15.0,0.0,47.26,0.0,47.26,0.0,11.1,3.9,0.0,0.0,0.0,0.0,34.98,0.0,0.0,12.29,0.0,0.0,34.98,12.29,0.0,0.0,,0.0,0.0,0.0,0.0,0.0,0.0,15.55,15.4,181970.0,0.0,0,,,,,,,,,
1159883,9465241,,,,,2021-06-05,,Container,0.0,15.2,0.0,15.2,0.0,47.9,0.0,47.9,0.0,10.6,4.6,0.0,0.0,0.0,0.0,33.4,0.0,0.0,14.49,0.0,0.0,33.4,14.49,0.0,0.0,,0.0,0.0,0.0,0.0,0.0,0.0,15.55,15.4,181945.0,0.0,0,,,,,,,,,
1159884,9465241,,,,,2021-06-06,,Container,0.0,14.9,0.0,14.9,0.0,46.95,0.0,46.95,0.0,10.5,4.4,0.0,0.0,0.0,0.0,33.09,0.0,0.0,13.86,0.0,0.0,33.09,13.86,0.0,0.0,,0.0,0.0,0.0,0.0,0.0,0.0,15.55,15.6,181915.0,0.0,0,,,,,,,,,
1159886,9465241,,,,,2021-06-08,,Container,0.0,14.9,0.0,14.9,0.0,46.95,0.0,46.95,0.0,10.5,4.4,0.0,0.0,0.0,0.0,33.09,0.0,0.0,13.86,0.0,0.0,33.09,13.86,0.0,0.0,,0.0,0.0,0.0,0.0,0.0,0.0,3.89,3.9,45470.0,0.0,0,,,,,,,,,
1159888,9465241,,,,,2021-06-10,,Container,0.0,10.3,0.0,10.3,0.0,32.46,0.0,32.46,0.0,7.6,2.7,0.0,0.0,0.0,0.0,23.95,0.0,0.0,8.51,0.0,0.0,23.95,8.51,0.0,17.4,,0.0,0.0,0.0,0.0,0.0,0.0,11.9,10.7,119760.0,0.0,0,,,,,,,,,
1159889,9465241,,,,,2021-06-11,,Container,0.0,15.0,0.0,15.0,0.0,47.26,0.0,47.26,0.0,11.2,3.8,0.0,0.0,0.0,0.0,35.29,0.0,0.0,11.97,0.0,0.0,35.29,11.97,0.0,0.0,,0.0,0.0,0.0,0.0,0.0,0.0,11.9,10.7,119740.0,0.0,0,,,,,,,,,
1159890,9465241,,,,,2021-06-12,,Container,0.0,15.1,0.0,15.1,0.0,47.58,0.0,47.58,0.0,11.3,3.8,0.0,0.0,0.0,0.0,35.61,0.0,0.0,11.97,0.0,0.0,35.61,11.97,0.0,0.0,,0.0,0.0,0.0,0.0,0.0,0.0,11.9,10.7,119740.0,0.0,0,,,,,,,,,
1159895,9465241,,,,,2021-06-17,,Container,0.0,12.3,0.0,12.3,0.0,38.76,0.0,38.76,0.0,8.6,3.7,0.0,0.0,0.0,0.0,27.1,0.0,0.0,11.66,0.0,0.0,27.1,11.66,0.0,23.4,,0.0,0.0,0.0,0.0,0.0,0.0,13.45,13.45,146272.5,0.0,0,,,,,,,,,
1159901,9465241,,,,,2021-06-23,,Container,0.0,6.7,0.0,6.7,0.0,21.11,0.0,21.11,0.0,4.8,1.9,0.0,0.0,0.0,0.0,15.12,0.0,0.0,5.99,0.0,0.0,15.12,5.99,0.0,12.7,,0.0,0.0,0.0,0.0,0.0,0.0,5.17,5.17,59551.67,0.0,0,,,,,,,,,
1159920,9465241,,,,,2021-07-12,,Container,0.0,11.2,0.0,11.2,0.0,35.29,0.0,35.29,0.0,9.6,1.6,0.0,0.0,0.0,0.0,30.25,0.0,0.0,5.04,0.0,0.0,30.25,5.04,0.0,0.0,,0.0,0.0,0.0,0.0,0.0,0.0,16.0,15.8,185285.0,0.0,0,,,,,,,,,
1159922,9465241,,,,,2021-07-14,,Container,0.0,10.3,0.0,10.3,0.0,32.46,0.0,32.46,0.0,8.6,1.7,0.0,0.0,0.0,0.0,27.1,0.0,0.0,5.36,0.0,0.0,27.1,5.36,0.0,0.0,,0.0,0.0,0.0,0.0,0.0,0.0,16.0,15.8,185270.0,0.0,0,,,,,,,,,
1159927,9465241,,,,,2021-07-19,,Container,0.0,6.3,0.0,6.3,0.0,19.85,0.0,19.85,0.0,5.1,1.2,0.0,0.0,0.0,0.0,16.07,0.0,0.0,3.78,0.0,0.0,16.07,3.78,0.0,16.6,,0.0,0.0,0.0,0.0,0.0,0.0,14.7,14.4,164690.0,0.0,0,,,,,,,,,
1159928,9465241,,,,,2021-07-20,,Container,0.0,9.5,0.0,9.5,0.0,29.93,0.0,29.93,0.0,7.7,1.8,0.0,0.0,0.0,0.0,24.26,0.0,0.0,5.67,0.0,0.0,24.26,5.67,0.0,0.0,,0.0,0.0,0.0,0.0,0.0,0.0,14.7,14.4,164690.0,0.0,0,,,,,,,,,
1159929,9465241,,,,,2021-07-21,,Container,0.0,8.7,0.0,8.7,0.0,27.41,0.0,27.41,0.0,7.1,1.6,0.0,0.0,0.0,0.0,22.37,0.0,0.0,5.04,0.0,0.0,22.37,5.04,0.0,0.0,,0.0,0.0,0.0,0.0,0.0,0.0,14.7,14.4,164690.0,0.0,0,,,,,,,,,
1159930,9465241,,,,,2021-07-22,,Container,0.0,8.9,0.0,8.9,0.0,28.04,0.0,28.04,0.0,7.3,1.6,0.0,0.0,0.0,0.0,23.0,0.0,0.0,5.04,0.0,0.0,23.0,5.04,0.0,0.0,,0.0,0.0,0.0,0.0,0.0,0.0,14.7,14.4,164690.0,0.0,0,,,,,,,,,
1159932,9465241,,,,,2021-07-24,,Container,0.0,10.26,0.0,10.26,0.0,32.33,0.0,32.33,0.0,8.86,1.4,0.0,0.0,0.0,0.0,27.92,0.0,0.0,4.41,0.0,0.0,27.92,4.41,0.0,22.3,,0.0,0.0,0.0,0.0,0.0,0.0,5.33,5.33,61423.33,0.0,0,,,,,,,,,
1159949,9465241,,,,,2021-08-10,,Container,0.0,7.3,0.0,7.3,0.0,23.0,0.0,23.0,0.0,4.9,2.4,0.0,0.0,0.0,0.0,15.44,0.0,0.0,7.56,0.0,0.0,15.44,7.56,0.0,15.2,,0.0,0.0,0.0,0.0,0.0,0.0,16.0,16.0,184077.0,0.0,0,,,,,,,,,
1159950,9465241,,,,,2021-08-11,,Container,0.0,16.3,0.1,16.4,0.0,51.36,0.32,51.68,0.0,11.2,5.2,0.0,0.0,0.0,0.0,35.29,0.0,0.0,16.07,0.32,0.0,35.29,16.39,0.0,9.5,,0.0,0.0,0.0,0.0,0.0,0.0,16.0,16.0,184565.5,0.0,0,,,,,,,,,
1159970,9465241,,,,,2021-08-31,,Container,0.0,11.3,0.0,11.3,0.0,35.61,0.0,35.61,0.0,7.8,3.5,0.0,0.0,0.0,0.0,24.58,0.0,0.0,11.03,0.0,0.0,24.58,11.03,0.0,23.7,,0.0,0.0,0.0,0.0,0.0,0.0,14.0,12.2,145063.0,0.0,0,,,,,,,,,
1159978,9465241,,,,,2021-09-08,,Container,0.0,11.3,0.0,11.3,0.0,35.61,0.0,35.61,0.0,8.0,3.3,0.0,0.0,0.0,0.0,25.21,0.0,0.0,10.4,0.0,0.0,25.21,10.4,0.0,21.2,,0.0,0.0,0.0,0.0,0.0,0.0,15.4,15.3,176681.0,0.0,0,,,,,,,,,
1160017,9465241,,,,,2021-10-17,,Container,0.0,9.6,0.0,9.6,0.0,30.25,0.0,30.25,0.0,7.2,2.4,0.0,0.0,0.0,0.0,22.69,0.0,0.0,7.56,0.0,0.0,22.69,7.56,0.0,17.5,,0.0,0.0,0.0,0.0,0.0,0.0,16.0,15.8,187105.0,0.0,0,,,,,,,,,
1160019,9465241,,,,,2021-10-19,,Container,0.0,8.4,0.0,8.4,0.0,26.47,0.0,26.47,0.0,6.1,2.3,0.0,0.0,0.0,0.0,19.22,0.0,0.0,7.25,0.0,0.0,19.22,7.25,0.0,16.0,,0.0,0.0,0.0,0.0,0.0,0.0,14.9,14.4,168316.0,0.0,0,,,,,,,,,
1160020,9465241,,,,,2021-10-20,,Container,0.0,12.0,0.0,12.0,0.0,37.81,0.0,37.81,0.0,8.6,3.4,0.0,0.0,0.0,0.0,27.1,0.0,0.0,10.71,0.0,0.0,27.1,10.71,0.0,0.0,,0.0,0.0,0.0,0.0,0.0,0.0,14.9,14.4,168316.0,0.0,0,,,,,,,,,
1160021,9465241,,,,,2021-10-21,,Container,0.0,12.3,0.0,12.3,0.0,38.76,0.0,38.76,0.0,8.9,3.4,0.0,0.0,0.0,0.0,28.04,0.0,0.0,10.71,0.0,0.0,28.04,10.71,0.0,0.0,,0.0,0.0,0.0,0.0,0.0,0.0,14.9,14.4,168316.0,0.0,0,,,,,,,,,
1160022,9465241,,,,,2021-10-22,,Container,0.0,15.1,0.0,15.1,0.0,47.58,0.0,47.58,0.0,11.7,3.4,0.0,0.0,0.0,0.0,36.87,0.0,0.0,10.71,0.0,0.0,36.87,10.71,0.0,0.0,,0.0,0.0,0.0,0.0,0.0,0.0,14.9,14.4,168316.0,0.0,0,,,,,,,,,
1160046,9465241,,,,,2021-11-15,,Container,0.0,10.6,3.0,13.6,0.0,33.4,9.62,43.02,0.0,10.6,3.0,0.0,0.0,0.0,0.0,33.4,0.0,0.0,0.0,9.62,0.0,33.4,9.62,0.0,19.1,,0.0,0.0,0.0,0.0,0.0,0.0,4.27,4.03,46143.67,0.0,0,,,,,,,,,
1160047,9465241,,,,,2021-11-16,,Container,0.0,17.1,4.5,21.6,0.0,53.88,14.43,68.31,0.0,17.1,4.5,0.0,0.0,0.0,0.0,53.88,0.0,0.0,0.0,14.43,0.0,53.88,14.43,0.0,8.2,,0.0,0.0,0.0,0.0,0.0,0.0,12.05,10.35,120598.0,0.0,0,,,,,,,,,
1160055,9465241,,,,,2021-11-24,,Container,0.0,11.9,0.0,11.9,0.0,37.5,0.0,37.5,0.0,8.9,3.0,0.0,0.0,0.0,0.0,28.04,0.0,0.0,9.45,0.0,0.0,28.04,9.45,0.0,20.2,,0.0,0.0,0.0,0.0,0.0,0.0,11.3,8.6,102765.0,0.0,0,,,,,,,,,
1160069,9465241,,,,,2021-12-08,,Container,0.0,0.0,11.3,11.3,0.0,0.0,36.23,36.23,0.0,8.6,2.7,0.0,0.0,0.0,0.0,0.0,27.57,0.0,0.0,8.66,0.0,27.57,8.66,0.0,0.0,,0.0,0.0,0.0,0.0,0.0,0.0,13.6,13.5,153053.0,0.0,0,,,,,,,,,
1160070,9465241,,,,,2021-12-09,,Container,0.0,0.0,19.8,19.8,0.0,0.0,63.48,63.48,0.0,14.6,5.2,0.0,0.0,0.0,0.0,0.0,46.81,0.0,0.0,16.67,0.0,46.81,16.67,0.0,10.8,,0.0,0.0,0.0,0.0,0.0,0.0,3.64,3.65,42000.0,0.0,0,,,,,,,,,
1160088,9465241,,,,,2021-12-27,,Container,0.0,0.0,9.3,9.3,0.0,0.0,29.82,29.82,0.0,6.4,2.9,0.0,0.0,0.0,0.0,0.0,20.52,0.0,0.0,9.3,0.0,20.52,9.3,0.0,19.2,,0.0,0.0,0.0,0.0,0.0,0.0,15.5,15.5,182947.0,0.0,0,,,,,,,,,
1160089,9465241,,,,,2021-12-28,,Container,0.0,0.0,10.98,10.98,0.0,0.0,35.2,35.2,0.0,7.48,3.5,0.0,0.0,0.0,0.0,0.0,23.98,0.0,0.0,11.22,0.0,23.98,11.22,0.0,0.0,,0.0,0.0,0.0,0.0,0.0,0.0,15.5,15.5,182947.0,0.0,0,,,,,,,,,
1160090,9465241,,,,,2021-12-29,,Container,0.0,0.0,11.1,11.1,0.0,0.0,35.59,35.59,0.0,7.5,3.6,0.0,0.0,0.0,0.0,0.0,24.04,0.0,0.0,11.54,0.0,24.04,11.54,0.0,0.0,,0.0,0.0,0.0,0.0,0.0,0.0,15.5,15.5,182947.0,0.0,0,,,,,,,,,
1160091,9465241,,,,,2021-12-30,,Container,0.0,6.54,10.94,17.48,0.0,20.61,35.07,55.68,0.0,7.44,10.04,0.0,0.0,0.0,0.0,0.0,23.85,0.0,20.61,11.22,0.0,23.85,31.83,0.0,0.0,,0.0,0.0,0.0,0.0,0.0,0.0,15.5,15.5,182947.0,0.0,0,,,,,,,,,
1160092,9465241,,,,,2021-12-31,,Container,0.0,7.3,10.9,18.2,0.0,23.0,34.95,57.95,0.0,7.3,10.9,0.0,0.0,0.0,0.0,0.0,23.4,0.0,23.0,11.54,0.0,23.4,34.54,0.0,0.0,,0.0,0.0,0.0,0.0,0.0,0.0,15.5,15.5,182947.0,0.0,0,,,,,,,,,
1307981,9465241,,,,,2022-01-24,,Container,0.0,3.2,4.6,7.8,0.0,10.08,14.75,24.83,0.0,4.6,3.2,0.0,0.0,0.0,0.0,0.0,14.75,0.0,10.08,0.0,0.0,14.75,10.08,0.0,0.0,,0.0,0.0,0.0,0.0,0.0,0.0,14.0,14.0,159667.0,0.0,0,,,,,,,,,
1307978,9465241,,,,,2022-01-21,,Container,0.0,3.2,8.0,11.2,0.0,10.08,25.65,35.73,0.0,8.0,3.2,0.0,0.0,0.0,0.0,0.0,25.65,0.0,10.08,0.0,0.0,25.65,10.08,0.0,0.0,,0.0,0.0,0.0,0.0,0.0,0.0,14.0,14.0,159667.0,0.0,0,,,,,,,,,
1307979,9465241,,,,,2022-01-22,,Container,0.0,3.3,4.0,7.3,0.0,10.4,12.82,23.22,0.0,4.0,3.3,0.0,0.0,0.0,0.0,0.0,12.82,0.0,10.4,0.0,0.0,12.82,10.4,0.0,0.0,,0.0,0.0,0.0,0.0,0.0,0.0,14.0,14.0,159667.0,0.0,0,,,,,,,,,
1307980,9465241,,,,,2022-01-23,,Container,0.0,3.2,4.6,7.8,0.0,10.08,14.75,24.83,0.0,4.6,3.2,0.0,0.0,0.0,0.0,0.0,14.75,0.0,10.08,0.0,0.0,14.75,10.08,0.0,0.0,,0.0,0.0,0.0,0.0,0.0,0.0,14.0,14.0,159667.0,0.0,0,,,,,,,,,
846202,9465241,,,,,2020-01-01,1.0,Container,137.8,,0.0,137.8,429.11,,0.0,429.11,126.0,11.8,0.0,392.36,,0.0,36.75,,0.0,0.0,,0.0,392.36,36.75,0.0,355.0,18.0,18.0,19.44,19.72,12.0,77.8,15.8,20.0,15.9,15.7,185941.0,288.0,148342,8.15,8.15,15.8,,E,,,E,5.81
846203,9465241,,,,,2020-01-02,2.0,Container,167.1,,0.0,167.1,520.35,,0.0,520.35,150.2,16.5,0.4,467.72,,0.0,51.38,,0.0,1.25,,0.0,467.72,51.38,1.25,461.0,23.7,25.0,19.2,19.45,20.0,75.2,14.1,60.0,15.9,15.7,185772.0,289.0,148342,7.61,7.84,15.8,,E,,,E,5.81
846204,9465241,,,,,2020-01-03,3.0,Container,166.0,,0.0,166.0,516.92,,0.0,516.92,150.0,15.9,0.1,467.1,,0.0,49.51,,0.0,0.31,,0.0,467.1,49.51,0.31,456.0,24.0,24.0,18.96,19.0,15.0,74.9,15.8,30.0,15.9,15.7,185607.0,299.0,148342,7.64,7.77,15.8,,E,,,E,5.81
846205,9465241,,,,,2020-01-04,4.0,Container,118.0,,2.2,120.2,367.45,,7.05,374.51,101.5,17.4,1.3,316.07,,0.0,51.07,,3.21,0.31,,3.85,316.07,54.28,4.16,323.0,20.2,34.8,6.37,6.43,3.33,25.1,4.93,20.0,15.5,15.5,180402.33,99.67,148342,7.82,7.78,15.5,,E,,,E,5.81
846206,9465241,,,,,2020-01-05,5.0,Container,66.6,,11.7,78.3,207.39,,37.51,244.9,58.4,17.1,2.8,181.86,,0.0,25.53,,28.53,0.0,,8.98,181.86,54.07,8.98,201.0,23.3,30.0,6.53,6.67,7.33,24.6,3.33,20.0,13.15,13.05,145751.33,140.33,148342,8.21,7.83,13.1,,E,,,E,5.81
846207,9465241,,,,,2020-01-06,6.0,Container,150.5,,0.0,150.5,468.66,,0.0,468.66,136.4,14.1,0.0,424.75,,0.0,43.91,,0.0,0.0,,0.0,424.75,43.91,0.0,472.0,24.0,24.0,19.58,19.67,12.0,73.5,11.1,70.0,13.15,13.05,145559.0,288.0,148342,6.69,7.59,13.1,,D,,,D,5.81
846208,9465241,,,,,2020-01-07,7.0,Container,104.9,,0.0,104.9,326.66,,0.0,326.66,88.9,16.0,0.0,276.83,,0.0,49.82,,0.0,0.0,,0.0,276.83,49.82,0.0,391.0,24.0,24.0,16.08,16.29,15.0,62.1,12.9,70.0,13.15,13.05,145458.0,2.0,148342,5.63,7.3,13.1,,C,,,C,5.81
846209,9465241,,,,,2020-01-08,8.0,Container,99.6,,0.0,99.6,310.15,,0.0,310.15,80.5,18.9,0.2,250.68,,0.0,58.85,,0.0,0.62,,0.0,250.68,58.85,0.62,379.0,24.0,27.0,15.71,15.79,15.0,60.7,13.6,120.0,13.15,13.05,145361.0,31.0,148342,5.52,7.08,13.1,,C,,,C,5.81
846210,9465241,,,,,2020-01-09,9.0,Container,49.6,,0.0,49.6,154.45,,0.0,154.45,31.1,16.4,2.1,96.85,,0.0,51.07,,0.0,6.54,,0.0,96.85,51.07,6.54,265.0,24.0,24.0,10.67,11.04,15.0,39.9,8.1,100.0,13.15,13.05,145316.0,75.0,148342,3.93,6.83,13.1,,A,,,A,5.81
846211,9465241,,,,,2020-01-10,10.0,Container,42.4,,0.0,42.4,132.03,,0.0,132.03,18.3,20.7,3.4,56.99,,0.0,64.46,,0.0,10.59,,0.0,56.99,64.46,10.59,214.0,28.8,40.8,4.45,4.58,11.0,17.05,5.45,90.0,13.4,13.4,150077.0,29.0,148342,4.16,6.67,13.4,,A,,,A,5.81
846212,9465241,,,,,2020-01-11,11.0,Container,50.88,,0.0,50.88,158.44,,0.0,158.44,33.5,14.8,2.58,104.32,,0.0,46.09,,0.0,8.03,,0.0,104.32,46.09,8.03,115.0,18.1,32.7,3.4,3.49,5.4,14.26,3.76,35.0,13.1,12.85,144150.5,112.0,148342,9.29,6.75,10.38,,E,,,E,5.81
846214,9465241,,,,,2020-01-13,13.0,Container,90.8,,0.0,90.8,282.75,,0.0,282.75,72.2,16.3,2.3,224.83,,0.0,50.76,,0.0,7.16,,0.0,224.83,50.76,7.16,301.0,33.1,39.3,8.12,8.18,9.25,32.0,7.28,55.0,12.25,12.16,133127.0,73.25,148342,6.33,6.81,12.21,,D,,,D,5.81
846215,9465241,,,,,2020-01-14,14.0,Container,26.7,,0.0,26.7,83.14,,0.0,83.14,16.5,8.6,1.6,51.38,,0.0,26.78,,0.0,4.98,,0.0,51.38,26.78,4.98,101.0,13.4,19.2,0.0,0.0,0.0,0.0,0.0,0.0,12.4,12.35,133049.0,0.0,148342,5.55,6.78,12.38,,C,,,C,5.81
846216,9465241,,,,,2020-01-15,15.0,Container,31.5,,0.0,31.5,98.09,,0.0,98.09,15.6,12.1,3.8,48.58,,0.0,37.68,,0.0,11.83,,0.0,48.58,37.68,11.83,81.0,24.3,33.4,0.0,0.0,10.0,0.0,0.0,25.0,12.7,12.7,136731.0,139.5,148342,8.16,6.8,12.7,,E,,,E,5.81
846217,9465241,,,,,2020-01-16,16.0,Container,102.6,,0.0,102.6,319.5,,0.0,319.5,81.1,18.1,3.4,252.55,,0.0,56.36,,0.0,10.59,,0.0,252.55,56.36,10.59,354.0,29.7,42.1,6.6,6.65,7.5,27.9,10.4,15.0,12.7,12.7,136626.5,96.5,148342,6.08,6.75,12.7,,C,,,C,5.81
846219,9465241,,,,,2020-01-18,18.0,Container,52.4,,0.0,52.4,163.17,,0.0,163.17,27.9,19.8,4.7,86.88,,0.0,61.66,,0.0,14.64,,0.0,86.88,61.66,14.64,125.0,31.9,49.5,3.75,3.75,7.5,15.88,5.92,25.0,12.92,12.0,135293.5,25.0,148342,8.8,6.86,12.46,,E,,,E,5.81
846220,9465241,,,,,2020-01-19,19.0,Container,18.1,,0.0,18.1,56.36,,0.0,56.36,3.3,11.7,3.1,10.28,,0.0,36.43,,0.0,9.65,,0.0,10.28,36.43,9.65,17.0,20.6,26.8,0.0,0.0,3.75,0.0,0.0,10.0,14.03,13.63,156605.33,73.0,148342,22.35,6.91,10.38,,E,,,E,5.81
846221,9465241,,,,,2020-01-20,20.0,Container,111.1,,0.0,111.1,345.97,,0.0,345.97,100.7,10.3,0.1,313.58,,0.0,32.07,,0.0,0.31,,0.0,313.58,32.07,0.31,344.0,18.1,18.1,18.78,19.01,10.0,73.8,14.5,10.0,14.6,14.5,167155.0,236.0,148342,6.78,6.9,14.55,,D,,,D,5.81
846222,9465241,,,,,2020-01-21,21.0,Container,136.6,,0.0,136.6,425.37,,0.0,425.37,122.1,14.4,0.1,380.22,,0.0,44.84,,0.0,0.31,,0.0,380.22,44.84,0.31,444.0,24.0,24.0,18.38,18.5,25.0,70.9,13.4,120.0,14.6,14.5,167026.0,206.0,148342,6.46,6.87,14.55,,D,,,D,5.81
846223,9465241,,,,,2020-01-22,22.0,Container,103.1,,0.0,103.1,321.05,,0.0,321.05,89.1,13.9,0.1,277.46,,0.0,43.28,,0.0,0.31,,0.0,277.46,43.28,0.31,396.0,24.0,24.7,16.38,16.5,15.0,63.5,13.7,30.0,14.6,14.5,166934.0,169.0,148342,5.47,6.77,14.55,,C,,,C,5.81
846224,9465241,,,,,2020-01-23,23.0,Container,91.2,,0.0,91.2,284.0,,0.0,284.0,74.9,16.2,0.1,233.24,,0.0,50.45,,0.0,0.31,,0.0,233.24,50.45,0.31,379.0,24.0,24.0,15.42,15.79,15.0,59.7,12.2,10.0,14.6,14.5,166858.0,77.0,148342,5.05,6.67,14.55,,B,,,B,5.81
846225,9465241,,,,,2020-01-24,24.0,Container,85.5,,0.0,85.5,266.25,,0.0,266.25,68.6,16.8,0.1,213.62,,0.0,52.32,,0.0,0.31,,0.0,213.62,52.32,0.31,366.0,24.0,24.5,14.79,15.25,12.0,57.9,12.5,10.0,14.5,14.6,166591.0,82.0,148342,4.9,6.57,14.55,,B,,,B,5.81
846226,9465241,,,,,2020-01-25,25.0,Container,71.8,,0.0,71.8,223.59,,0.0,223.59,54.3,16.5,1.0,169.09,,0.0,51.38,,0.0,3.11,,0.0,169.09,51.38,3.11,334.0,24.0,24.6,13.79,13.92,15.0,52.7,12.3,50.0,14.6,14.4,166040.0,82.0,148342,4.51,6.47,14.5,,A,,,A,5.81
846227,9465241,,,,,2020-01-26,26.0,Container,34.2,,4.2,38.4,106.5,,13.47,119.96,18.0,17.3,3.1,56.05,,0.0,50.45,,3.53,0.0,,9.94,56.05,53.97,9.94,185.0,20.4,34.7,3.54,3.58,3.33,13.9,4.77,23.33,14.6,14.4,166006.0,25.0,148342,4.37,6.41,14.5,,A,,,A,5.81
846228,9465241,,,,,2020-01-27,27.0,Container,29.8,,8.0,37.8,92.8,,25.65,118.45,21.6,13.2,3.0,67.26,,0.0,25.53,,16.03,0.0,,9.62,67.26,41.56,9.62,96.0,20.9,34.6,6.2,6.3,10.8,22.84,5.92,60.0,15.5,15.5,182780.4,139.6,148342,8.32,6.44,15.5,,E,,,E,5.81
846229,9465241,,,,,2020-01-28,28.0,Container,79.5,,0.0,79.5,247.56,,0.0,247.56,65.1,14.3,0.1,202.72,,0.0,44.53,,0.0,0.31,,0.0,202.72,44.53,0.31,353.0,23.0,23.5,15.26,15.35,15.0,58.8,13.3,150.0,15.5,15.5,182696.0,115.0,148342,4.73,6.36,15.5,,A,,,A,5.81
846230,9465241,,,,,2020-01-29,29.0,Container,121.1,,0.0,121.1,377.11,,0.0,377.11,99.8,21.1,0.2,310.78,,0.0,65.71,,0.0,0.62,,0.0,310.78,65.71,0.62,500.0,32.0,33.9,15.36,15.54,12.0,59.25,12.9,50.0,15.55,15.5,182608.5,124.5,148342,5.08,6.28,15.52,,B,,,B,5.81
846231,9465241,,,,,2020-01-30,30.0,Container,35.5,,0.0,35.5,110.55,,0.0,110.55,19.8,12.7,3.0,61.66,,0.0,39.55,,0.0,9.34,,0.0,61.66,39.55,9.34,120.0,14.3,38.7,0.0,0.0,10.0,0.0,0.0,20.0,15.6,15.5,182564.0,183.0,148342,6.21,6.28,15.55,,C,,,C,5.81
846232,9465241,,,,,2020-01-31,31.0,Container,64.4,,0.0,64.4,200.54,,0.0,200.54,51.0,13.4,0.0,158.81,,0.0,41.73,,0.0,0.0,,0.0,158.81,41.73,0.0,297.0,20.0,20.0,14.7,14.85,10.0,56.4,12.6,150.0,15.6,15.5,182510.0,143.0,148342,4.55,6.22,15.55,,A,,,A,5.81
846233,9465241,,,,,2020-02-01,32.0,Container,68.9,,0.0,68.9,214.55,,0.0,214.55,47.0,19.6,2.3,146.36,,0.0,61.03,,0.0,7.16,,0.0,146.36,61.03,7.16,303.0,29.4,41.8,2.86,2.89,4.0,10.96,2.5,16.0,15.84,15.7,86879.6,52.4,148342,4.77,6.17,15.77,,A,,,A,5.81
846234,9465241,,,,,2020-02-02,33.0,Container,27.1,,0.0,27.1,84.39,,0.0,84.39,14.9,9.5,2.7,46.4,,0.0,29.58,,0.0,8.41,,0.0,46.4,29.58,8.41,161.0,16.0,17.3,9.94,10.06,10.0,39.8,16.1,120.0,16.05,16.15,189763.0,165.0,148342,3.53,6.12,16.1,,A,,,A,5.81
846235,9465241,,,,,2020-02-03,34.0,Container,41.8,,0.0,41.8,130.17,,0.0,130.17,22.5,15.0,4.3,70.06,,0.0,46.71,,0.0,13.39,,0.0,70.06,46.71,13.39,244.0,24.0,25.3,10.12,10.17,10.0,39.6,14.8,10.0,16.05,16.15,189727.0,143.0,148342,3.6,6.05,16.1,,A,,,A,5.81
846236,9465241,,,,,2020-02-04,35.0,Container,58.4,,0.0,58.4,181.86,,0.0,181.86,43.0,15.3,0.1,133.9,,0.0,47.64,,0.0,0.31,,0.0,133.9,47.64,0.31,260.0,24.0,24.3,11.04,10.83,18.0,47.8,24.7,10.0,16.05,16.15,189675.0,154.0,148342,4.72,6.01,16.1,,A,,,A,5.81
846237,9465241,,,,,2020-02-05,36.0,Container,57.0,,0.2,57.2,177.5,,0.64,178.14,41.5,15.5,0.2,129.23,,0.0,48.27,,0.0,0.0,,0.64,129.23,48.27,0.64,261.0,23.5,23.8,11.49,11.11,20.0,48.6,24.1,10.0,16.05,16.15,189633.0,82.0,148342,4.6,5.98,16.1,,A,,,A,5.81
846238,9465241,,,,,2020-02-06,37.0,Container,59.0,,0.0,59.0,183.73,,0.0,183.73,43.2,15.6,0.2,134.52,,0.0,48.58,,0.0,0.62,,0.0,134.52,48.58,0.62,279.0,24.0,24.0,11.71,11.62,15.0,48.0,19.6,10.0,16.05,16.15,189589.0,81.0,148342,4.44,5.93,16.1,,A,,,A,5.81
846239,9465241,,,,,2020-02-07,38.0,Container,65.9,,0.0,65.9,205.21,,0.0,205.21,50.3,14.5,1.1,156.63,,0.0,45.15,,0.0,3.43,,0.0,156.63,45.15,3.43,285.0,23.0,23.4,12.13,12.39,15.0,49.9,15.5,20.0,16.05,16.15,189536.0,101.0,148342,4.85,5.9,16.1,,B,,,B,5.81
846240,9465241,,,,,2020-02-08,39.0,Container,117.7,,0.0,117.7,366.52,,0.0,366.52,103.3,14.3,0.1,321.68,,0.0,44.53,,0.0,0.31,,0.0,321.68,44.53,0.31,399.0,24.0,24.0,16.42,16.62,15.0,66.1,16.5,30.0,16.05,16.15,189449.0,101.0,148342,6.19,5.91,16.1,,C,,,C,5.81
846241,9465241,,,,,2020-02-09,40.0,Container,110.9,,0.0,110.9,345.34,,0.0,345.34,97.0,13.8,0.1,302.06,,0.0,42.97,,0.0,0.31,,0.0,302.06,42.97,0.31,383.0,23.0,23.0,16.39,16.65,20.0,65.8,15.9,30.0,16.1,16.05,189359.0,104.0,148342,6.08,5.92,16.08,,C,,,C,5.81
846242,9465241,,,,,2020-02-10,41.0,Container,115.4,,0.0,115.4,359.36,,0.0,359.36,100.2,15.1,0.1,312.02,,0.0,47.02,,0.0,0.31,,0.0,312.02,47.02,0.31,398.0,24.0,24.0,16.54,16.58,15.0,65.5,15.9,10.0,16.1,16.05,189238.0,106.0,148342,6.09,5.92,16.08,,C,,,C,5.81
846243,9465241,,,,,2020-02-11,42.0,Container,78.4,,0.0,78.4,244.14,,0.0,244.14,61.8,14.7,1.9,192.45,,0.0,45.78,,0.0,5.92,,0.0,192.45,45.78,5.92,234.0,23.1,31.0,5.23,5.28,6.67,22.1,6.87,10.0,16.1,16.05,189178.67,35.33,148342,7.03,5.95,16.08,,E,,,E,5.81
846244,9465241,,,,,2020-02-12,43.0,Container,17.0,,0.0,17.0,52.94,,0.0,52.94,1.1,12.4,3.5,3.43,,0.0,38.61,,0.0,10.9,,0.0,3.43,38.61,10.9,15.0,24.0,28.9,3.0,3.0,11.67,10.6,2.03,53.33,14.0,14.0,158861.33,187.33,148342,23.79,5.97,14.0,,E,,,E,5.81
846245,9465241,,,,,2020-02-13,44.0,Container,31.0,,0.0,31.0,96.53,,0.0,96.53,12.8,14.7,3.5,39.86,,0.0,45.78,,0.0,10.9,,0.0,39.86,45.78,10.9,186.0,24.0,24.4,7.08,7.75,16.0,28.7,10.2,90.0,14.0,14.0,158816.0,318.0,148342,3.5,5.93,14.0,,A,,,A,5.81
846246,9465241,,,,,2020-02-14,45.0,Container,24.9,,0.0,24.9,77.54,,0.0,77.54,7.3,14.2,3.4,22.73,,0.0,44.22,,0.0,10.59,,0.0,22.73,44.22,10.59,173.0,24.0,24.0,6.67,7.21,10.0,25.4,5.8,10.0,14.0,14.0,158778.0,330.0,148342,3.02,5.89,14.0,,A,,,A,5.81
846247,9465241,,,,,2020-02-15,46.0,Container,36.5,,0.0,36.5,113.66,,0.0,113.66,19.2,14.4,2.9,59.79,,0.0,44.84,,0.0,9.03,,0.0,59.79,44.84,9.03,194.0,24.0,24.4,8.0,8.08,12.0,32.5,17.5,10.0,14.0,14.0,158736.0,357.0,148342,3.95,5.86,14.0,,A,,,A,5.81
846248,9465241,,,,,2020-02-16,47.0,Container,33.5,,0.0,33.5,104.32,,0.0,104.32,16.0,14.4,3.1,49.82,,0.0,44.84,,0.0,9.65,,0.0,49.82,44.84,9.65,178.0,24.0,24.0,7.12,7.42,15.0,30.0,18.0,10.0,14.0,14.0,158694.0,348.0,148342,3.95,5.83,14.0,,A,,,A,5.81
846249,9465241,,,,,2020-02-17,48.0,Container,42.6,,0.0,42.6,132.66,,0.0,132.66,19.2,17.6,5.8,59.79,,0.0,54.81,,0.0,18.06,,0.0,59.79,54.81,18.06,214.0,29.5,37.3,4.41,4.47,7.33,17.9,11.3,23.33,14.13,14.13,158651.33,30.0,148342,4.18,5.8,14.13,,A,,,A,5.81
846251,9465241,,,,,2020-02-19,50.0,Container,54.2,,0.0,54.2,168.78,,0.0,168.78,36.7,15.0,2.5,114.28,,0.0,46.71,,0.0,7.78,,0.0,114.28,46.71,7.78,166.0,23.5,30.8,5.65,5.73,9.0,21.7,4.13,10.0,13.25,13.25,148969.0,202.0,148342,6.85,5.84,13.25,,D,,,D,5.81
846252,9465241,,,,,2020-02-20,51.0,Container,72.3,,0.0,72.3,225.14,,0.0,225.14,55.7,15.1,1.5,173.45,,0.0,47.02,,0.0,4.67,,0.0,173.45,47.02,4.67,258.0,23.0,29.7,5.49,5.56,4.0,20.8,3.8,6.67,13.25,13.25,148894.0,33.33,148342,5.88,5.84,13.25,,C,,,C,5.81
846253,9465241,,,,,2020-02-21,52.0,Container,21.9,,0.0,21.9,68.2,,0.0,68.2,2.7,14.0,5.2,8.41,,0.0,43.6,,0.0,16.19,,0.0,8.41,43.6,16.19,15.0,23.6,29.0,3.67,3.67,6.0,16.0,7.97,36.67,15.95,16.05,188501.33,157.67,148342,30.65,5.86,16.0,,E,,,E,5.81
846254,9465241,,,,,2020-02-22,53.0,Container,68.6,,0.0,68.6,213.62,,0.0,213.62,50.3,18.2,0.1,156.63,,0.0,56.67,,0.0,0.31,,0.0,156.63,56.67,0.31,329.0,24.0,24.0,13.33,13.71,10.0,51.9,12.4,120.0,15.95,16.05,188448.0,241.0,148342,4.38,5.83,16.0,,A,,,A,5.81
846255,9465241,,,,,2020-02-23,54.0,Container,69.5,,0.0,69.5,216.42,,0.0,216.42,51.3,18.1,0.1,159.75,,0.0,56.36,,0.0,0.31,,0.0,159.75,56.36,0.31,333.0,25.0,25.0,13.4,13.32,10.0,51.6,14.3,30.0,15.95,16.05,188392.0,241.0,148342,4.38,5.79,16.0,,A,,,A,5.81
846256,9465241,,,,,2020-02-24,55.0,Container,69.3,,0.0,69.3,215.8,,0.0,215.8,52.0,17.3,0.0,161.93,,0.0,53.87,,0.0,0.0,,0.0,161.93,53.87,0.0,328.0,24.0,24.0,13.62,13.67,10.0,53.1,14.5,10.0,15.95,16.05,188334.0,245.0,148342,4.44,5.76,16.0,,A,,,A,5.81
846257,9465241,,,,,2020-02-25,56.0,Container,72.0,,0.0,72.0,224.21,,0.0,224.21,53.6,18.3,0.1,166.91,,0.0,56.99,,0.0,0.31,,0.0,166.91,56.99,0.31,344.0,25.0,26.2,13.68,13.76,12.0,52.6,13.1,50.0,15.95,16.05,188277.0,250.0,148342,4.39,5.73,16.0,,A,,,A,5.81
846258,9465241,,,,,2020-02-26,57.0,Container,65.0,,0.0,65.0,202.41,,0.0,202.41,47.7,17.3,0.0,148.54,,0.0,53.87,,0.0,0.0,,0.0,148.54,53.87,0.0,322.0,24.0,24.0,13.25,13.42,12.0,51.1,12.9,10.0,15.95,16.05,188230.0,335.0,148342,4.24,5.7,16.0,,A,,,A,5.81
846259,9465241,,,,,2020-02-27,58.0,Container,74.4,,0.0,74.4,231.68,,0.0,231.68,56.0,18.3,0.1,174.38,,0.0,56.99,,0.0,0.31,,0.0,174.38,56.99,0.31,325.0,24.5,25.5,12.98,13.27,12.0,52.5,16.2,20.0,15.95,16.05,188172.0,349.0,148342,4.81,5.68,16.0,,A,,,A,5.81
846260,9465241,,,,,2020-02-28,59.0,Container,80.4,,0.0,80.4,250.37,,0.0,250.37,55.8,24.1,0.5,173.76,,0.0,75.05,,0.0,1.56,,0.0,173.76,75.05,1.56,360.0,30.6,37.3,7.81,7.82,8.33,31.27,11.27,10.0,16.45,16.25,194395.33,123.0,148342,4.69,5.65,16.35,,A,,,A,5.81
846261,9465241,,,,,2020-02-29,60.0,Container,20.47,,0.0,20.47,63.74,,0.0,63.74,7.37,10.6,2.5,22.95,,0.0,33.01,,0.0,7.78,,0.0,22.95,33.01,7.78,30.0,16.3,20.4,5.78,5.78,12.33,22.37,4.73,13.33,15.55,15.55,181453.67,187.0,148342,14.32,5.67,15.55,,E,,,E,5.81
846262,9465241,,,,,2020-03-01,61.0,Container,171.7,,0.0,171.7,534.67,,0.0,534.67,149.9,21.6,0.2,466.79,,0.0,67.26,,0.0,0.62,,0.0,466.79,67.26,0.62,556.0,33.7,36.6,15.79,16.33,24.0,64.85,16.4,25.0,15.55,15.55,181330.0,331.0,148342,6.48,5.7,15.55,,D,,,D,5.81
846263,9465241,,,,,2020-03-02,62.0,Container,28.7,,0.0,28.7,89.37,,0.0,89.37,12.4,13.6,2.7,38.61,,0.0,42.35,,0.0,8.41,,0.0,38.61,42.35,8.41,116.0,13.1,38.5,0.0,0.0,12.0,0.0,0.0,20.0,15.55,15.55,181277.0,297.0,148342,5.19,5.69,15.55,,B,,,B,5.81
846264,9465241,,,,,2020-03-03,63.0,Container,56.7,,0.0,56.7,176.56,,0.0,176.56,43.7,12.9,0.1,136.08,,0.0,40.17,,0.0,0.31,,0.0,136.08,40.17,0.31,261.0,19.0,20.6,13.58,13.74,12.0,53.4,14.6,30.0,15.55,15.55,181219.0,290.0,148342,4.56,5.68,15.55,,A,,,A,5.81
846265,9465241,,,,,2020-03-04,64.0,Container,89.6,,0.0,89.6,279.01,,0.0,279.01,72.2,17.3,0.1,224.83,,0.0,53.87,,0.0,0.31,,0.0,224.83,53.87,0.31,370.0,24.4,25.0,15.0,15.16,15.0,58.9,14.5,10.0,15.55,15.55,181140.0,295.0,148342,5.08,5.66,15.55,,B,,,B,5.81
846266,9465241,,,,,2020-03-05,65.0,Container,44.7,,41.0,85.7,139.2,,131.45,270.64,68.3,17.3,0.1,117.71,,97.78,21.49,,33.34,0.0,,0.32,215.49,54.83,0.32,329.0,23.2,34.1,5.4,5.46,6.25,21.22,7.05,15.0,15.5,15.5,181070.75,87.75,148342,5.55,5.66,15.5,,C,,,C,5.81
846267,9465241,,,,,2020-03-06,66.0,Container,15.7,,14.9,30.6,48.89,,47.77,96.66,15.8,13.5,1.3,42.35,,7.05,6.54,,36.55,0.0,,4.17,49.4,43.09,4.17,85.0,23.4,31.3,4.73,4.85,8.33,19.4,5.7,6.67,15.1,13.6,165312.67,179.67,148342,7.67,5.67,14.35,,E,,,E,5.81
846268,9465241,,,,,2020-03-07,67.0,Container,108.9,,0.1,109.0,339.11,,0.32,339.44,95.4,13.5,0.1,297.08,,0.0,42.04,,0.0,0.0,,0.32,297.08,42.04,0.32,351.0,23.3,24.0,14.81,15.06,30.0,62.8,20.4,30.0,15.1,13.6,165173.0,278.0,148342,6.52,5.69,14.35,,D,,,D,5.81
846269,9465241,,,,,2020-03-08,68.0,Container,82.1,,0.5,82.6,255.66,,1.6,257.26,62.3,19.8,0.5,194.0,,0.0,61.66,,0.0,0.0,,1.6,194.0,61.66,1.6,349.0,29.4,37.9,7.57,7.71,8.0,31.63,12.47,23.33,15.1,13.6,165101.67,183.33,148342,4.97,5.67,14.35,,B,,,B,5.81
846270,9465241,,,,,2020-03-09,69.0,Container,1.3,,7.0,8.3,4.05,,22.44,26.49,0.4,5.8,2.1,1.25,,0.0,2.8,,15.71,0.0,,6.73,1.25,18.51,6.73,10.0,16.4,21.2,0.0,0.0,5.0,0.0,0.0,10.0,13.1,12.3,141194.5,49.0,148342,17.86,5.68,12.7,,E,,,E,5.81
846271,9465241,,,,,2020-03-10,70.0,Container,137.4,,0.0,137.4,427.86,,0.0,427.86,123.9,13.4,0.1,385.82,,0.0,41.73,,0.0,0.31,,0.0,385.82,41.73,0.31,422.0,24.0,24.3,17.46,17.58,12.0,69.7,16.3,10.0,13.1,12.3,141081.0,272.0,148342,6.83,5.71,12.7,,D,,,D,5.81
846272,9465241,,,,,2020-03-11,71.0,Container,160.4,,0.0,160.4,499.49,,0.0,499.49,146.6,13.7,0.1,456.51,,0.0,42.66,,0.0,0.31,,0.0,456.51,42.66,0.31,458.0,25.0,25.0,18.16,18.32,20.0,72.9,16.5,30.0,13.1,12.3,140925.0,2.0,148342,7.35,5.75,12.7,,E,,,E,5.81
846273,9465241,,,,,2020-03-12,72.0,Container,101.7,,0.0,101.7,316.69,,0.0,316.69,86.9,14.8,0.0,270.61,,0.0,46.09,,0.0,0.0,,0.0,270.61,46.09,0.0,369.0,24.0,24.3,15.29,15.38,20.0,61.9,17.5,30.0,13.1,12.3,140812.0,351.0,148342,5.79,5.75,12.7,,C,,,C,5.81
846274,9465241,,,,,2020-03-13,73.0,Container,92.6,,0.2,92.8,288.36,,0.64,289.0,76.5,15.7,0.6,238.22,,0.0,48.89,,0.0,1.25,,0.64,238.22,48.89,1.89,309.0,24.0,24.0,12.79,12.88,20.0,56.2,24.0,30.0,13.3,12.0,140740.0,61.0,148342,6.3,5.76,12.65,,D,,,D,5.81
846275,9465241,,,,,2020-03-14,74.0,Container,99.1,,0.0,99.1,308.6,,0.0,308.6,83.2,14.6,1.3,259.08,,0.0,45.46,,0.0,4.05,,0.0,259.08,45.46,4.05,356.0,21.2,33.1,8.15,8.2,7.5,30.25,8.1,60.0,13.3,12.0,140649.5,179.0,148342,5.84,5.76,12.65,,C,,,C,5.81
846276,9465241,,,,,2020-03-15,75.0,Container,22.7,,0.0,22.7,70.69,,0.0,70.69,3.9,14.6,4.2,12.14,,0.0,45.46,,0.0,13.08,,0.0,12.14,45.46,13.08,40.0,9.1,40.1,0.0,0.0,1.33,0.0,0.0,3.33,12.57,11.47,130964.67,36.33,148342,11.91,5.77,12.02,,E,,,E,5.81
846277,9465241,,,,,2020-03-16,76.0,Container,24.3,,0.0,24.3,75.67,,0.0,75.67,12.0,10.5,1.8,37.37,,0.0,32.7,,0.0,5.61,,0.0,37.37,32.7,5.61,131.0,10.3,28.2,3.49,3.54,5.0,14.0,5.37,6.67,12.2,11.2,126103.67,25.67,148342,3.89,5.76,11.7,,A,,,A,5.81
846278,9465241,,,,,2020-03-17,77.0,Container,22.8,,0.0,22.8,71.0,,0.0,71.0,9.2,11.4,2.2,28.65,,0.0,35.5,,0.0,6.85,,0.0,28.65,35.5,6.85,116.0,19.9,26.9,2.82,2.88,6.25,9.93,0.88,80.0,11.95,9.8,114617.33,12.25,148342,4.13,5.75,8.16,,A,,,A,5.81
846279,9465241,,,,,2020-03-18,78.0,Container,37.2,,0.0,37.2,115.84,,0.0,115.84,21.0,13.45,2.75,65.39,,0.0,41.88,,0.0,8.56,,0.0,65.39,41.88,8.56,329.0,23.0,35.4,2.95,2.99,5.0,10.93,3.0,16.67,12.15,10.0,114583.0,40.0,148342,2.37,5.7,11.07,,A,,,A,5.81
846280,9465241,,,,,2020-03-19,79.0,Container,35.06,,0.0,35.06,109.18,,0.0,109.18,16.4,15.06,3.6,51.07,,0.0,46.9,,0.0,11.21,,0.0,51.07,46.9,11.21,148.0,7.6,40.5,0.0,0.0,6.0,0.0,0.0,20.0,11.72,10.87,118280.33,90.0,148342,4.97,5.69,11.29,,B,,,B,5.81
846281,9465241,,,,,2020-03-20,80.0,Container,44.9,,0.0,44.9,139.82,,0.0,139.82,29.0,13.1,2.8,90.31,,0.0,40.79,,0.0,8.72,,0.0,90.31,40.79,8.72,284.0,24.0,28.3,7.61,7.8,10.0,28.6,6.27,90.0,11.5,11.3,120069.0,135.0,148342,3.32,5.66,11.4,,A,,,A,5.81
846283,9465241,,,,,2020-03-22,82.0,Container,36.5,,0.0,36.5,113.66,,0.0,113.66,21.4,11.9,3.2,66.64,,0.0,37.06,,0.0,9.96,,0.0,66.64,37.06,9.96,190.0,17.1,39.7,0.0,0.0,0.0,0.0,0.0,0.0,11.3,10.3,111081.0,0.0,148342,4.03,5.65,7.2,,A,,,A,5.81
846285,9465241,,,,,2020-03-24,84.0,Container,34.7,,0.0,34.7,108.06,,0.0,108.06,25.9,7.7,1.1,80.65,,0.0,23.98,,0.0,3.43,,0.0,80.65,23.98,3.43,197.0,12.5,23.6,3.12,3.44,9.5,12.3,1.78,32.5,13.8,13.18,151924.0,15.25,148342,3.7,5.66,13.49,,A,,,A,5.81
846287,9465241,,,,,2020-03-26,86.0,Container,32.5,,0.0,32.5,101.2,,0.0,101.2,8.8,19.0,4.7,27.4,,0.0,59.17,,0.0,14.64,,0.0,27.4,59.17,14.64,72.0,18.3,43.4,0.0,0.0,2.4,0.0,0.0,7.5,14.7,14.3,164396.0,51.4,148342,9.48,5.69,11.6,,E,,,E,5.81
846288,9465241,,,,,2020-03-27,87.0,Container,88.9,,0.0,88.9,276.83,,0.0,276.83,80.0,8.9,0.0,249.12,,0.0,27.71,,0.0,0.0,,0.0,249.12,27.71,0.0,268.0,15.3,15.6,17.39,17.52,15.0,69.8,16.6,50.0,15.6,15.6,180259.0,255.0,148342,6.96,5.71,15.6,,E,,,E,5.81
846289,9465241,,,,,2020-03-28,88.0,Container,145.37,,0.0,145.37,452.68,,0.0,452.68,129.77,15.4,0.2,404.1,,0.0,47.96,,0.0,0.62,,0.0,404.1,47.96,0.62,446.0,24.0,25.1,18.33,18.58,20.0,72.0,14.8,90.0,15.6,15.6,180128.0,209.0,148342,6.84,5.73,15.6,,D,,,D,5.81
846290,9465241,,,,,2020-03-29,89.0,Container,131.5,,0.0,131.5,409.49,,0.0,409.49,116.4,15.0,0.1,362.47,,0.0,46.71,,0.0,0.31,,0.0,362.47,46.71,0.31,425.0,24.0,25.5,17.58,17.71,12.0,69.5,15.4,20.0,15.6,15.6,179993.0,165.0,148342,6.5,5.74,15.6,,D,,,D,5.81
846291,9465241,,,,,2020-03-30,90.0,Container,118.2,,0.0,118.2,368.07,,0.0,368.07,103.1,15.0,0.1,321.05,,0.0,46.71,,0.0,0.31,,0.0,321.05,46.71,0.31,417.0,24.0,24.0,17.17,17.38,10.0,66.9,13.8,30.0,15.6,15.6,179891.0,80.0,148342,5.95,5.75,15.6,,C,,,C,5.81
846292,9465241,,,,,2020-03-31,91.0,Container,117.9,,0.0,117.9,367.14,,0.0,367.14,103.3,14.6,0.0,321.68,,0.0,45.46,,0.0,0.0,,0.0,321.68,45.46,0.0,402.0,23.0,24.9,17.3,17.48,15.0,67.6,14.1,30.0,15.6,15.6,179797.0,81.0,148342,6.16,5.75,15.6,,C,,,C,5.81
846293,9465241,,,,,2020-04-01,92.0,Container,131.3,,0.0,131.3,408.87,,0.0,408.87,112.2,19.0,0.1,349.39,,0.0,59.17,,0.0,0.31,,0.0,349.39,59.17,0.31,475.0,29.3,29.3,16.01,16.07,18.5,63.75,16.3,45.0,15.6,15.5,179677.5,79.5,148342,5.8,5.75,15.55,,C,,,C,5.81
846294,9465241,,,,,2020-04-02,93.0,Container,18.3,,16.94,35.24,56.99,,54.31,111.3,10.3,21.3,3.64,32.07,,0.0,24.29,,43.28,0.62,,11.03,32.07,67.57,11.65,83.0,24.5,38.7,2.22,2.22,8.5,9.82,4.13,10.0,15.67,15.6,182415.33,109.0,148342,9.04,5.77,15.63,,E,,,E,5.81
846295,9465241,,,,,2020-04-03,94.0,Container,40.3,,0.0,40.3,125.49,,0.0,125.49,30.2,10.0,0.1,94.04,,0.0,31.14,,0.0,0.31,,0.0,94.04,31.14,0.31,175.0,13.3,13.5,12.86,13.16,15.0,53.3,18.0,10.0,15.7,15.7,183746.0,114.0,148342,4.83,5.76,15.7,,B,,,B,5.81
846296,9465241,,,,,2020-04-04,95.0,Container,107.0,,0.0,107.0,333.2,,0.0,333.2,88.9,18.0,0.1,276.83,,0.0,56.05,,0.0,0.31,,0.0,276.83,56.05,0.31,320.0,24.0,24.4,13.42,13.33,35.0,60.7,27.0,10.0,15.7,15.7,183651.0,114.0,148342,7.02,5.78,15.7,,E,,,E,5.81
846297,9465241,,,,,2020-04-05,96.0,Container,106.1,,0.0,106.1,330.4,,0.0,330.4,79.8,25.0,1.3,248.5,,0.0,77.85,,0.0,4.05,,0.0,248.5,77.85,4.05,425.0,32.3,35.2,11.6,12.12,11.5,47.2,14.1,90.0,15.7,15.7,183562.0,121.5,148342,5.24,5.77,15.7,,B,,,B,5.81
846298,9465241,,,,,2020-04-06,97.0,Container,33.8,,0.0,33.8,105.25,,0.0,105.25,15.9,15.4,2.5,49.51,,0.0,47.96,,0.0,7.78,,0.0,49.51,47.96,7.78,230.0,13.7,39.8,0.0,0.0,12.0,0.0,0.0,20.0,15.7,15.7,183514.0,186.0,148342,3.08,5.74,15.7,,A,,,A,5.81
846299,9465241,,,,,2020-04-07,98.0,Container,88.8,,0.0,88.8,276.52,,0.0,276.52,74.7,14.1,0.0,232.62,,0.0,43.91,,0.0,0.0,,0.0,232.62,43.91,0.0,323.0,19.0,19.4,16.84,17.0,10.0,65.1,13.4,20.0,15.7,15.7,183416.0,140.0,148342,5.77,5.74,15.7,,C,,,C,5.81
846300,9465241,,,,,2020-04-08,99.0,Container,74.1,,0.0,74.1,230.75,,0.0,230.75,49.6,22.7,1.8,154.45,,0.0,70.69,,0.0,5.61,,0.0,154.45,70.69,5.61,295.0,29.1,53.8,3.07,3.11,4.4,11.68,2.34,20.0,15.86,15.86,185603.2,53.4,148342,5.27,5.74,15.86,,B,,,B,5.81
846301,9465241,,,,,2020-04-09,100.0,Container,67.9,,0.0,67.9,211.44,,0.0,211.44,57.2,10.5,0.2,178.12,,0.0,32.7,,0.0,0.62,,0.0,178.12,32.7,0.62,276.0,17.5,18.6,15.66,15.77,12.0,60.8,13.9,10.0,16.1,16.1,188938.0,164.0,148342,5.16,5.73,16.1,,B,,,B,5.81
846302,9465241,,,,,2020-04-10,101.0,Container,122.3,,0.0,122.3,380.84,,0.0,380.84,107.9,14.4,0.0,336.0,,0.0,44.84,,0.0,0.0,,0.0,336.0,44.84,0.0,391.0,24.0,24.7,16.46,16.29,30.0,66.7,18.9,10.0,16.1,16.1,188833.0,154.0,148342,6.57,5.74,16.1,,D,,,D,5.81
846303,9465241,,,,,2020-04-11,102.0,Container,124.5,,0.0,124.5,387.69,,0.0,387.69,110.8,13.6,0.1,345.03,,0.0,42.35,,0.0,0.31,,0.0,345.03,42.35,0.31,385.0,23.0,23.0,16.52,16.74,12.0,69.1,19.6,10.0,16.1,16.1,188720.0,81.0,148342,6.79,5.76,16.1,,D,,,D,5.81
846304,9465241,,,,,2020-04-12,103.0,Container,115.9,,0.0,115.9,360.91,,0.0,360.91,102.1,13.7,0.1,317.94,,0.0,42.66,,0.0,0.31,,0.0,317.94,42.66,0.31,400.0,24.0,24.0,16.54,16.67,15.0,66.1,16.3,20.0,16.1,16.1,188609.0,99.0,148342,6.08,5.76,16.1,,C,,,C,5.81
846305,9465241,,,,,2020-04-13,104.0,Container,112.0,,0.0,112.0,348.77,,0.0,348.77,98.1,13.8,0.1,305.48,,0.0,42.97,,0.0,0.31,,0.0,305.48,42.97,0.31,396.0,24.0,24.0,16.21,16.5,15.0,65.7,16.6,10.0,16.1,16.1,188507.0,103.0,148342,5.94,5.77,16.1,,C,,,C,5.81
846306,9465241,,,,,2020-04-14,105.0,Container,111.5,,0.0,111.5,347.21,,0.0,347.21,98.4,13.0,0.1,306.42,,0.0,40.48,,0.0,0.31,,0.0,306.42,40.48,0.31,391.0,23.0,23.0,16.61,17.0,12.0,66.9,15.6,10.0,16.1,16.1,188400.0,103.0,148342,5.99,5.77,16.1,,C,,,C,5.81
846307,9465241,,,,,2020-04-15,106.0,Container,64.2,,0.0,64.2,199.92,,0.0,199.92,49.0,15.2,0.0,152.59,,0.0,47.33,,0.0,0.0,,0.0,152.59,47.33,0.0,320.0,23.5,23.5,13.28,13.62,12.0,52.7,14.2,20.0,16.1,16.1,188345.0,103.0,148342,4.21,5.75,16.1,,A,,,A,5.81
846308,9465241,,,,,2020-04-16,107.0,Container,79.0,,0.0,79.0,246.01,,0.0,246.01,54.7,22.7,1.6,170.34,,0.0,70.69,,0.0,4.98,,0.0,170.34,70.69,4.98,377.0,27.1,44.5,4.35,4.43,3.33,17.4,5.17,10.0,16.1,15.8,188278.67,39.67,148342,4.4,5.73,15.95,,A,,,A,5.81
846310,9465241,,,,,2020-04-18,109.0,Container,40.1,,0.0,40.1,124.87,,0.0,124.87,23.7,14.2,2.2,73.8,,0.0,44.22,,0.0,6.85,,0.0,73.8,44.22,6.85,126.0,23.4,31.4,5.14,5.33,7.33,20.5,4.57,13.33,15.4,15.2,177447.0,187.33,148342,6.68,5.74,15.3,,D,,,D,5.81
846311,9465241,,,,,2020-04-19,110.0,Container,73.6,,0.0,73.6,229.19,,0.0,229.19,58.7,14.9,0.0,182.79,,0.0,46.4,,0.0,0.0,,0.0,182.79,46.4,0.0,351.0,24.0,24.0,14.38,14.62,12.0,55.5,12.5,30.0,15.4,15.2,177366.0,330.0,148342,4.4,5.73,15.3,,A,,,A,5.81
846312,9465241,,,,,2020-04-20,111.0,Container,107.9,,0.0,107.9,336.0,,0.0,336.0,84.3,22.9,0.7,262.51,,0.0,71.31,,0.0,2.18,,0.0,262.51,71.31,2.18,522.0,34.3,43.7,9.38,9.63,7.33,37.5,9.83,20.0,15.4,15.2,177313.67,121.67,148342,4.34,5.7,15.3,,A,,,A,5.81
846314,9465241,,,,,2020-04-22,113.0,Container,22.05,,0.0,22.05,68.66,,0.0,68.66,5.2,13.05,3.8,16.19,,0.0,40.64,,0.0,11.83,,0.0,16.19,40.64,11.83,46.0,2.2,32.8,0.0,0.0,4.0,0.0,0.0,6.67,14.2,14.13,160211.33,92.67,148342,10.06,5.71,14.17,,E,,,E,5.81
846315,9465241,,,,,2020-04-23,114.0,Container,128.2,,0.0,128.2,399.21,,0.0,399.21,113.2,14.8,0.2,352.5,,0.0,46.09,,0.0,0.62,,0.0,352.5,46.09,0.62,414.0,21.7,27.7,9.58,9.7,6.0,36.55,5.95,10.0,13.5,13.4,151546.5,25.0,148342,6.5,5.73,13.45,,D,,,D,5.81
846316,9465241,,,,,2020-04-24,115.0,Container,21.1,,0.0,21.1,65.71,,0.0,65.71,0.5,17.1,3.5,1.56,,0.0,53.25,,0.0,10.9,,0.0,1.56,53.25,10.9,8.0,24.2,29.3,0.0,0.0,3.33,0.0,0.0,16.67,15.5,15.47,180595.67,63.0,148342,55.37,5.74,15.48,,E,,,E,5.81
846317,9465241,,,,,2020-04-25,116.0,Container,77.1,,0.0,77.1,240.09,,0.0,240.09,57.7,19.4,0.0,179.68,,0.0,60.41,,0.0,0.0,,0.0,179.68,60.41,0.0,310.0,22.5,45.4,13.56,13.78,15.0,55.8,18.0,30.0,16.5,16.5,195038.0,245.0,148342,5.22,5.73,16.5,,B,,,B,5.81
846318,9465241,,,,,2020-04-26,117.0,Container,88.9,,0.0,88.9,276.83,,0.0,276.83,68.1,20.7,0.1,212.06,,0.0,64.46,,0.0,0.31,,0.0,212.06,64.46,0.31,341.0,24.0,48.7,14.04,14.21,15.0,58.3,19.1,10.0,16.5,16.5,194955.0,245.0,148342,5.47,5.73,16.5,,C,,,C,5.81
846319,9465241,,,,,2020-04-27,118.0,Container,91.2,,0.0,91.2,284.0,,0.0,284.0,69.7,21.5,0.0,217.05,,0.0,66.95,,0.0,0.0,,0.0,217.05,66.95,0.0,359.0,25.0,50.2,14.08,14.36,15.0,58.2,18.1,10.0,16.5,16.5,194874.0,248.0,148342,5.33,5.73,16.5,,B,,,B,5.81
846320,9465241,,,,,2020-04-28,119.0,Container,78.3,,0.0,78.3,243.83,,0.0,243.83,57.6,20.5,0.2,179.37,,0.0,63.84,,0.0,0.62,,0.0,179.37,63.84,0.62,340.0,24.0,48.0,13.92,14.17,10.0,55.5,15.2,20.0,16.5,16.5,194816.0,248.0,148342,4.83,5.72,16.5,,B,,,B,5.81
846321,9465241,,,,,2020-04-29,120.0,Container,73.9,,0.0,73.9,230.12,,0.0,230.12,52.4,21.5,0.0,163.17,,0.0,66.95,,0.0,0.0,,0.0,163.17,66.95,0.0,345.0,25.0,50.7,13.56,13.8,15.0,53.2,13.8,120.0,16.5,16.5,194752.0,334.0,148342,4.5,5.7,16.5,,A,,,A,5.81
846322,9465241,,,,,2020-04-30,121.0,Container,73.6,,0.0,73.6,229.19,,0.0,229.19,52.9,20.5,0.2,164.73,,0.0,63.84,,0.0,0.62,,0.0,164.73,63.84,0.62,330.0,24.0,48.0,13.5,13.75,12.0,53.1,14.0,10.0,16.5,16.5,194689.0,345.0,148342,4.68,5.69,16.5,,A,,,A,5.81
846323,9465241,,,,,2020-05-01,122.0,Container,74.4,,0.0,74.4,231.68,,0.0,231.68,49.5,24.4,0.5,154.14,,0.0,75.98,,0.0,1.56,,0.0,154.14,75.98,1.56,336.0,27.7,58.9,8.12,8.16,10.0,32.0,10.13,16.67,16.5,16.4,194619.0,24.67,148342,4.65,5.68,16.45,,A,,,A,5.81
846324,9465241,,,,,2020-05-02,123.0,Container,24.7,,0.0,24.7,76.92,,0.0,76.92,10.0,5.0,9.7,31.14,,0.0,15.57,,0.0,30.21,,0.0,31.14,15.57,30.21,55.0,19.1,24.2,5.48,5.6,9.0,20.47,3.07,10.0,15.0,15.0,173397.67,186.33,148342,9.43,5.69,15.0,,E,,,E,5.81
846325,9465241,,,,,2020-05-03,124.0,Container,132.6,,0.0,132.6,412.92,,0.0,412.92,110.6,21.9,0.1,344.41,,0.0,68.2,,0.0,0.31,,0.0,344.41,68.2,0.31,536.0,34.0,35.3,15.18,15.38,24.5,59.45,14.15,15.0,15.0,15.0,173261.0,340.5,148342,5.19,5.68,15.0,,B,,,B,5.81
846326,9465241,,,,,2020-05-04,125.0,Container,27.9,,0.0,27.9,86.88,,0.0,86.88,11.9,13.3,2.7,37.06,,0.0,41.42,,0.0,8.41,,0.0,37.06,41.42,8.41,236.0,13.1,35.2,0.0,0.0,15.0,0.0,0.0,50.0,15.0,15.0,173207.0,296.0,148342,2.48,5.66,15.0,,A,,,A,5.81
846327,9465241,,,,,2020-05-05,126.0,Container,80.9,,0.0,80.9,251.92,,0.0,251.92,69.7,11.2,0.0,217.05,,0.0,34.88,,0.0,0.0,,0.0,217.05,34.88,0.0,298.0,18.5,18.7,15.73,16.11,25.0,63.1,15.3,30.0,15.0,15.0,173120.0,294.0,148342,5.7,5.66,15.0,,C,,,C,5.81
846328,9465241,,,,,2020-05-06,127.0,Container,104.0,,0.0,104.0,323.86,,0.0,323.86,89.1,14.8,0.1,277.46,,0.0,46.09,,0.0,0.31,,0.0,277.46,46.09,0.31,390.0,24.0,24.6,15.96,16.25,15.0,63.6,15.2,10.0,15.0,15.0,173120.0,296.0,148342,5.6,5.66,15.0,,C,,,C,5.81
846329,9465241,,,,,2020-05-07,128.0,Container,72.7,,0.0,72.7,226.39,,0.0,226.39,52.3,18.6,1.8,162.86,,0.0,57.92,,0.0,5.61,,0.0,162.86,57.92,5.61,303.0,25.0,34.7,4.48,4.85,3.33,16.38,2.57,53.33,15.0,15.0,173082.83,8.5,148342,5.04,5.65,15.0,,B,,,B,5.81
846330,9465241,,,,,2020-05-08,129.0,Container,8.2,,10.9,19.1,25.53,,34.95,60.48,6.2,10.5,2.4,19.31,,0.0,5.92,,27.57,0.31,,7.37,19.31,33.49,7.69,39.0,20.5,26.8,5.21,5.21,8.0,20.93,5.8,16.67,12.5,12.0,134353.33,172.67,148342,10.45,5.66,12.25,,E,,,E,5.81
846331,9465241,,,,,2020-05-09,130.0,Container,87.0,,0.0,87.0,270.92,,0.0,270.92,72.2,14.7,0.1,224.83,,0.0,45.78,,0.0,0.31,,0.0,224.83,45.78,0.31,360.0,24.0,24.0,15.21,15.0,15.0,58.6,15.1,20.0,12.5,12.0,134271.0,260.0,148342,5.07,5.65,12.25,,B,,,B,5.81
846332,9465241,,,,,2020-05-10,131.0,Container,99.2,,0.0,99.2,308.91,,0.0,308.91,84.4,14.7,0.1,262.82,,0.0,45.78,,0.0,0.31,,0.0,262.82,45.78,0.31,374.0,25.0,25.0,14.92,14.96,25.0,60.6,18.0,10.0,12.5,12.0,134193.0,254.0,148342,5.57,5.65,12.25,,C,,,C,5.81
846333,9465241,,,,,2020-05-11,132.0,Container,179.5,,0.0,179.5,558.96,,0.0,558.96,160.1,19.0,0.4,498.55,,0.0,59.17,,0.0,1.25,,0.0,498.55,59.17,1.25,556.0,34.2,41.0,11.19,11.31,13.33,46.5,12.9,26.67,12.43,12.2,134054.0,106.33,148342,6.78,5.67,12.32,,D,,,D,5.81
846334,9465241,,,,,2020-05-12,133.0,Container,10.3,,5.1,15.4,32.07,,16.35,48.42,6.4,7.2,1.8,19.93,,0.0,12.14,,10.58,0.0,,5.77,19.93,22.72,5.77,68.0,12.3,17.2,3.57,3.63,10.0,13.63,3.93,26.67,12.0,11.1,124250.67,173.67,148342,4.8,5.67,11.55,,A,,,A,5.81
846335,9465241,,,,,2020-05-13,134.0,Container,66.8,,1.3,68.1,208.02,,4.17,212.18,52.5,14.3,1.3,163.48,,0.0,44.53,,0.0,0.0,,4.17,163.48,44.53,4.17,323.0,24.0,24.0,13.54,13.46,25.0,52.5,14.9,50.0,12.0,11.1,124159.0,33.0,148342,4.43,5.65,11.55,,A,,,A,5.81
846336,9465241,,,,,2020-05-14,135.0,Container,100.1,,0.5,100.6,311.71,,1.6,313.31,85.4,14.6,0.6,265.94,,0.0,45.46,,0.0,0.31,,1.6,265.94,45.46,1.91,337.0,24.0,24.6,13.79,14.04,30.0,58.6,20.5,10.0,12.0,11.1,124050.0,28.0,148342,6.27,5.66,11.55,,D,,,D,5.81
846337,9465241,,,,,2020-05-15,136.0,Container,101.5,,0.0,101.5,316.07,,0.0,316.07,80.0,17.6,3.9,249.12,,0.0,54.81,,0.0,12.14,,0.0,249.12,54.81,12.14,436.0,31.1,40.2,8.17,8.14,8.33,32.93,11.97,46.67,12.0,11.17,123964.33,15.0,148342,4.89,5.65,11.58,,B,,,B,5.81
846339,9465241,,,,,2020-05-17,138.0,Container,31.3,,0.0,31.3,97.47,,0.0,97.47,11.2,15.9,4.2,34.88,,0.0,49.51,,0.0,13.08,,0.0,34.88,49.51,13.08,119.0,29.3,38.2,4.4,4.49,7.6,16.32,3.44,21.0,11.9,11.38,125076.4,61.0,148342,5.52,5.66,11.64,,C,,,C,5.81
846340,9465241,,,,,2020-05-18,139.0,Container,29.14,,0.0,29.14,90.74,,0.0,90.74,6.4,18.34,4.4,19.93,,0.0,57.11,,0.0,13.7,,0.0,19.93,57.11,13.7,80.0,21.2,39.9,0.0,0.0,2.4,0.0,0.0,5.0,11.6,10.5,117053.75,55.8,148342,7.65,5.66,8.84,,E,,,E,5.81
846341,9465241,,,,,2020-05-19,140.0,Container,13.9,,0.0,13.9,43.28,,0.0,43.28,5.0,7.2,1.7,15.57,,0.0,22.42,,0.0,5.29,,0.0,15.57,22.42,5.29,43.0,11.7,15.3,3.57,3.69,5.0,14.97,6.03,10.0,11.3,9.2,106641.67,59.33,148342,6.79,5.66,10.25,,D,,,D,5.81
846343,9465241,,,,,2020-05-21,142.0,Container,39.1,,0.0,39.1,121.76,,0.0,121.76,19.3,15.4,4.4,60.1,,0.0,47.96,,0.0,13.7,,0.0,60.1,47.96,13.7,180.0,6.3,40.7,0.0,0.0,0.0,0.0,0.0,0.0,11.2,9.3,106565.0,0.0,148342,4.56,5.67,10.25,,A,,,A,5.81
846345,9465241,,,,,2020-05-23,144.0,Container,58.0,,0.0,58.0,180.61,,0.0,180.61,29.8,22.7,5.5,92.8,,0.0,70.69,,0.0,17.13,,0.0,92.8,70.69,17.13,188.0,10.4,48.5,3.33,3.33,8.25,13.95,5.18,37.5,12.9,12.38,138529.25,22.75,148342,6.48,5.68,12.64,,D,,,D,5.81
846346,9465241,,,,,2020-05-24,145.0,Container,13.0,,0.0,13.0,40.48,,0.0,40.48,2.2,8.9,1.9,6.85,,0.0,27.71,,0.0,5.92,,0.0,6.85,27.71,5.92,48.0,11.5,19.7,0.0,0.0,0.0,0.0,0.0,0.0,13.0,13.0,143498.0,0.0,148342,5.69,5.68,8.67,,C,,,C,5.81
846347,9465241,,,,,2020-05-25,146.0,Container,43.0,,0.0,43.0,133.9,,0.0,133.9,20.1,19.7,3.2,62.59,,0.0,61.35,,0.0,9.96,,0.0,62.59,61.35,9.96,92.0,23.5,39.1,5.17,5.33,12.33,20.8,4.93,13.33,15.6,15.6,182065.33,166.67,148342,9.81,5.69,15.6,,E,,,E,5.81
846348,9465241,,,,,2020-05-26,147.0,Container,72.4,,0.0,72.4,225.45,,0.0,225.45,48.5,23.8,0.1,151.03,,0.0,74.11,,0.0,0.31,,0.0,151.03,74.11,0.31,301.0,24.0,48.0,12.67,12.54,10.0,49.9,16.6,50.0,15.6,15.6,181984.0,234.0,148342,5.05,5.68,15.6,,B,,,B,5.81
846349,9465241,,,,,2020-05-27,148.0,Container,68.1,,0.0,68.1,212.06,,0.0,212.06,47.9,18.2,2.0,149.16,,0.0,56.67,,0.0,6.23,,0.0,149.16,56.67,6.23,313.0,24.0,48.0,13.12,13.04,18.0,51.4,15.8,90.0,15.6,15.6,181931.0,204.0,148342,4.57,5.67,15.6,,A,,,A,5.81
846350,9465241,,,,,2020-05-28,149.0,Container,70.8,,0.0,70.8,220.47,,0.0,220.47,49.9,20.8,0.1,155.39,,0.0,64.77,,0.0,0.31,,0.0,155.39,64.77,0.31,326.0,24.0,48.0,13.38,13.58,15.0,52.8,14.5,10.0,15.6,15.6,181865.0,180.0,148342,4.56,5.66,15.6,,A,,,A,5.81
846351,9465241,,,,,2020-05-29,150.0,Container,74.2,,0.0,74.2,231.06,,0.0,231.06,52.6,21.5,0.1,163.8,,0.0,66.95,,0.0,0.31,,0.0,163.8,66.95,0.31,330.0,24.0,48.0,13.5,13.75,15.0,53.3,14.3,20.0,15.6,15.6,181865.0,103.0,148342,4.72,5.66,15.6,,A,,,A,5.81
846352,9465241,,,,,2020-05-30,151.0,Container,163.3,,0.0,163.3,508.52,,0.0,508.52,143.8,19.5,0.0,447.79,,0.0,60.72,,0.0,0.0,,0.0,447.79,60.72,0.0,451.0,24.0,49.6,18.5,18.79,15.0,74.9,16.7,10.0,15.6,15.6,181716.0,82.0,148342,7.6,5.68,15.6,,E,,,E,5.81
846353,9465241,,,,,2020-05-31,152.0,Container,161.7,,0.0,161.7,503.53,,0.0,503.53,142.5,19.1,0.1,443.74,,0.0,59.48,,0.0,0.31,,0.0,443.74,59.48,0.31,462.0,24.0,49.6,18.88,19.25,12.0,74.8,14.5,30.0,15.6,15.6,181559.0,118.0,148342,7.35,5.7,15.6,,E,,,E,5.81
846354,9465241,,,,,2020-06-01,153.0,Container,146.8,,0.0,146.8,457.14,,0.0,457.14,127.2,19.6,0.0,396.1,,0.0,61.03,,0.0,0.0,,0.0,396.1,61.03,0.0,444.0,24.0,48.0,18.12,18.5,12.0,71.8,14.4,30.0,15.6,15.6,181415.0,106.0,148342,6.94,5.71,15.6,,E,,,E,5.81
846355,9465241,,,,,2020-06-02,154.0,Container,212.2,,0.0,212.2,660.79,,0.0,660.79,185.7,26.4,0.1,578.27,,0.0,82.21,,0.0,0.31,,0.0,578.27,82.21,0.31,627.0,33.2,67.6,18.74,18.79,9.5,73.15,14.7,10.0,15.65,15.5,181232.0,115.5,148342,7.1,5.73,15.58,,E,,,E,5.81
846356,9465241,,,,,2020-06-03,155.0,Container,36.5,,0.0,36.5,113.66,,0.0,113.66,17.2,16.8,2.5,53.56,,0.0,52.32,,0.0,7.78,,0.0,53.56,52.32,7.78,250.0,13.7,37.1,0.0,0.0,12.0,0.0,0.0,20.0,15.7,15.4,181164.0,183.0,148342,3.06,5.72,15.55,,A,,,A,5.81
846357,9465241,,,,,2020-06-04,156.0,Container,132.9,,0.0,132.9,413.85,,0.0,413.85,115.7,17.2,0.0,360.29,,0.0,53.56,,0.0,0.0,,0.0,360.29,53.56,0.0,369.0,19.5,39.0,18.67,18.92,10.0,74.8,16.0,150.0,15.7,15.4,181029.0,139.0,148342,7.56,5.73,15.55,,E,,,E,5.81
846358,9465241,,,,,2020-06-05,157.0,Container,69.2,,0.0,69.2,215.49,,0.0,215.49,48.2,19.3,1.7,150.09,,0.0,60.1,,0.0,5.29,,0.0,150.09,60.1,5.29,239.0,22.6,50.8,5.61,5.83,4.0,21.3,3.07,6.67,15.7,15.4,180967.33,8.33,148342,6.08,5.73,15.55,,C,,,C,5.81
846362,9465241,,,,,2020-06-09,161.0,Container,54.5,,0.0,54.5,169.71,,0.0,169.71,38.7,13.4,2.4,120.51,,0.0,41.73,,0.0,7.47,,0.0,120.51,41.73,7.47,166.0,23.9,28.5,5.02,5.18,8.33,20.17,4.9,23.33,12.5,12.5,137606.33,133.0,148342,6.89,5.77,12.5,,D,,,D,5.81
846363,9465241,,,,,2020-06-10,162.0,Container,165.5,,0.0,165.5,515.37,,0.0,515.37,152.0,13.5,0.0,473.33,,0.0,42.04,,0.0,0.0,,0.0,473.33,42.04,0.0,490.0,24.0,24.0,20.04,20.42,15.0,75.5,10.2,30.0,12.5,12.5,137425.0,144.0,148342,7.09,5.78,12.5,,E,,,E,5.81
846364,9465241,,,,,2020-06-11,163.0,Container,168.5,,0.0,168.5,524.71,,0.0,524.71,155.5,12.8,0.2,484.23,,0.0,39.86,,0.0,0.62,,0.0,484.23,39.86,0.62,485.0,23.0,23.0,20.74,21.09,12.0,78.4,10.7,50.0,12.5,12.5,137267.0,87.0,148342,7.29,5.8,12.5,,E,,,E,5.81
846365,9465241,,,,,2020-06-12,164.0,Container,169.5,,0.0,169.5,527.82,,0.0,527.82,156.3,13.0,0.2,486.72,,0.0,40.48,,0.0,0.62,,0.0,486.72,40.48,0.62,464.0,23.0,23.2,19.78,20.17,20.0,76.8,12.8,150.0,12.5,12.5,137108.0,98.0,148342,7.67,5.82,12.5,,E,,,E,5.81
846366,9465241,,,,,2020-06-13,165.0,Container,154.8,,0.0,154.8,482.05,,0.0,482.05,141.3,13.4,0.1,440.01,,0.0,41.73,,0.0,0.31,,0.0,440.01,41.73,0.31,480.0,23.5,23.5,19.91,20.43,15.0,74.9,9.5,90.0,12.5,12.5,136949.0,98.0,148342,6.77,5.83,12.5,,D,,,D,5.81
846367,9465241,,,,,2020-06-14,166.0,Container,154.4,,0.0,154.4,480.8,,0.0,480.8,141.0,13.2,0.2,439.07,,0.0,41.1,,0.0,0.62,,0.0,439.07,41.1,0.62,484.0,24.0,24.4,19.79,20.17,15.0,74.8,10.4,150.0,12.5,12.5,136791.0,101.0,148342,6.7,5.84,12.5,,D,,,D,5.81
846368,9465241,,,,,2020-06-15,167.0,Container,96.0,,0.0,96.0,298.94,,0.0,298.94,79.8,14.7,1.5,248.5,,0.0,45.78,,0.0,4.67,,0.0,248.5,45.78,4.67,347.0,22.8,29.6,6.22,6.25,3.33,22.77,2.93,50.0,12.6,12.4,136691.67,33.33,148342,5.81,5.84,12.5,,C,,,C,5.81
846370,9465241,,,,,2020-06-17,169.0,Container,64.0,,0.0,64.0,199.3,,0.0,199.3,41.8,19.2,3.0,130.17,,0.0,59.79,,0.0,9.34,,0.0,130.17,59.79,9.34,140.0,22.3,33.0,5.98,6.35,15.0,24.33,4.43,10.0,13.93,13.53,155229.33,98.67,148342,9.6,5.86,13.73,,E,,,E,5.81
846371,9465241,,,,,2020-06-18,170.0,Container,138.9,,0.0,138.9,432.53,,0.0,432.53,121.3,17.4,0.2,377.73,,0.0,54.18,,0.0,0.62,,0.0,377.73,54.18,0.62,404.0,23.2,26.6,17.16,17.41,22.0,69.8,17.2,30.0,13.6,13.6,152532.0,333.0,148342,7.22,5.87,13.6,,E,,,E,5.81
846372,9465241,,,,,2020-06-19,171.0,Container,154.1,,0.0,154.1,479.87,,0.0,479.87,135.4,18.2,0.5,421.64,,0.0,56.67,,0.0,1.56,,0.0,421.64,56.67,1.56,444.0,23.0,29.7,9.44,9.61,10.0,37.7,7.65,40.0,13.7,13.3,152372.5,7.5,148342,7.29,5.89,13.5,,E,,,E,5.81
846374,9465241,,,,,2020-06-21,173.0,Container,164.8,,0.0,164.8,513.19,,0.0,513.19,146.2,18.0,0.6,455.27,,0.0,56.05,,0.0,1.87,,0.0,455.27,56.05,1.87,433.0,21.9,28.4,12.95,13.16,23.33,52.07,10.7,36.67,14.8,14.5,168519.33,237.0,148342,7.99,5.92,14.65,,E,,,E,5.81
846375,9465241,,,,,2020-06-22,174.0,Container,14.1,,0.0,14.1,43.91,,0.0,43.91,1.2,10.6,2.3,3.74,,0.0,33.01,,0.0,7.16,,0.0,3.74,33.01,7.16,24.0,12.8,17.5,0.0,0.0,0.0,0.0,0.0,0.0,14.8,14.5,168430.0,0.0,148342,12.33,5.92,14.65,,E,,,E,5.81
846376,9465241,,,,,2020-06-23,175.0,Container,82.8,,0.0,82.8,257.84,,0.0,257.84,60.1,20.2,2.5,187.15,,0.0,62.9,,0.0,7.78,,0.0,187.15,62.9,7.78,200.0,10.9,41.7,6.41,6.45,9.33,24.47,4.17,20.0,15.9,15.9,186840.0,172.67,148342,8.69,5.94,15.9,,E,,,E,5.81
846377,9465241,,,,,2020-06-24,176.0,Container,197.3,,0.0,197.3,614.39,,0.0,614.39,176.0,21.3,0.0,548.06,,0.0,66.33,,0.0,0.0,,0.0,548.06,66.33,0.0,489.0,25.5,51.0,19.14,19.18,32.0,77.6,18.0,20.0,15.9,15.9,186600.0,246.0,148342,8.47,5.96,15.9,,E,,,E,5.81
846378,9465241,,,,,2020-06-25,177.0,Container,135.4,,0.0,135.4,421.64,,0.0,421.64,111.8,21.9,1.7,348.15,,0.0,68.2,,0.0,5.29,,0.0,348.15,68.2,5.29,317.0,19.2,51.4,4.55,4.57,8.75,0.0,0.0,3.75,16.05,16.05,188760.0,117.25,148342,8.97,5.98,16.05,,E,,,E,5.81
846379,9465241,,,,,2020-06-26,178.0,Container,137.1,,0.0,137.1,426.93,,0.0,426.93,117.9,19.1,0.1,367.14,,0.0,59.48,,0.0,0.31,,0.0,367.14,59.48,0.31,383.0,23.0,46.0,16.74,16.65,32.0,69.6,20.6,10.0,16.2,16.2,190940.0,249.0,148342,7.51,5.99,16.2,,E,,,E,5.81
846380,9465241,,,,,2020-06-27,179.0,Container,159.2,,0.0,159.2,495.75,,0.0,495.75,138.6,20.6,0.0,431.6,,0.0,64.15,,0.0,0.0,,0.0,431.6,64.15,0.0,432.0,25.0,50.0,17.32,17.28,30.0,72.5,20.8,10.0,16.2,16.2,190810.0,334.0,148342,7.74,6.01,16.2,,E,,,E,5.81
846381,9465241,,,,,2020-06-28,180.0,Container,203.1,,0.0,203.1,632.45,,0.0,632.45,176.0,26.7,0.4,548.06,,0.0,83.14,,0.0,1.25,,0.0,548.06,83.14,1.25,564.0,32.0,65.7,17.5,17.58,22.0,71.25,18.05,23.0,16.2,16.2,190645.0,187.5,148342,7.56,6.03,16.2,,E,,,E,5.81
846382,9465241,,,,,2020-06-29,181.0,Container,24.0,,0.0,24.0,74.74,,0.0,74.74,5.5,15.0,3.5,17.13,,0.0,46.71,,0.0,10.9,,0.0,17.13,46.71,10.9,80.0,7.9,36.5,0.0,0.0,5.0,0.0,0.0,17.5,15.95,15.8,186721.0,50.75,148342,6.3,6.03,15.88,,D,,,D,5.81
846383,9465241,,,,,2020-06-30,182.0,Container,202.5,,0.0,202.5,630.58,,0.0,630.58,181.2,21.2,0.1,564.26,,0.0,66.02,,0.0,0.31,,0.0,564.26,66.02,0.31,564.0,30.1,48.5,18.63,18.65,30.0,73.7,15.85,7.5,15.7,15.55,182725.0,337.0,148342,7.54,6.05,15.62,,E,,,E,5.81
846384,9465241,,,,,2020-07-01,183.0,Container,31.1,,0.0,31.1,96.85,,0.0,96.85,13.4,14.3,3.4,41.73,,0.0,44.53,,0.0,10.59,,0.0,41.73,44.53,10.59,232.0,13.4,39.1,0.0,0.0,18.0,0.0,0.0,40.0,15.7,15.7,182690.0,302.0,148342,2.81,6.03,15.7,,A,,,A,5.81
846385,9465241,,,,,2020-07-02,184.0,Container,118.9,,0.0,118.9,370.25,,0.0,370.25,108.4,10.5,0.0,337.56,,0.0,32.7,,0.0,0.0,,0.0,337.56,32.7,0.0,347.0,18.2,18.6,19.01,19.07,21.0,74.3,14.8,10.0,15.7,15.7,182575.0,293.0,148342,7.19,6.04,15.7,,E,,,E,5.81
846386,9465241,,,,,2020-07-03,185.0,Container,206.0,,0.3,206.3,641.48,,0.96,642.45,184.2,21.7,0.4,573.6,,0.0,67.57,,0.0,0.31,,0.96,573.6,67.57,1.27,664.5,34.0,40.9,11.12,11.24,10.0,42.42,15.6,17.0,15.7,15.7,182377.8,142.6,148342,6.52,6.05,15.7,,D,,,D,5.81
846388,9465241,,,,,2020-07-05,187.0,Container,5.7,,14.28,19.98,17.75,,45.78,63.53,3.5,12.4,4.08,10.9,,0.0,6.85,,32.7,0.0,,13.08,10.9,39.55,13.08,21.0,1.9,33.8,4.33,4.33,19.0,17.33,5.67,16.67,12.9,12.8,142524.67,170.67,148342,20.39,6.06,12.85,,E,,,E,5.81
846389,9465241,,,,,2020-07-06,188.0,Container,114.6,,0.4,115.0,356.86,,1.28,358.15,102.9,11.7,0.4,320.43,,0.0,36.43,,0.0,0.0,,1.28,320.43,36.43,1.28,359.0,22.0,24.5,16.27,16.32,39.0,63.8,15.0,10.0,12.9,12.8,142520.0,264.0,148342,6.73,6.06,12.85,,D,,,D,5.81
846390,9465241,,,,,2020-07-07,189.0,Container,114.6,,0.1,114.7,356.86,,0.32,357.18,102.5,12.1,0.1,319.18,,0.0,37.68,,0.0,0.0,,0.32,319.18,37.68,0.32,428.0,25.0,25.0,17.08,17.12,10.0,65.4,13.1,15.0,12.9,12.8,142300.0,256.0,148342,5.63,6.06,12.85,,C,,,C,5.81
846391,9465241,,,,,2020-07-08,190.0,Container,138.0,,0.1,138.1,429.73,,0.32,430.05,123.8,14.2,0.1,385.51,,0.0,44.22,,0.0,0.0,,0.32,385.51,44.22,0.32,496.0,29.7,31.6,11.04,11.02,15.67,44.1,11.33,23.33,12.9,12.9,142171.67,97.67,148342,5.84,6.05,12.9,,C,,,C,5.81
846392,9465241,,,,,2020-07-09,191.0,Container,22.2,,4.4,26.6,69.13,,14.11,83.24,5.4,16.8,4.4,16.82,,0.0,52.32,,0.0,0.0,,14.11,16.82,52.32,14.11,84.0,4.3,46.3,0.0,0.0,4.6,0.0,0.0,10.0,12.7,12.05,135533.0,53.2,148342,6.68,6.06,9.9,,D,,,D,5.81
846393,9465241,,,,,2020-07-10,192.0,Container,85.6,,0.0,85.6,266.56,,0.0,266.56,76.7,8.9,0.0,238.84,,0.0,27.71,,0.0,0.0,,0.0,238.84,27.71,0.0,232.0,13.0,26.0,17.77,17.85,45.0,72.4,18.2,1.0,12.5,11.2,128876.0,1.0,148342,7.75,6.06,11.85,,E,,,E,5.81
846394,9465241,,,,,2020-07-11,193.0,Container,146.5,,0.0,146.5,456.2,,0.0,456.2,130.3,16.1,0.1,405.75,,0.0,50.14,,0.0,0.31,,0.0,405.75,50.14,0.31,407.0,23.0,47.1,17.7,17.7,32.0,71.1,17.4,30.0,12.5,11.2,128735.0,28.0,148342,7.56,6.08,11.85,,E,,,E,5.81
846395,9465241,,,,,2020-07-12,194.0,Container,167.9,,0.0,167.9,522.84,,0.0,522.84,144.5,22.9,0.5,449.97,,0.0,71.31,,0.0,1.56,,0.0,449.97,71.31,1.56,538.0,29.6,62.6,11.69,11.61,9.67,46.13,10.93,6.67,12.6,11.3,128578.33,43.67,148342,6.55,6.08,11.95,,D,,,D,5.81
846396,9465241,,,,,2020-07-13,195.0,Container,44.1,,0.0,44.1,137.33,,0.0,137.33,27.5,13.1,3.5,85.64,,0.0,40.79,,0.0,10.9,,0.0,85.64,40.79,10.9,152.0,9.4,34.5,4.99,5.23,11.67,22.25,7.33,8.0,11.46,10.86,115991.8,127.67,148342,6.09,6.08,9.3,,C,,,C,5.81
846397,9465241,,,,,2020-07-14,196.0,Container,25.6,,0.0,25.6,79.72,,0.0,79.72,6.5,13.6,5.5,20.24,,0.0,42.35,,0.0,17.13,,0.0,20.24,42.35,17.13,58.0,3.6,36.3,0.0,0.0,8.33,0.0,0.0,6.67,11.5,10.57,115582.33,22.0,148342,9.27,6.08,11.03,,E,,,E,5.81
846398,9465241,,,,,2020-07-15,197.0,Container,65.1,,0.0,65.1,202.72,,0.0,202.72,54.3,10.5,0.3,169.09,,0.0,32.7,,0.0,0.93,,0.0,169.09,32.7,0.93,273.0,19.4,23.1,14.34,14.47,12.0,54.85,12.45,10.0,11.5,10.55,115350.0,97.0,148342,5.01,6.08,11.02,,B,,,B,5.81
846399,9465241,,,,,2020-07-16,198.0,Container,27.3,,0.0,27.3,85.01,,0.0,85.01,15.3,9.2,2.8,47.64,,0.0,28.65,,0.0,8.72,,0.0,47.64,28.65,8.72,168.0,8.2,28.5,0.0,0.0,0.0,0.0,0.0,0.0,11.6,10.7,115320.0,0.0,148342,3.41,6.07,7.43,,A,,,A,5.81
846400,9465241,,,,,2020-07-17,199.0,Container,36.5,,0.0,36.5,113.66,,0.0,113.66,20.2,12.1,4.2,62.9,,0.0,37.68,,0.0,13.08,,0.0,62.9,37.68,13.08,178.0,7.2,34.8,0.0,0.0,11.0,0.0,0.0,5.0,11.8,11.8,124747.5,132.0,148342,4.3,6.06,11.8,,A,,,A,5.81
846401,9465241,,,,,2020-07-18,200.0,Container,109.2,,0.5,109.7,340.05,,1.6,341.65,96.6,12.2,0.9,300.81,,0.0,36.43,,1.6,2.8,,0.0,300.81,38.04,2.8,428.0,20.5,35.9,4.32,4.36,4.5,17.15,4.1,6.67,11.5,11.2,124650.0,47.5,148342,5.38,6.06,8.51,,B,,,B,5.81
846402,9465241,,,,,2020-07-19,201.0,Container,46.1,,0.0,46.1,143.56,,0.0,143.56,25.1,16.5,4.5,78.16,,0.0,51.38,,0.0,14.01,,0.0,78.16,51.38,14.01,184.0,7.8,46.6,3.0,3.0,8.0,10.08,0.24,4.0,12.06,11.76,128995.4,8.2,148342,5.26,6.06,11.91,,B,,,B,5.81
846403,9465241,,,,,2020-07-20,202.0,Container,20.0,,0.2,20.2,62.28,,0.64,62.92,4.7,12.0,3.5,14.64,,0.0,36.75,,0.64,10.9,,0.0,14.64,37.39,10.9,66.0,4.7,33.1,0.0,0.0,0.0,0.0,0.0,0.0,12.5,11.7,130072.5,0.0,148342,6.43,6.06,12.1,,D,,,D,5.81
846405,9465241,,,,,2020-07-22,204.0,Container,57.7,,0.0,57.7,179.68,,0.0,179.68,41.7,13.4,2.6,129.85,,0.0,41.73,,0.0,8.1,,0.0,129.85,41.73,8.1,190.0,11.2,28.9,5.59,5.66,9.33,21.97,4.8,13.33,14.2,14.2,161628.0,167.33,148342,6.38,6.06,14.2,,D,,,D,5.81
846406,9465241,,,,,2020-07-23,205.0,Container,93.5,,0.2,93.7,291.16,,0.64,291.8,79.1,14.4,0.2,246.32,,0.0,44.84,,0.0,0.0,,0.64,246.32,44.84,0.64,388.0,24.0,24.0,16.08,16.17,17.0,60.3,11.0,30.0,14.2,14.2,161510.0,209.0,148342,5.07,6.05,14.2,,B,,,B,5.81
846407,9465241,,,,,2020-07-24,206.0,Container,86.4,,0.1,86.5,269.05,,0.32,269.37,73.6,12.8,0.1,229.19,,0.0,39.86,,0.0,0.0,,0.32,229.19,39.86,0.32,378.0,24.0,24.0,15.75,15.75,4.0,59.9,15.7,140.0,14.2,14.2,161410.0,180.0,148342,4.8,6.05,14.2,,A,,,A,5.81
846408,9465241,,,,,2020-07-25,207.0,Container,87.9,,0.0,87.9,273.72,,0.0,273.72,74.6,13.3,0.0,232.3,,0.0,41.42,,0.0,0.0,,0.0,232.3,41.42,0.0,384.0,24.0,24.0,16.04,16.0,22.0,60.4,12.1,20.0,14.2,14.2,161310.0,109.0,148342,4.81,6.04,14.2,,A,,,A,5.81
846409,9465241,,,,,2020-07-26,208.0,Container,123.0,,0.2,123.2,383.02,,0.64,383.66,110.6,12.4,0.2,344.41,,0.0,38.61,,0.0,0.0,,0.64,344.41,38.61,0.64,422.0,24.0,27.3,17.5,17.58,32.0,68.1,14.2,1.0,14.2,14.2,161180.0,80.0,148342,6.13,6.04,14.2,,C,,,C,5.81
846410,9465241,,,,,2020-07-27,209.0,Container,127.4,,0.0,127.4,396.72,,0.0,396.72,115.4,12.0,0.0,359.36,,0.0,37.37,,0.0,0.0,,0.0,359.36,37.37,0.0,431.0,24.0,24.0,17.92,17.96,31.0,69.6,14.3,20.0,14.2,14.2,161180.0,80.0,148342,6.21,6.04,14.2,,C,,,C,5.81
846411,9465241,,,,,2020-07-28,210.0,Container,77.0,,3.2,80.2,239.78,,10.26,250.04,65.5,13.4,1.3,203.97,,0.0,35.81,,6.09,0.0,,4.17,203.97,41.9,4.17,287.0,17.9,35.78,5.36,5.38,5.0,21.4,5.97,6.67,14.1,13.4,160980.0,22.67,148342,5.87,6.04,13.75,,C,,,C,5.81
846412,9465241,,,,,2020-07-29,211.0,Container,9.9,,13.5,23.4,30.83,,43.28,74.11,7.7,11.3,4.4,23.98,,0.0,6.85,,29.17,0.0,,14.11,23.98,36.03,14.11,68.0,2.7,33.8,4.0,4.0,10.8,13.34,0.08,34.0,14.9,14.76,172329.6,126.4,148342,7.35,6.04,14.83,,E,,,E,5.81
846413,9465241,,,,,2020-07-30,212.0,Container,43.4,,0.0,43.4,135.15,,0.0,135.15,32.6,10.8,0.0,101.52,,0.0,33.63,,0.0,0.0,,0.0,101.52,33.63,0.0,248.0,20.6,22.8,11.99,12.04,9.0,46.8,14.5,60.0,15.1,15.1,175110.0,117.0,148342,3.67,6.03,15.1,,A,,,A,5.81
846414,9465241,,,,,2020-07-31,213.0,Container,48.5,,0.0,48.5,151.03,,0.0,151.03,35.7,12.8,0.0,111.17,,0.0,39.86,,0.0,0.0,,0.0,111.17,39.86,0.0,279.0,24.0,31.9,11.67,11.62,7.0,45.8,15.7,10.0,15.1,15.1,175050.0,111.0,148342,3.65,6.02,15.1,,A,,,A,5.81
846415,9465241,,,,,2020-08-01,214.0,Container,68.9,,0.0,68.9,214.55,,0.0,214.55,52.0,16.3,0.6,161.93,,0.0,50.76,,0.0,1.87,,0.0,161.93,50.76,1.87,378.0,31.0,35.5,11.92,11.92,7.5,45.55,13.0,75.0,15.1,15.1,174980.0,124.5,148342,3.83,6.0,15.1,,A,,,A,5.81
846416,9465241,,,,,2020-08-02,215.0,Container,32.7,,0.0,32.7,101.83,,0.0,101.83,17.1,12.3,3.3,53.25,,0.0,38.3,,0.0,10.28,,0.0,53.25,38.3,10.28,264.0,14.9,46.1,0.0,0.0,12.0,0.0,0.0,5.0,15.1,15.1,174920.0,211.0,148342,2.6,5.99,15.1,,A,,,A,5.81
846417,9465241,,,,,2020-08-03,216.0,Container,60.0,,0.0,60.0,186.84,,0.0,186.84,49.4,10.6,0.0,153.83,,0.0,33.01,,0.0,0.0,,0.0,153.83,33.01,0.0,293.0,20.0,32.8,14.65,14.65,8.0,55.4,12.3,20.0,15.1,15.0,174850.0,141.0,148342,4.3,5.98,15.05,,A,,,A,5.81
846418,9465241,,,,,2020-08-04,217.0,Container,65.3,,0.0,65.3,203.34,,0.0,203.34,51.4,13.4,0.5,160.06,,0.0,41.73,,0.0,1.56,,0.0,160.06,41.73,1.56,338.0,23.3,36.6,7.21,7.21,5.0,27.7,6.75,7.5,15.1,15.0,174790.0,60.5,148342,4.06,5.97,15.05,,A,,,A,5.81
846419,9465241,,,,,2020-08-05,218.0,Container,19.97,,0.0,19.97,62.19,,0.0,62.19,2.2,12.97,4.8,6.85,,0.0,40.39,,0.0,14.95,,0.0,6.85,40.39,14.95,22.0,1.8,35.9,0.0,0.0,5.0,0.0,0.0,3.33,15.7,15.67,183836.0,68.67,148342,19.06,5.97,15.68,,E,,,E,5.81
846420,9465241,,,,,2020-08-06,219.0,Container,93.6,,0.0,93.6,291.47,,0.0,291.47,83.4,10.2,0.0,259.71,,0.0,31.76,,0.0,0.0,,0.0,259.71,31.76,0.0,357.0,22.0,27.8,16.18,16.23,21.0,62.7,14.1,15.0,16.0,16.0,188255.0,100.0,148342,5.5,5.97,16.0,,C,,,C,5.81
846421,9465241,,,,,2020-08-07,220.0,Container,99.0,,0.0,99.0,308.29,,0.0,308.29,88.1,10.8,0.1,274.34,,0.0,33.63,,0.0,0.31,,0.0,274.34,33.63,0.31,413.0,24.0,24.7,17.12,17.21,15.0,64.4,11.2,140.0,16.0,16.0,188155.0,115.0,148342,5.03,5.96,16.0,,B,,,B,5.81
846422,9465241,,,,,2020-08-08,221.0,Container,74.7,,0.0,74.7,232.62,,0.0,232.62,63.7,10.8,0.2,198.36,,0.0,33.63,,0.0,0.62,,0.0,198.36,33.63,0.62,366.0,23.0,24.1,15.87,15.91,18.0,57.8,8.7,5.0,16.0,16.0,188065.0,88.0,148342,4.28,5.95,16.0,,A,,,A,5.81
846423,9465241,,,,,2020-08-09,222.0,Container,88.5,,0.0,88.5,275.59,,0.0,275.59,76.8,11.7,0.0,239.16,,0.0,36.43,,0.0,0.0,,0.0,239.16,36.43,0.0,334.0,24.0,26.6,13.83,13.92,28.0,58.0,20.3,110.0,16.0,16.0,187965.0,96.0,148342,5.56,5.95,16.0,,C,,,C,5.81
846424,9465241,,,,,2020-08-10,223.0,Container,86.4,,0.0,86.4,269.05,,0.0,269.05,74.9,11.3,0.2,233.24,,0.0,35.19,,0.0,0.62,,0.0,233.24,35.19,0.62,333.0,23.0,23.0,14.39,14.48,24.0,58.5,17.8,90.0,16.0,16.0,187865.0,98.0,148342,5.45,5.95,16.0,,B,,,B,5.81
846425,9465241,,,,,2020-08-11,224.0,Container,90.3,,0.0,90.3,281.19,,0.0,281.19,78.6,11.6,0.1,244.76,,0.0,36.12,,0.0,0.31,,0.0,244.76,36.12,0.31,368.0,24.0,24.1,15.21,15.33,11.0,60.3,15.6,90.0,16.0,16.0,187765.0,100.0,148342,5.15,5.94,16.0,,B,,,B,5.81
846426,9465241,,,,,2020-08-12,225.0,Container,67.2,,0.0,67.2,209.26,,0.0,209.26,55.2,11.0,1.0,171.89,,0.0,34.25,,0.0,3.11,,0.0,171.89,34.25,3.11,319.0,23.5,23.9,13.45,13.57,2.0,52.5,14.2,30.0,16.0,16.0,187700.0,100.0,148342,4.42,5.94,16.0,,A,,,A,5.81
846427,9465241,,,,,2020-08-13,226.0,Container,69.8,,0.0,69.8,217.36,,0.0,217.36,49.6,18.3,1.9,154.45,,0.0,56.99,,0.0,5.92,,0.0,154.45,56.99,5.92,395.0,33.7,39.1,8.19,8.2,2.67,30.8,7.67,50.0,16.0,16.0,187616.67,68.67,148342,3.71,5.92,16.0,,A,,,A,5.81
846429,9465241,,,,,2020-08-15,228.0,Container,19.5,,0.0,19.5,60.72,,0.0,60.72,1.7,13.4,4.4,5.29,,0.0,41.73,,0.0,13.7,,0.0,5.29,41.73,13.7,30.0,4.8,37.2,0.0,0.0,0.0,0.0,0.0,0.0,16.0,15.9,187570.0,0.0,148342,13.64,5.93,15.95,,E,,,E,5.81
846431,9465241,,,,,2020-08-17,230.0,Container,55.7,,2.4,58.1,173.45,,7.69,181.14,44.7,11.0,2.4,139.2,,0.0,34.25,,0.0,0.0,,7.69,139.2,34.25,7.69,168.0,9.9,30.8,5.79,5.87,10.33,23.57,5.73,8.33,12.9,12.5,140847.33,186.33,148342,7.27,5.94,12.7,,E,,,E,5.81
846432,9465241,,,,,2020-08-18,231.0,Container,136.9,,0.0,136.9,426.31,,0.0,426.31,126.5,10.4,0.0,393.92,,0.0,32.39,,0.0,0.0,,0.0,393.92,32.39,0.0,426.0,24.0,24.2,17.71,17.75,27.0,71.4,17.5,40.0,12.9,12.5,140660.0,355.0,148342,6.75,5.94,12.7,,D,,,D,5.81
846433,9465241,,,,,2020-08-19,232.0,Container,115.6,,0.6,116.2,359.98,,1.92,361.9,103.8,11.8,0.6,323.23,,0.0,36.75,,0.0,0.0,,1.92,323.23,36.75,1.92,414.0,23.5,33.2,8.58,8.6,5.0,35.35,9.6,15.0,13.0,12.6,140550.0,5.0,148342,5.89,5.94,12.8,,C,,,C,5.81
846434,9465241,,,,,2020-08-20,233.0,Container,14.2,,2.94,17.14,44.22,,9.43,53.64,4.2,10.0,2.94,13.08,,0.0,31.14,,0.0,0.0,,9.43,13.08,31.14,9.43,48.0,2.5,32.5,0.0,0.0,10.5,0.0,0.0,5.0,12.9,12.7,139773.5,135.0,148342,7.53,5.94,12.8,,E,,,E,5.81
846435,9465241,,,,,2020-08-21,234.0,Container,124.6,,0.7,125.3,388.0,,2.24,390.25,113.6,11.0,0.7,353.75,,0.0,34.25,,0.0,0.0,,2.24,353.75,34.25,2.24,429.0,23.5,33.1,8.88,8.93,7.0,35.4,8.15,10.0,12.9,12.7,139770.0,38.5,148342,6.13,5.94,12.8,,C,,,C,5.81
846437,9465241,,,,,2020-08-23,236.0,Container,33.5,,2.3,35.8,104.32,,7.37,111.69,21.6,11.9,2.3,67.26,,0.0,37.06,,0.0,0.0,,7.37,67.26,37.06,7.37,96.0,6.4,33.2,5.7,5.63,15.67,21.43,5.63,6.67,15.7,15.7,183360.33,171.67,148342,7.84,5.95,15.7,,E,,,E,5.81
846438,9465241,,,,,2020-08-24,237.0,Container,130.7,,0.0,130.7,407.0,,0.0,407.0,119.4,11.3,0.0,371.81,,0.0,35.19,,0.0,0.0,,0.0,371.81,35.19,0.0,405.0,25.0,25.0,16.16,16.2,36.0,68.2,20.6,10.0,15.7,15.7,183210.0,246.0,148342,6.77,5.96,15.7,,D,,,D,5.81
846439,9465241,,,,,2020-08-25,238.0,Container,178.9,,0.43,179.33,557.09,,1.38,558.47,162.3,16.6,0.43,505.4,,0.0,51.69,,0.0,0.0,,1.38,505.4,51.69,1.38,497.0,31.8,40.4,10.22,10.26,16.33,45.17,16.3,10.33,15.7,15.7,183040.0,177.33,148342,7.57,5.97,15.7,,E,,,E,5.81
846440,9465241,,,,,2020-08-26,239.0,Container,72.78,,0.0,72.78,226.64,,0.0,226.64,64.0,8.0,0.78,199.3,,0.0,24.91,,0.0,2.43,,0.0,199.3,24.91,2.43,199.0,11.2,20.5,6.17,6.17,14.0,24.87,6.17,3.67,16.0,16.0,187208.0,149.33,148342,7.68,5.97,16.0,,E,,,E,5.81
846441,9465241,,,,,2020-08-27,240.0,Container,159.7,,0.0,159.7,497.31,,0.0,497.31,148.6,11.1,0.0,462.74,,0.0,34.57,,0.0,0.0,,0.0,462.74,34.57,0.0,448.0,24.0,24.0,18.58,18.67,25.0,74.9,17.3,10.0,16.0,16.0,187000.0,274.0,148342,7.48,5.98,16.0,,E,,,E,5.81
846442,9465241,,,,,2020-08-28,241.0,Container,175.6,,0.0,175.6,546.82,,0.0,546.82,161.0,14.6,0.0,501.35,,0.0,45.46,,0.0,0.0,,0.0,501.35,45.46,0.0,470.0,25.0,27.2,18.8,18.8,38.0,74.5,16.3,10.0,16.0,16.0,186820.0,347.0,148342,7.84,6.0,16.0,,E,,,E,5.81
846443,9465241,,,,,2020-08-29,242.0,Container,128.8,,0.0,128.8,401.08,,0.0,401.08,108.6,17.8,2.4,338.18,,0.0,55.43,,0.0,7.47,,0.0,338.18,55.43,7.47,357.0,18.1,41.8,3.87,3.85,7.6,15.54,3.56,10.0,15.96,15.96,186458.0,65.2,148342,7.57,6.01,15.96,,E,,,E,5.81
846444,9465241,,,,,2020-08-30,243.0,Container,213.8,,0.0,213.8,665.77,,0.0,665.77,199.3,14.5,0.0,620.62,,0.0,45.15,,0.0,0.0,,0.0,620.62,45.15,0.0,552.0,28.0,29.5,19.52,19.63,25.0,77.65,16.05,40.0,15.9,15.9,185920.0,328.5,148342,8.13,6.02,15.9,,E,,,E,5.81
846445,9465241,,,,,2020-08-31,244.0,Container,32.9,,0.0,32.9,102.45,,0.0,102.45,18.6,13.1,1.2,57.92,,0.0,40.79,,0.0,3.74,,0.0,57.92,40.79,3.74,224.0,12.6,40.6,0.0,0.0,15.0,0.0,0.0,30.0,15.9,15.9,185850.0,340.0,148342,3.08,6.01,15.9,,A,,,A,5.81
846446,9465241,,,,,2020-09-01,245.0,Container,87.9,,0.0,87.9,273.72,,0.0,273.72,79.7,8.2,0.0,248.19,,0.0,25.53,,0.0,0.0,,0.0,248.19,25.53,0.0,293.0,17.4,18.0,16.72,16.84,24.0,67.5,17.2,1.0,15.9,15.9,185760.0,288.0,148342,6.3,6.02,15.9,,D,,,D,5.81
846447,9465241,,,,,2020-09-02,246.0,Container,117.8,,0.0,117.8,366.83,,0.0,366.83,104.8,13.0,0.0,326.35,,0.0,40.48,,0.0,0.0,,0.0,326.35,40.48,0.0,402.0,24.0,24.0,16.67,16.75,16.0,66.2,16.0,20.0,15.9,15.9,185640.0,287.0,148342,6.15,6.02,15.9,,C,,,C,5.81
846448,9465241,,,,,2020-09-03,247.0,Container,120.6,,0.0,120.6,375.55,,0.0,375.55,107.2,13.4,0.0,333.82,,0.0,41.73,,0.0,0.0,,0.0,333.82,41.73,0.0,403.0,24.0,24.0,16.71,16.79,24.0,66.8,16.5,20.0,15.9,15.9,185520.0,300.0,148342,6.28,6.02,15.9,,D,,,D,5.81
846449,9465241,,,,,2020-09-04,248.0,Container,159.7,,0.0,159.7,497.31,,0.0,497.31,142.8,16.9,0.0,444.68,,0.0,52.63,,0.0,0.0,,0.0,444.68,52.63,0.0,560.0,34.0,34.9,15.35,15.49,9.5,60.1,14.4,70.0,15.9,15.9,185367.5,252.0,148342,5.99,6.02,15.9,,C,,,C,5.81
846450,9465241,,,,,2020-09-05,249.0,Container,4.6,,2.6,7.2,14.32,,8.34,22.66,1.2,4.4,1.6,3.74,,0.0,10.59,,3.21,0.0,,5.13,3.74,13.79,5.13,28.0,2.0,23.4,0.0,0.0,0.0,0.0,0.0,0.0,15.9,15.9,185350.0,0.0,148342,5.46,6.02,10.6,,B,,,B,5.81
846451,9465241,,,,,2020-09-06,250.0,Container,1.8,,14.3,16.1,5.61,,45.85,51.45,0.8,11.9,3.4,2.49,,0.0,3.11,,34.95,0.0,,10.9,2.49,38.06,10.9,6.0,7.2,34.2,0.0,0.0,8.33,0.0,0.0,6.67,13.03,13.03,144887.33,34.0,148342,57.81,6.02,13.03,,E,,,E,5.81
846452,9465241,,,,,2020-09-07,251.0,Container,44.2,,0.0,44.2,137.64,,0.0,137.64,34.7,9.5,0.0,108.06,,0.0,29.58,,0.0,0.0,,0.0,108.06,29.58,0.0,212.0,16.8,16.8,12.68,12.62,18.0,50.0,16.2,10.0,11.6,11.6,124600.0,227.0,148342,4.38,6.02,11.6,,A,,,A,5.81
846453,9465241,,,,,2020-09-08,252.0,Container,60.1,,0.0,60.1,187.15,,0.0,187.15,45.9,14.2,0.0,142.93,,0.0,44.22,,0.0,0.0,,0.0,142.93,44.22,0.0,305.0,24.0,27.0,12.71,12.71,8.0,49.2,14.2,150.0,11.6,11.6,124540.0,290.0,148342,4.14,6.01,11.6,,A,,,A,5.81
846454,9465241,,,,,2020-09-09,253.0,Container,53.5,,0.0,53.5,166.6,,0.0,166.6,38.3,15.2,0.0,119.27,,0.0,47.33,,0.0,0.0,,0.0,119.27,47.33,0.0,296.0,25.0,25.0,11.8,11.84,18.0,44.9,12.5,10.0,11.6,11.6,124490.0,1.0,148342,3.79,6.0,11.6,,A,,,A,5.81
846455,9465241,,,,,2020-09-10,254.0,Container,145.9,,0.0,145.9,454.33,,0.0,454.33,131.3,14.6,0.0,408.87,,0.0,45.46,,0.0,0.0,,0.0,408.87,45.46,0.0,413.0,24.0,24.0,17.17,17.21,31.0,68.4,16.5,20.0,11.6,11.6,124340.0,28.0,148342,7.42,6.01,11.6,,E,,,E,5.81
846456,9465241,,,,,2020-09-11,255.0,Container,169.6,,0.0,169.6,528.13,,0.0,528.13,150.4,19.2,0.0,468.35,,0.0,59.79,,0.0,0.0,,0.0,468.35,59.79,0.0,548.0,32.0,32.8,16.92,17.02,14.0,65.9,14.25,70.0,11.6,11.6,124180.0,112.5,148342,6.5,6.01,11.6,,D,,,D,5.81
846457,9465241,,,,,2020-09-12,256.0,Container,29.8,,0.0,29.8,92.8,,0.0,92.8,13.8,13.4,2.6,42.97,,0.0,41.73,,0.0,8.1,,0.0,42.97,41.73,8.1,133.0,10.5,32.7,1.93,1.97,6.17,7.85,3.08,5.0,11.68,10.64,118961.2,64.83,148342,4.7,6.01,9.3,,A,,,A,5.81
846458,9465241,,,,,2020-09-13,257.0,Container,24.1,,0.0,24.1,75.05,,0.0,75.05,10.1,11.5,2.5,31.45,,0.0,35.81,,0.0,7.78,,0.0,31.45,35.81,7.78,120.0,3.4,25.2,0.0,0.0,0.0,0.0,0.0,0.0,12.0,10.7,117630.0,0.0,148342,4.22,6.01,11.35,,A,,,A,5.81
846460,9465241,,,,,2020-09-15,259.0,Container,110.0,,0.0,110.0,342.54,,0.0,342.54,90.7,12.5,6.8,282.44,,0.0,38.92,,0.0,21.18,,0.0,282.44,38.92,21.18,335.0,18.5,38.3,8.72,8.79,13.25,34.7,8.1,20.0,11.55,11.55,122799.25,46.75,148342,6.89,6.01,11.55,,D,,,D,5.81
846461,9465241,,,,,2020-09-16,260.0,Container,30.7,,0.0,30.7,95.6,,0.0,95.6,14.2,13.8,2.7,44.22,,0.0,42.97,,0.0,8.41,,0.0,44.22,42.97,8.41,174.0,7.1,31.4,0.0,0.0,0.0,0.0,0.0,0.0,12.1,12.1,128374.33,0.0,148342,3.7,6.01,12.1,,A,,,A,5.81
846462,9465241,,,,,2020-09-17,261.0,Container,64.7,,0.0,64.7,201.48,,0.0,201.48,50.3,13.9,0.5,156.63,,0.0,43.28,,0.0,1.56,,0.0,156.63,43.28,1.56,350.0,23.3,30.3,6.26,6.19,11.5,24.42,8.12,55.0,12.9,12.9,139587.5,206.0,148342,3.88,6.0,12.9,,A,,,A,5.81
846463,9465241,,,,,2020-09-18,262.0,Container,16.5,,0.0,16.5,51.38,,0.0,51.38,7.4,7.3,1.8,23.04,,0.0,22.73,,0.0,5.61,,0.0,23.04,22.73,5.61,142.0,3.7,13.7,0.0,0.0,0.0,0.0,0.0,0.0,12.9,12.9,139550.0,0.0,148342,2.44,5.99,12.9,,A,,,A,5.81
846464,9465241,,,,,2020-09-19,263.0,Container,44.1,,0.0,44.1,137.33,,0.0,137.33,26.8,15.0,2.3,83.46,,0.0,46.71,,0.0,7.16,,0.0,83.46,46.71,7.16,234.0,9.2,40.0,0.0,0.0,0.0,0.0,0.0,0.0,12.9,12.9,139500.0,0.0,148342,3.96,5.98,12.9,,A,,,A,5.81
846466,9465241,,,,,2020-09-21,265.0,Container,40.0,,0.0,40.0,124.56,,0.0,124.56,22.2,8.3,9.5,69.13,,0.0,25.85,,0.0,29.58,,0.0,69.13,25.85,29.58,187.0,8.3,39.0,2.5,2.5,10.0,12.25,8.05,2.5,11.8,11.8,128922.0,12.5,148342,4.49,5.98,11.8,,A,,,A,5.81
846467,9465241,,,,,2020-09-22,266.0,Container,22.6,,0.0,22.6,70.38,,0.0,70.38,4.1,14.6,3.9,12.77,,0.0,45.46,,0.0,12.14,,0.0,12.77,45.46,12.14,60.0,4.5,34.6,0.0,0.0,0.0,0.0,0.0,0.0,11.8,11.8,128875.0,0.0,148342,7.91,5.99,11.8,,E,,,E,5.81
846468,9465241,,,,,2020-09-23,267.0,Container,20.4,,0.0,20.4,63.53,,0.0,63.53,3.5,13.8,3.1,10.9,,0.0,42.97,,0.0,9.65,,0.0,10.9,42.97,9.65,32.0,2.4,26.8,0.0,0.0,8.25,0.0,0.0,16.67,13.2,13.2,148692.33,69.5,148342,13.38,5.99,9.9,,E,,,E,5.81
846469,9465241,,,,,2020-09-24,268.0,Container,47.0,,0.0,47.0,146.36,,0.0,146.36,32.4,14.6,0.0,100.89,,0.0,45.46,,0.0,0.0,,0.0,100.89,45.46,0.0,195.0,19.5,19.5,9.95,10.0,35.0,44.4,25.2,10.0,13.9,13.9,158550.0,251.0,148342,5.06,5.99,13.9,,B,,,B,5.81
846470,9465241,,,,,2020-09-25,269.0,Container,46.9,,0.0,46.9,146.05,,0.0,146.05,27.3,17.7,1.9,85.01,,0.0,55.12,,0.0,5.92,,0.0,85.01,55.12,5.92,180.0,17.6,24.0,10.17,10.23,35.0,43.6,22.1,60.0,13.9,13.9,158480.0,232.0,148342,5.47,5.99,13.9,,C,,,C,5.81
846471,9465241,,,,,2020-09-26,270.0,Container,112.9,,0.4,113.3,351.57,,1.28,352.85,96.2,16.7,0.4,299.57,,0.0,52.0,,0.0,0.0,,1.28,299.57,52.0,1.28,353.0,24.0,24.0,14.75,14.71,35.0,60.3,19.1,50.0,13.9,13.9,158360.0,212.0,148342,6.74,5.99,13.9,,D,,,D,5.81
846472,9465241,,,,,2020-09-27,271.0,Container,162.7,,0.0,162.7,506.65,,0.0,506.65,146.1,16.6,0.0,454.96,,0.0,51.69,,0.0,0.0,,0.0,454.96,51.69,0.0,467.0,24.0,24.0,19.5,19.46,8.0,74.1,12.9,90.0,13.9,13.9,158190.0,168.0,148342,7.31,6.0,13.9,,E,,,E,5.81
846473,9465241,,,,,2020-09-28,272.0,Container,157.3,,0.0,157.3,489.83,,0.0,489.83,139.9,17.4,0.0,435.65,,0.0,54.18,,0.0,0.0,,0.0,435.65,54.18,0.0,480.0,24.0,24.0,19.96,20.0,19.0,74.1,10.4,20.0,13.9,13.9,158025.0,80.0,148342,6.88,6.0,13.9,,D,,,D,5.81
846474,9465241,,,,,2020-09-29,273.0,Container,121.4,,0.0,121.4,378.04,,0.0,378.04,103.8,17.6,0.0,323.23,,0.0,54.81,,0.0,0.0,,0.0,323.23,54.81,0.0,416.0,24.0,24.0,17.25,17.33,19.0,66.4,13.4,20.0,13.9,13.9,157900.0,81.0,148342,6.13,6.0,13.9,,C,,,C,5.81
846475,9465241,,,,,2020-09-30,274.0,Container,89.8,,0.2,90.0,279.64,,0.64,280.28,64.3,25.5,0.2,200.23,,0.0,79.41,,0.0,0.0,,0.64,200.23,79.41,0.64,401.0,30.2,35.8,9.28,9.33,8.33,34.5,6.77,13.33,13.8,13.8,157800.0,53.33,148342,4.71,6.0,13.8,,A,,,A,5.81
846477,9465241,,,,,2020-10-02,276.0,Container,29.7,,18.6,48.3,92.49,,59.63,152.12,19.8,13.3,15.2,61.66,,0.0,30.83,,10.9,0.0,,48.73,61.66,41.73,48.73,130.0,7.9,35.6,5.67,5.67,12.6,25.86,7.38,21.0,15.4,15.4,180310.0,150.2,148342,7.89,6.01,15.4,,E,,,E,5.81
846478,9465241,,,,,2020-10-03,277.0,Container,89.2,,0.0,89.2,277.77,,0.0,277.77,67.6,21.6,0.0,210.51,,0.0,67.26,,0.0,0.0,,0.0,210.51,67.26,0.0,344.0,24.0,48.0,14.33,14.33,34.0,58.2,18.3,10.0,15.4,15.4,180180.0,118.0,148342,5.44,6.0,15.4,,B,,,B,5.81
846479,9465241,,,,,2020-10-04,278.0,Container,123.5,,0.0,123.5,384.58,,0.0,384.58,93.7,29.7,0.1,291.78,,0.0,92.49,,0.0,0.31,,0.0,291.78,92.49,0.31,491.0,32.0,56.0,14.73,14.73,7.5,57.55,13.85,27.5,15.4,15.4,180060.0,123.5,148342,5.28,6.0,15.4,,B,,,B,5.81
846480,9465241,,,,,2020-10-05,279.0,Container,45.5,,0.0,45.5,141.69,,0.0,141.69,21.5,21.9,2.1,66.95,,0.0,68.2,,0.0,6.54,,0.0,66.95,68.2,6.54,272.0,14.2,45.0,0.0,0.0,4.0,0.0,0.0,150.0,15.4,15.4,180040.0,183.0,148342,3.51,5.99,15.4,,A,,,A,5.81
846481,9465241,,,,,2020-10-06,280.0,Container,192.7,,0.0,192.7,600.07,,0.0,600.07,166.2,26.5,0.0,517.55,,0.0,82.52,,0.0,0.0,,0.0,517.55,82.52,0.0,569.0,28.5,57.0,19.95,19.95,7.0,77.05,14.2,60.0,15.4,15.4,179870.0,115.5,148342,7.11,6.0,15.4,,E,,,E,5.81
846482,9465241,,,,,2020-10-07,281.0,Container,14.8,,0.0,14.8,46.09,,0.0,46.09,2.4,10.9,1.5,7.47,,0.0,33.94,,0.0,4.67,,0.0,7.47,33.94,4.67,48.0,3.5,21.7,0.0,0.0,0.0,0.0,0.0,0.0,15.4,15.4,179810.0,0.0,148342,6.47,6.0,15.4,,D,,,D,5.81
846483,9465241,,,,,2020-10-08,282.0,Container,55.2,,0.0,55.2,171.89,,0.0,171.89,37.2,15.8,2.2,115.84,,0.0,49.2,,0.0,6.85,,0.0,115.84,49.2,6.85,151.0,8.8,27.6,5.69,5.73,13.33,23.73,6.6,8.33,15.9,15.9,187864.0,121.67,148342,7.67,6.0,15.9,,E,,,E,5.81
846484,9465241,,,,,2020-10-09,283.0,Container,113.8,,0.0,113.8,354.37,,0.0,354.37,97.5,16.3,0.0,303.62,,0.0,50.76,,0.0,0.0,,0.0,303.62,50.76,0.0,414.0,24.0,24.0,17.21,17.25,28.0,67.4,15.0,20.0,15.9,15.9,187710.0,155.0,148342,5.77,6.0,15.9,,C,,,C,5.81
846485,9465241,,,,,2020-10-10,284.0,Container,122.8,,0.0,122.8,382.4,,0.0,382.4,107.4,15.4,0.0,334.44,,0.0,47.96,,0.0,0.0,,0.0,334.44,47.96,0.0,408.0,23.5,23.5,17.32,17.36,27.0,70.5,18.3,15.0,15.9,15.9,187580.0,81.0,148342,6.32,6.0,15.9,,D,,,D,5.81
846486,9465241,,,,,2020-10-11,285.0,Container,118.1,,0.0,118.1,367.76,,0.0,367.76,103.0,15.1,0.0,320.74,,0.0,47.02,,0.0,0.0,,0.0,320.74,47.02,0.0,419.0,24.0,24.0,17.38,17.46,21.0,69.5,18.8,20.0,15.9,15.9,187460.0,101.0,148342,5.92,6.0,15.9,,C,,,C,5.81
846487,9465241,,,,,2020-10-12,286.0,Container,107.5,,0.0,107.5,334.76,,0.0,334.76,91.9,15.6,0.0,286.18,,0.0,48.58,,0.0,0.0,,0.0,286.18,48.58,0.0,402.0,23.0,23.0,17.39,17.48,10.0,64.9,10.5,20.0,15.9,15.9,187340.0,101.0,148342,5.61,6.0,15.9,,C,,,C,5.81
846488,9465241,,,,,2020-10-13,287.0,Container,121.9,,0.0,121.9,379.6,,0.0,379.6,105.2,16.7,0.0,327.59,,0.0,52.0,,0.0,0.0,,0.0,327.59,52.0,0.0,414.0,24.0,24.0,17.29,17.25,10.0,67.4,15.1,120.0,15.9,15.9,187210.0,101.0,148342,6.18,6.0,15.9,,C,,,C,5.81
846489,9465241,,,,,2020-10-14,288.0,Container,121.5,,0.0,121.5,378.35,,0.0,378.35,105.5,16.0,0.0,328.53,,0.0,49.82,,0.0,0.0,,0.0,328.53,49.82,0.0,408.0,23.0,23.0,17.78,17.74,6.0,68.0,13.4,150.0,15.9,15.9,187080.0,104.0,148342,6.25,6.0,15.9,,D,,,D,5.81
846490,9465241,,,,,2020-10-15,289.0,Container,56.8,,0.0,56.8,176.88,,0.0,176.88,38.6,17.9,0.3,120.2,,0.0,55.74,,0.0,0.93,,0.0,120.2,55.74,0.93,294.0,24.0,24.0,4.29,4.31,6.67,16.03,3.6,40.0,15.9,15.9,187017.67,36.0,148342,4.06,5.99,15.9,,A,,,A,5.81
846491,9465241,,,,,2020-10-16,290.0,Container,24.4,,0.0,24.4,75.98,,0.0,75.98,4.1,16.8,3.5,12.77,,0.0,52.32,,0.0,10.9,,0.0,12.77,52.32,10.9,64.0,4.7,32.7,0.0,0.0,0.0,0.0,0.0,0.0,15.8,15.8,187000.0,0.0,148342,8.0,6.0,15.8,,E,,,E,5.81
846492,9465241,,,,,2020-10-17,291.0,Container,21.6,,0.0,21.6,67.26,,0.0,67.26,2.8,13.3,5.5,8.72,,0.0,41.42,,0.0,17.13,,0.0,8.72,41.42,17.13,20.0,1.5,33.6,0.0,0.0,5.0,0.0,0.0,3.33,14.73,14.73,170167.33,90.0,148342,22.67,6.0,14.73,,E,,,E,5.81
846493,9465241,,,,,2020-10-18,292.0,Container,110.2,,0.0,110.2,343.16,,0.0,343.16,98.1,12.1,0.0,305.48,,0.0,37.68,,0.0,0.0,,0.0,305.48,37.68,0.0,355.0,21.0,21.0,16.9,16.9,24.0,68.1,17.5,10.0,14.2,14.2,161620.0,327.0,148342,6.52,6.0,14.2,,D,,,D,5.81
846494,9465241,,,,,2020-10-19,293.0,Container,169.1,,0.0,169.1,526.58,,0.0,526.58,149.7,19.4,0.0,466.17,,0.0,60.41,,0.0,0.0,,0.0,466.17,60.41,0.0,558.0,33.0,33.0,16.17,16.07,13.5,63.85,16.9,10.0,14.25,14.25,161460.0,174.5,148342,6.36,6.0,14.25,,D,,,D,5.81
846495,9465241,,,,,2020-10-20,294.0,Container,14.7,,0.0,14.7,45.78,,0.0,45.78,4.0,9.0,1.7,12.46,,0.0,28.03,,0.0,5.29,,0.0,12.46,28.03,5.29,82.0,5.8,20.0,0.0,0.0,0.0,0.0,0.0,0.0,14.3,14.3,161430.0,0.0,148342,3.76,6.0,14.3,,A,,,A,5.81
846496,9465241,,,,,2020-10-21,295.0,Container,23.1,,0.0,23.1,71.93,,0.0,71.93,4.0,15.7,3.4,12.46,,0.0,48.89,,0.0,10.59,,0.0,12.46,48.89,10.59,30.0,2.0,29.9,0.0,0.0,8.0,0.0,0.0,6.67,13.97,13.97,157369.0,89.0,148342,16.16,6.01,13.97,,E,,,E,5.81
846497,9465241,,,,,2020-10-22,296.0,Container,160.5,,0.0,160.5,499.8,,0.0,499.8,143.2,17.0,0.3,445.92,,0.0,52.94,,0.0,0.93,,0.0,445.92,52.94,0.93,435.0,23.6,35.0,10.0,10.03,6.0,39.0,7.65,5.0,13.8,13.8,155170.0,36.5,148342,7.75,6.02,13.8,,E,,,E,5.81
846499,9465241,,,,,2020-10-24,298.0,Container,46.9,,0.0,46.9,146.05,,0.0,146.05,26.9,17.6,2.4,83.77,,0.0,54.81,,0.0,7.47,,0.0,83.77,54.81,7.47,107.0,7.4,27.7,5.45,5.45,9.33,21.57,5.37,16.67,15.8,15.8,184060.33,143.67,148342,9.2,6.02,15.8,,E,,,E,5.81
846500,9465241,,,,,2020-10-25,299.0,Container,87.7,,0.0,87.7,273.1,,0.0,273.1,69.4,18.3,0.0,216.11,,0.0,56.99,,0.0,0.0,,0.0,216.11,56.99,0.0,382.0,25.0,25.0,15.28,15.28,12.0,58.9,13.9,30.0,15.8,15.8,183960.0,248.0,148342,4.82,6.02,15.8,,A,,,A,5.81
846501,9465241,,,,,2020-10-26,300.0,Container,104.4,,0.0,104.4,325.1,,0.0,325.1,78.2,25.8,0.4,243.51,,0.0,80.34,,0.0,1.25,,0.0,243.51,80.34,1.25,501.0,34.9,39.0,9.65,9.68,4.67,35.7,9.43,6.67,15.93,15.8,183846.67,175.67,148342,4.37,6.01,15.87,,A,,,A,5.81
846502,9465241,,,,,2020-10-27,301.0,Container,37.3,,0.0,37.3,116.15,,0.0,116.15,26.7,9.8,0.8,83.14,,0.0,30.52,,0.0,2.49,,0.0,83.14,30.52,2.49,137.0,8.4,17.3,5.6,5.56,8.0,20.83,3.6,26.67,16.0,16.0,191780.33,146.0,148342,5.72,6.01,16.0,,C,,,C,5.81
846503,9465241,,,,,2020-10-28,302.0,Container,108.0,,0.0,108.0,336.31,,0.0,336.31,90.6,17.4,0.0,282.13,,0.0,54.18,,0.0,0.0,,0.0,282.13,54.18,0.0,418.0,25.0,25.0,16.76,16.72,12.0,64.5,13.9,30.0,16.0,16.0,191640.0,247.0,148342,5.42,6.0,16.0,,B,,,B,5.81
846504,9465241,,,,,2020-10-29,303.0,Container,94.7,,0.0,94.7,294.9,,0.0,294.9,77.3,17.4,0.0,240.71,,0.0,54.18,,0.0,0.0,,0.0,240.71,54.18,0.0,398.0,24.0,24.0,16.58,16.58,3.0,61.7,10.7,100.0,16.0,16.0,191540.0,320.0,148342,4.99,6.0,16.0,,B,,,B,5.81
846505,9465241,,,,,2020-10-30,304.0,Container,98.3,,0.0,98.3,306.11,,0.0,306.11,75.2,23.1,0.0,234.17,,0.0,71.93,,0.0,0.0,,0.0,234.17,71.93,0.0,429.0,29.5,29.5,13.29,13.49,10.5,51.45,12.1,15.0,16.0,16.0,191440.0,194.5,148342,4.81,5.99,16.0,,A,,,A,5.81
846506,9465241,,,,,2020-10-31,305.0,Container,22.3,,2.4,24.7,69.44,,7.69,77.14,5.2,16.3,3.2,16.19,,0.0,50.76,,0.0,2.49,,7.69,16.19,50.76,10.19,72.0,8.9,32.2,0.0,0.0,6.5,0.0,0.0,7.5,16.0,16.0,189658.0,52.0,148342,7.22,5.99,16.0,,E,,,E,5.81
846507,9465241,,,,,2020-11-01,306.0,Container,192.9,,0.0,192.9,600.69,,0.0,600.69,174.1,18.8,0.0,542.15,,0.0,58.54,,0.0,0.0,,0.0,542.15,58.54,0.0,576.0,29.5,29.5,19.45,19.4,20.0,76.0,15.1,15.0,16.0,16.0,187745.0,338.0,148342,7.03,6.0,16.0,,E,,,E,5.81
846508,9465241,,,,,2020-11-02,307.0,Container,30.9,,1.4,32.3,96.22,,4.49,100.71,17.8,13.1,1.4,55.43,,0.0,40.79,,0.0,0.0,,4.49,55.43,40.79,4.49,220.0,12.8,32.9,0.0,0.0,20.0,0.0,0.0,20.0,16.0,16.0,187710.0,348.0,148342,3.09,5.99,16.0,,A,,,A,5.81
846509,9465241,,,,,2020-11-03,308.0,Container,163.3,,0.0,163.3,508.52,,0.0,508.52,150.0,13.3,0.0,467.1,,0.0,41.42,,0.0,0.0,,0.0,467.1,41.42,0.0,410.0,20.5,20.5,19.95,20.0,30.0,79.6,16.6,20.0,16.0,16.0,187540.0,293.0,148342,8.36,6.01,16.0,,E,,,E,5.81
846510,9465241,,,,,2020-11-04,309.0,Container,205.8,,0.3,206.1,640.86,,0.96,641.82,187.0,18.8,0.3,582.32,,0.0,58.54,,0.0,0.0,,0.96,582.32,58.54,0.96,563.0,29.3,33.2,10.6,10.6,15.2,41.88,9.64,12.0,15.7,15.7,187317.0,66.0,148342,7.68,6.02,15.7,,E,,,E,5.81
846511,9465241,,,,,2020-11-05,310.0,Container,2.4,,12.3,14.7,7.47,,39.43,46.91,0.7,10.1,3.9,2.18,,0.0,5.29,,26.93,0.0,,12.5,2.18,32.22,12.5,4.0,0.7,27.3,0.0,0.0,5.0,0.0,0.0,3.33,14.97,14.97,174047.67,98.67,148342,79.06,6.02,14.97,,E,,,E,5.81
846512,9465241,,,,,2020-11-06,311.0,Container,34.9,,0.0,34.9,108.68,,0.0,108.68,24.3,10.6,0.0,75.67,,0.0,33.01,,0.0,0.0,,0.0,75.67,33.01,0.0,202.0,17.3,17.3,11.73,11.68,12.0,44.8,13.5,60.0,14.6,14.6,167380.0,267.0,148342,3.63,6.01,14.6,,A,,,A,5.81
846513,9465241,,,,,2020-11-07,312.0,Container,45.6,,0.0,45.6,142.0,,0.0,142.0,30.8,14.8,0.0,95.91,,0.0,46.09,,0.0,0.0,,0.0,95.91,46.09,0.0,280.0,24.0,24.0,11.62,11.67,22.0,43.0,9.9,60.0,14.6,14.6,167330.0,300.0,148342,3.42,6.01,14.6,,A,,,A,5.81
846514,9465241,,,,,2020-11-08,313.0,Container,67.5,,5.7,73.2,210.2,,18.27,228.47,51.9,16.9,4.4,161.62,,0.0,48.58,,4.17,0.0,,14.11,161.62,52.75,14.11,229.0,14.3,40.6,3.79,3.81,9.0,14.2,2.88,8.0,14.72,14.42,165460.4,103.8,148342,6.73,6.01,14.57,,D,,,D,5.81
846515,9465241,,,,,2020-11-09,314.0,Container,31.9,,0.0,31.9,99.34,,0.0,99.34,22.6,9.3,0.0,70.38,,0.0,28.96,,0.0,0.0,,0.0,70.38,28.96,0.0,180.0,15.0,15.0,12.0,12.0,9.0,45.1,11.7,10.0,14.3,14.3,162700.0,209.0,148342,3.72,6.0,14.3,,A,,,A,5.81
846516,9465241,,,,,2020-11-10,315.0,Container,49.6,,0.4,50.0,154.45,,1.28,155.74,34.3,15.3,0.4,106.81,,0.0,47.64,,0.0,0.0,,1.28,106.81,47.64,1.28,279.0,25.0,25.0,11.12,11.16,2.0,42.8,13.4,1.0,14.3,14.3,162640.0,262.0,148342,3.76,6.0,14.3,,A,,,A,5.81
846517,9465241,,,,,2020-11-11,316.0,Container,57.19,,1.3,58.49,178.09,,4.17,182.26,38.39,18.8,1.3,119.55,,0.0,58.54,,0.0,0.0,,4.17,119.55,58.54,4.17,321.0,30.2,30.2,6.58,6.6,13.67,25.93,10.43,15.0,14.9,14.9,162570.0,9.33,148342,3.83,5.99,14.9,,A,,,A,5.81
846518,9465241,,,,,2020-11-12,317.0,Container,7.23,,6.8,14.03,22.51,,21.8,44.32,2.23,8.9,2.9,6.94,,0.0,15.57,,12.5,0.0,,9.3,6.94,28.07,9.3,34.0,3.9,32.1,0.0,0.0,0.0,0.0,0.0,0.0,14.9,14.9,162550.0,0.0,148342,8.79,5.99,14.9,,E,,,E,5.81
846519,9465241,,,,,2020-11-13,318.0,Container,6.8,,10.24,17.04,21.18,,32.83,54.0,4.2,10.3,2.54,13.08,,0.0,8.1,,24.69,0.0,,8.14,13.08,32.78,8.14,24.0,1.4,21.2,0.0,0.0,4.67,0.0,0.0,3.33,13.63,13.63,150900.33,103.0,148342,15.17,5.99,13.63,,E,,,E,5.81
846520,9465241,,,,,2020-11-14,319.0,Container,185.66,,0.0,185.66,578.15,,0.0,578.15,170.66,15.0,0.0,531.44,,0.0,46.71,,0.0,0.0,,0.0,531.44,46.71,0.0,485.0,22.0,22.0,21.95,22.05,8.0,81.1,9.7,179.0,13.0,13.0,144878.0,29.0,148342,8.04,6.0,13.0,,E,,,E,5.81
846521,9465241,,,,,2020-11-15,320.0,Container,235.37,,0.0,235.37,732.94,,0.0,732.94,216.8,16.5,2.07,675.12,,0.0,51.38,,0.0,6.45,,0.0,675.12,51.38,6.45,640.0,29.5,29.8,14.15,14.15,10.33,50.53,4.13,80.0,13.0,13.0,144654.33,17.0,148342,7.72,6.02,13.0,,E,,,E,5.81
846522,9465241,,,,,2020-11-16,321.0,Container,21.6,,0.0,21.6,67.26,,0.0,67.26,6.3,12.5,2.8,19.62,,0.0,38.92,,0.0,8.72,,0.0,19.62,38.92,8.72,58.0,3.5,24.5,0.0,0.0,0.0,0.0,0.0,0.0,13.2,12.8,144620.0,0.0,148342,7.82,6.02,13.0,,E,,,E,5.81
846524,9465241,,,,,2020-11-18,323.0,Container,9.3,,16.7,26.0,28.96,,53.54,82.5,6.1,15.5,4.4,19.0,,0.0,7.47,,42.0,2.49,,11.54,19.0,49.47,14.03,44.0,2.5,38.7,0.0,0.0,5.67,0.0,0.0,40.0,13.0,12.73,143443.33,40.0,148342,12.64,6.02,12.87,,E,,,E,5.81
846525,9465241,,,,,2020-11-19,324.0,Container,98.6,,7.0,105.6,307.04,,22.44,329.48,98.6,7.0,0.0,307.04,,0.0,0.0,,22.44,0.0,,0.0,307.04,22.44,0.0,277.0,13.4,13.4,10.35,10.43,21.0,39.75,6.5,10.0,12.4,11.2,142795.0,45.0,148342,8.02,6.03,11.8,,E,,,E,5.81
846526,9465241,,,,,2020-11-20,325.0,Container,27.2,,20.4,47.6,84.7,,65.4,150.1,27.2,17.5,2.9,84.7,,0.0,0.0,,56.1,0.0,,9.3,84.7,56.1,9.3,396.0,33.2,43.2,0.0,0.0,0.0,0.0,0.0,0.0,12.4,11.2,142740.0,0.0,148342,2.56,6.01,11.8,,A,,,A,5.81
846531,9465241,,,,,2020-11-25,330.0,Container,20.4,,15.64,36.04,63.53,,50.14,113.67,20.4,13.0,2.64,63.53,,0.0,0.0,,41.68,0.0,,8.46,63.53,41.68,8.46,172.0,9.0,37.4,0.0,0.0,10.5,0.0,0.0,20.0,13.0,13.0,140594.5,150.0,148342,4.46,6.02,13.0,,A,,,A,5.81
846532,9465241,,,,,2020-11-26,331.0,Container,116.2,,14.75,130.95,361.85,,47.29,409.14,118.6,11.95,0.4,361.85,,7.69,0.0,,38.31,0.0,,1.28,369.54,38.31,1.28,456.0,21.2,31.3,4.96,4.96,5.0,24.72,4.12,13.33,13.0,13.0,140423.33,46.5,148342,6.05,6.02,9.75,,C,,,C,5.81
846536,9465241,,,,,2020-11-30,335.0,Container,35.0,,0.0,35.0,108.99,,0.0,108.99,26.3,7.8,0.9,81.9,,0.0,24.29,,0.0,2.8,,0.0,81.9,24.29,2.8,195.0,8.4,22.8,4.5,4.5,4.0,16.92,2.92,6.25,15.0,15.0,171798.75,16.75,148342,3.77,6.03,15.0,,A,,,A,5.81
846538,9465241,,,,,2020-12-02,337.0,Container,19.6,,0.0,19.6,61.03,,0.0,61.03,4.1,12.0,3.5,12.77,,0.0,37.37,,0.0,10.9,,0.0,12.77,37.37,10.9,68.0,11.0,28.3,0.0,0.0,0.0,0.0,0.0,0.0,14.9,14.9,171780.0,0.0,148342,6.05,6.03,9.93,,C,,,C,5.81
846539,9465241,,,,,2020-12-03,338.0,Container,25.9,,0.0,25.9,80.65,,0.0,80.65,7.9,14.8,3.2,24.6,,0.0,46.09,,0.0,9.96,,0.0,24.6,46.09,9.96,62.0,5.2,31.9,3.9,4.0,20.33,15.63,5.0,8.33,15.6,15.6,182339.33,175.0,148342,8.77,6.04,15.6,,E,,,E,5.81
846540,9465241,,,,,2020-12-04,339.0,Container,61.9,,0.0,61.9,192.76,,0.0,192.76,38.6,22.8,0.5,120.2,,0.0,71.0,,0.0,1.56,,0.0,120.2,71.0,1.56,240.0,22.0,48.0,10.86,10.91,16.0,45.5,20.4,90.0,15.6,15.6,182260.0,280.0,148342,5.41,6.03,15.6,,B,,,B,5.81
846541,9465241,,,,,2020-12-05,340.0,Container,41.8,,0.0,41.8,130.17,,0.0,130.17,16.9,21.8,3.1,52.63,,0.0,67.89,,0.0,9.65,,0.0,52.63,67.89,9.65,105.0,10.8,48.0,9.72,9.72,6.0,38.7,16.6,20.0,15.6,15.6,182200.0,292.0,148342,8.36,6.04,15.6,,E,,,E,5.81
846542,9465241,,,,,2020-12-06,341.0,Container,157.0,,0.0,157.0,488.9,,0.0,488.9,133.8,23.2,0.0,416.65,,0.0,72.24,,0.0,0.0,,0.0,416.65,72.24,0.0,425.0,24.0,48.0,17.75,17.71,20.0,70.5,16.6,50.0,15.6,15.6,182200.0,200.0,148342,7.75,6.04,15.6,,E,,,E,5.81
846543,9465241,,,,,2020-12-07,342.0,Container,167.4,,0.0,167.4,521.28,,0.0,521.28,144.1,23.3,0.0,448.73,,0.0,72.56,,0.0,0.0,,0.0,448.73,72.56,0.0,430.0,23.0,46.0,18.78,18.7,15.0,74.3,16.5,90.0,15.6,15.6,182030.0,166.0,148342,8.17,6.05,15.6,,E,,,E,5.81
846544,9465241,,,,,2020-12-08,343.0,Container,191.4,,0.0,191.4,596.02,,0.0,596.02,169.2,22.2,0.0,526.89,,0.0,69.13,,0.0,0.0,,0.0,526.89,69.13,0.0,510.0,24.0,48.0,21.17,21.25,18.0,80.5,12.3,170.0,15.6,15.6,181850.0,81.0,148342,7.88,6.06,15.6,,E,,,E,5.81
846545,9465241,,,,,2020-12-09,344.0,Container,193.8,,0.0,193.8,603.49,,0.0,603.49,171.4,22.4,0.0,533.74,,0.0,69.75,,0.0,0.0,,0.0,533.74,69.75,0.0,497.0,24.0,48.0,20.62,20.71,12.0,80.7,14.8,90.0,15.6,15.6,181650.0,86.0,148342,8.19,6.08,15.6,,E,,,E,5.81
846546,9465241,,,,,2020-12-10,345.0,Container,195.26,,0.0,195.26,608.04,,0.0,608.04,172.46,22.8,0.0,537.04,,0.0,71.0,,0.0,0.0,,0.0,537.04,71.0,0.0,506.0,24.0,48.0,21.0,21.08,9.0,80.7,13.8,10.0,15.6,15.6,181450.0,106.0,148342,8.1,6.09,15.6,,E,,,E,5.81
846547,9465241,,,,,2020-12-11,346.0,Container,272.3,,0.0,272.3,847.94,,0.0,847.94,239.2,33.1,0.0,744.87,,0.0,103.07,,0.0,0.0,,0.0,744.87,103.07,0.0,708.0,34.2,68.4,20.49,20.58,14.0,79.2,13.75,45.5,15.55,15.55,181210.0,120.0,148342,8.07,6.1,15.55,,E,,,E,5.81
846548,9465241,,,,,2020-12-12,347.0,Container,33.9,,0.0,33.9,105.56,,0.0,105.56,16.7,15.8,1.4,52.0,,0.0,49.2,,0.0,4.36,,0.0,52.0,49.2,4.36,248.0,14.0,37.6,0.0,0.0,11.0,0.0,0.0,20.0,15.5,15.5,181170.0,186.0,148342,2.87,6.09,15.5,,A,,,A,5.81
846549,9465241,,,,,2020-12-13,348.0,Container,137.2,,0.0,137.2,427.24,,0.0,427.24,119.9,17.3,0.0,373.37,,0.0,53.87,,0.0,0.0,,0.0,373.37,53.87,0.0,351.0,18.0,36.0,19.56,19.5,26.0,77.7,16.7,10.0,15.5,15.5,180970.0,140.0,148342,8.21,6.1,15.5,,E,,,E,5.81
846550,9465241,,,,,2020-12-14,349.0,Container,96.4,,0.0,96.4,300.19,,0.0,300.19,70.3,24.6,1.5,218.91,,0.0,76.6,,0.0,4.67,,0.0,218.91,76.6,4.67,261.0,14.2,50.5,6.05,6.05,7.0,23.8,5.2,10.0,15.5,15.5,180863.33,9.0,148342,7.75,6.11,15.5,,E,,,E,5.81
846551,9465241,,,,,2020-12-15,350.0,Container,37.7,,0.0,37.7,117.4,,0.0,117.4,3.9,29.8,4.0,12.14,,0.0,92.8,,0.0,12.46,,0.0,12.14,92.8,12.46,24.0,1.6,38.8,0.0,0.0,8.33,0.0,0.0,6.67,14.97,14.97,173490.67,68.33,148342,32.98,6.11,14.97,,E,,,E,5.81
846552,9465241,,,,,2020-12-16,351.0,Container,108.3,,0.0,108.3,337.25,,0.0,337.25,91.0,17.3,0.0,283.37,,0.0,53.87,,0.0,0.0,,0.0,283.37,53.87,0.0,313.0,16.8,33.6,18.57,18.63,30.0,72.4,14.5,30.0,14.8,14.8,169700.0,167.0,148342,7.26,6.12,14.8,,E,,,E,5.81
846553,9465241,,,,,2020-12-17,352.0,Container,167.1,,0.0,167.1,520.35,,0.0,520.35,143.3,23.8,0.0,446.24,,0.0,74.11,,0.0,0.0,,0.0,446.24,74.11,0.0,422.0,23.0,46.0,18.39,18.35,34.0,73.3,16.9,1.0,14.8,14.8,169550.0,111.0,148342,8.31,6.13,14.8,,E,,,E,5.81
846554,9465241,,,,,2020-12-18,353.0,Container,187.3,,0.0,187.3,583.25,,0.0,583.25,162.9,24.4,0.0,507.27,,0.0,75.98,,0.0,0.0,,0.0,507.27,75.98,0.0,474.0,24.0,48.0,19.71,19.75,41.0,78.0,16.0,1.0,14.8,14.8,169350.0,80.0,148342,8.29,6.14,14.8,,E,,,E,5.81
846555,9465241,,,,,2020-12-19,354.0,Container,193.4,,0.0,193.4,602.25,,0.0,602.25,169.8,23.6,0.0,528.76,,0.0,73.49,,0.0,0.0,,0.0,528.76,73.49,0.0,486.0,23.0,46.0,21.04,21.13,33.0,80.4,16.7,30.0,14.8,14.8,169150.0,103.0,148342,8.35,6.15,14.8,,E,,,E,5.81
846556,9465241,,,,,2020-12-20,355.0,Container,188.9,,0.0,188.9,588.23,,0.0,588.23,164.0,24.9,0.0,510.7,,0.0,77.54,,0.0,0.0,,0.0,510.7,77.54,0.0,485.0,23.5,47.0,20.55,20.64,35.0,80.4,14.8,20.0,14.8,14.8,168950.0,103.0,148342,8.18,6.16,14.8,,E,,,E,5.81
846557,9465241,,,,,2020-12-21,356.0,Container,183.8,,0.0,183.8,572.35,,0.0,572.35,157.5,26.3,0.0,490.46,,0.0,81.9,,0.0,0.0,,0.0,490.46,81.9,0.0,488.0,24.0,48.0,20.25,20.33,18.0,78.6,14.1,10.0,14.8,14.8,168750.0,101.0,148342,7.91,6.17,14.8,,E,,,E,5.81
1923437,9465241,,,,,2024-05-16,,Container,134.7,0.0,0.0,134.7,419.46,0.0,0.0,414.04,116.7,18.0,0.0,363.4,0.0,0.0,56.05,0.0,0.0,0.0,0.0,0.0,363.4,56.05,0.0,454.0,24.0,48.0,19.0,18.92,13.0,72.3,13.9,5.0,15.9,15.9,186214.0,153.0,155851,5.85,5.37,,,,,,D,5.33
1923438,9465241,,,,,2024-05-17,,Container,121.4,0.0,8.0,129.4,378.04,0.0,25.65,398.26,112.4,17.0,0.0,350.01,0.0,0.0,28.03,0.0,25.65,0.0,0.0,0.0,350.01,53.67,0.0,448.0,24.0,48.0,18.58,18.67,26.0,70.5,12.9,20.0,15.9,15.9,186093.0,143.0,155851,5.7,5.38,,,,,,C,5.33
1923439,9465241,,,,,2024-05-18,,Container,125.6,0.0,8.0,133.6,391.12,0.0,25.65,411.34,118.6,15.0,0.0,369.32,0.0,0.0,21.8,0.0,25.65,0.0,0.0,0.0,369.32,47.45,0.0,426.0,24.0,48.0,17.96,17.75,26.0,71.5,18.2,10.0,15.9,15.9,185967.0,143.0,155851,6.2,5.39,,,,,,D,5.33
1923440,9465241,,,,,2024-05-19,,Container,141.1,0.0,0.0,141.1,439.39,0.0,0.0,433.97,121.1,20.0,0.0,377.11,0.0,0.0,62.28,0.0,0.0,0.0,0.0,0.0,377.11,62.28,0.0,430.0,24.0,49.0,17.88,17.92,38.0,71.8,17.9,10.0,15.9,15.9,185826.0,143.0,155851,6.48,5.4,,,,,,E,5.33
1923441,9465241,,,,,2024-05-20,,Container,142.0,0.0,0.0,142.0,442.19,0.0,0.0,436.77,123.0,19.0,0.0,383.02,0.0,0.0,59.17,0.0,0.0,0.0,0.0,0.0,383.02,59.17,0.0,439.0,24.0,48.0,18.17,18.29,35.0,72.3,16.7,10.0,15.9,15.9,185685.0,143.0,155851,6.38,5.41,,,,,,E,5.33
1923442,9465241,,,,,2024-05-21,,Container,141.6,0.0,0.0,141.6,440.94,0.0,0.0,435.52,122.6,19.0,0.0,381.78,0.0,0.0,59.17,0.0,0.0,0.0,0.0,0.0,381.78,59.17,0.0,433.0,24.0,48.0,17.79,18.04,33.0,71.7,18.0,355.0,15.9,15.9,185543.0,143.0,155851,6.45,5.42,,,,,,E,5.33
1923443,9465241,,,,,2024-05-22,,Container,142.0,0.0,0.0,142.0,442.19,0.0,0.0,436.77,123.0,19.0,0.0,383.02,0.0,0.0,59.17,0.0,0.0,0.0,0.0,0.0,383.02,59.17,0.0,420.0,24.0,48.0,17.33,17.5,32.0,71.3,19.0,355.0,15.9,15.9,185401.0,143.0,155851,6.67,5.44,,,,,,E,5.33
1923444,9465241,,,,,2024-05-23,,Container,140.4,0.0,0.0,140.4,437.21,0.0,0.0,431.79,122.4,18.0,0.0,381.15,0.0,0.0,56.05,0.0,0.0,0.0,0.0,0.0,381.15,56.05,0.0,415.0,24.0,50.8,17.04,17.29,40.0,70.8,19.6,10.0,15.9,15.9,185262.0,143.0,155851,6.68,5.45,,,,,,E,5.33
1923445,9465241,,,,,2024-05-24,,Container,138.6,0.0,0.0,138.6,431.6,0.0,0.0,426.18,120.6,18.0,0.0,375.55,0.0,0.0,56.05,0.0,0.0,0.0,0.0,0.0,375.55,56.05,0.0,387.0,24.0,48.0,16.21,16.13,48.0,69.5,23.6,5.0,15.9,15.9,185123.0,114.0,155851,7.07,5.47,,,,,,E,5.33
1923446,9465241,,,,,2024-05-25,,Container,140.1,0.0,0.0,140.1,436.27,0.0,0.0,430.85,122.1,18.0,0.0,380.22,0.0,0.0,56.05,0.0,0.0,0.0,0.0,0.0,380.22,56.05,0.0,421.0,24.0,48.0,17.54,17.54,27.0,71.4,19.2,20.0,15.9,15.9,184983.0,61.0,155851,6.57,5.48,,,,,,E,5.33
1923447,9465241,,,,,2024-05-26,,Container,131.8,0.0,0.0,131.8,410.43,0.0,0.0,405.01,113.8,18.0,0.0,354.37,0.0,0.0,56.05,0.0,0.0,0.0,0.0,0.0,354.37,56.05,0.0,353.0,23.0,47.5,17.87,15.35,8.0,71.0,28.8,300.0,15.9,15.9,184852.0,38.0,155851,7.36,5.5,,,,,,E,5.33
1923448,9465241,,,,,2024-05-27,,Container,142.0,0.0,0.0,142.0,442.19,0.0,0.0,436.77,122.0,20.0,0.0,379.91,0.0,0.0,62.28,0.0,0.0,0.0,0.0,0.0,379.91,62.28,0.0,440.0,24.0,48.0,19.08,18.33,14.0,72.9,17.2,40.0,15.9,15.9,184710.0,35.0,155851,6.37,5.51,,,,,,E,5.33
1923449,9465241,,,,,2024-05-28,,Container,138.5,0.0,0.0,138.5,431.29,0.0,0.0,425.87,117.5,21.0,0.0,365.9,0.0,0.0,65.39,0.0,0.0,0.0,0.0,0.0,365.9,65.39,0.0,451.0,23.0,46.0,19.13,19.61,17.0,72.9,11.4,60.0,15.9,15.9,184572.0,35.0,155851,6.06,5.52,,,,,,D,5.33
1923450,9465241,,,,,2024-05-29,,Container,143.4,0.0,0.0,143.4,446.55,0.0,0.0,441.13,122.4,21.0,0.0,381.15,0.0,0.0,65.39,0.0,0.0,0.0,0.0,0.0,381.15,65.39,0.0,467.0,24.0,48.0,19.21,19.46,14.0,72.9,12.1,70.0,15.9,15.9,184429.0,40.0,155851,6.06,5.52,,,,,,D,5.33
1923451,9465241,,,,,2024-05-30,,Container,137.1,0.0,0.0,137.1,426.93,0.0,0.0,421.51,117.1,20.0,0.0,364.65,0.0,0.0,62.28,0.0,0.0,0.0,0.0,0.0,364.65,62.28,0.0,427.0,23.0,48.0,19.13,18.57,10.0,72.4,15.6,40.0,15.9,15.9,184293.0,34.0,155851,6.33,5.53,,,,,,D,5.33
1923452,9465241,,,,,2024-05-31,,Container,138.0,0.0,0.0,138.0,429.73,0.0,0.0,424.31,117.0,21.0,0.0,364.34,0.0,0.0,65.39,0.0,0.0,0.0,0.0,0.0,364.34,65.39,0.0,467.0,24.0,48.0,18.88,19.46,14.0,72.4,11.5,310.0,15.9,15.9,184155.0,34.0,155851,5.83,5.54,,,,,,D,5.33
1923453,9465241,,,,,2024-06-01,,Container,130.3,0.0,0.0,130.3,405.75,0.0,0.0,400.34,108.3,22.0,0.0,337.25,0.0,0.0,68.51,0.0,0.0,0.0,0.0,0.0,337.25,68.51,0.0,430.0,23.5,48.5,18.51,18.3,9.0,70.5,14.6,290.0,15.9,15.9,184025.0,34.0,155851,5.97,5.54,,,,,,D,5.33
1923454,9465241,,,,,2024-06-02,,Container,124.7,0.0,0.0,124.7,388.32,0.0,0.0,382.9,104.7,20.0,0.0,326.04,0.0,0.0,62.28,0.0,0.0,0.0,0.0,0.0,326.04,62.28,0.0,439.0,24.0,49.9,18.08,18.29,14.0,69.1,12.8,260.0,15.9,15.9,183900.0,34.0,155851,5.6,5.54,,,,,,C,5.33
1923455,9465241,,,,,2024-06-03,,Container,119.3,0.0,0.0,119.3,371.5,0.0,0.0,366.08,98.3,21.0,0.0,306.11,0.0,0.0,65.39,0.0,0.0,0.0,0.0,0.0,306.11,65.39,0.0,432.0,24.0,48.0,17.67,18.0,16.0,67.5,12.1,350.0,15.8,15.8,183781.0,34.0,155851,5.44,5.54,,,,,,C,5.33
1923456,9465241,,,,,2024-06-04,,Container,88.7,0.0,1.0,89.7,276.21,0.0,3.21,265.24,67.7,21.0,1.0,210.82,0.0,0.0,65.39,0.0,0.0,0.0,0.0,3.21,210.82,65.39,3.21,297.0,21.7,51.1,4.46,4.43,2.25,17.18,3.78,20.0,7.9,7.9,91850.25,22.5,155851,5.73,5.54,,,,,,D,5.33
1923457,9465241,,,,,2024-06-05,,Container,21.0,0.0,3.1,24.1,65.39,0.0,9.94,69.91,0.0,21.0,3.1,0.0,0.0,0.0,65.39,0.0,0.0,0.0,0.0,9.94,0.0,65.39,9.94,0.0,0.0,48.0,0.0,0.0,0.0,0.0,0.0,0.0,0.0,0.0,0.0,0.0,155851,,5.55,,,,,,,5.33
1923458,9465241,,,,,2024-06-06,,Container,24.5,0.0,4.3,28.8,76.29,0.0,13.79,73.83,0.5,24.0,4.3,1.56,0.0,0.0,74.74,0.0,0.0,0.0,0.0,13.79,1.56,74.74,13.79,5.0,1.0,61.1,0.0,0.0,8.67,0.0,0.0,23.33,9.87,9.13,108252.0,60.0,155851,94.74,5.56,,,,,,E,5.33
1923459,9465241,,,,,2024-06-07,,Container,39.1,0.0,1.3,40.4,121.76,0.0,4.17,120.53,21.1,18.0,1.3,65.71,0.0,0.0,56.05,0.0,0.0,0.0,0.0,4.17,65.71,56.05,4.17,214.0,20.5,41.0,10.0,10.44,3.0,38.2,10.0,10.0,14.8,13.7,162338.0,120.0,155851,3.61,5.55,,,,,,A,5.33
1923460,9465241,,,,,2024-06-08,,Container,37.2,0.0,1.0,38.2,115.84,0.0,3.21,108.26,15.2,22.0,1.0,47.33,0.0,0.0,68.51,0.0,0.0,0.0,0.0,3.21,47.33,68.51,3.21,193.0,21.1,50.0,4.5,4.6,6.5,17.55,6.95,35.0,14.6,14.1,164484.0,90.0,155851,3.6,5.54,,,,,,A,5.33
1923461,9465241,,,,,2024-06-09,,Container,18.0,0.0,2.0,20.0,56.05,0.0,6.41,57.06,0.0,18.0,2.0,0.0,0.0,0.0,56.05,0.0,0.0,0.0,0.0,6.41,0.0,56.05,6.41,0.0,0.0,48.0,0.0,0.0,0.0,0.0,0.0,0.0,7.3,7.05,82229.0,0.0,155851,,5.55,,,,,,,5.33
1923462,9465241,,,,,2024-06-10,,Container,20.0,0.0,2.0,22.0,62.28,0.0,6.41,63.29,0.0,20.0,2.0,0.0,0.0,0.0,62.28,0.0,0.0,0.0,0.0,6.41,0.0,62.28,6.41,0.0,0.0,48.0,0.0,0.0,0.0,0.0,0.0,0.0,14.6,14.1,164436.0,0.0,155851,,5.56,,,,,,,5.33
1923463,9465241,,,,,2024-06-11,,Container,35.5,0.0,3.4,38.9,110.55,0.0,10.9,102.24,6.5,29.0,3.4,20.24,0.0,0.0,90.31,0.0,0.0,0.0,0.0,10.9,20.24,90.31,10.9,56.0,16.5,68.3,0.0,0.0,2.5,0.0,0.0,87.5,10.75,9.62,114987.0,70.0,155851,11.71,5.57,,,,,,E,5.33
1923464,9465241,,,,,2024-06-12,,Container,64.2,0.0,0.0,64.2,199.92,0.0,0.0,195.73,49.2,15.0,0.0,153.21,0.0,0.0,46.71,0.0,0.0,0.0,0.0,0.0,153.21,46.71,0.0,264.0,17.0,34.0,15.24,15.53,9.0,58.4,12.5,50.0,14.2,12.2,147698.0,159.0,155851,4.76,5.56,,,,,,B,5.33
1923465,9465241,,,,,2024-06-13,,Container,93.6,0.0,0.0,93.6,291.47,0.0,0.0,287.28,73.6,20.0,0.0,229.19,0.0,0.0,62.28,0.0,0.0,0.0,0.0,0.0,229.19,62.28,0.0,373.0,24.0,48.0,15.67,15.54,12.0,59.4,13.8,20.0,14.2,12.2,147604.0,151.0,155851,4.94,5.56,,,,,,B,5.33
1923466,9465241,,,,,2024-06-14,,Container,53.5,0.0,0.5,54.0,166.6,0.0,1.6,159.81,32.6,20.9,0.5,101.52,0.0,0.0,65.08,0.0,0.0,0.0,0.0,1.6,101.52,65.08,1.6,258.0,20.5,49.1,6.4,6.45,6.5,23.75,5.25,45.0,14.15,12.85,147554.0,57.0,155851,3.97,5.55,,,,,,A,5.33
1923467,9465241,,,,,2024-06-15,,Container,26.8,0.0,3.4,30.2,83.46,0.0,10.9,85.95,4.2,22.6,3.4,13.08,0.0,0.0,70.38,0.0,0.0,0.0,0.0,10.9,13.08,70.38,10.9,44.0,8.5,58.1,0.0,0.0,0.0,0.0,0.0,0.0,14.1,13.5,147527.0,0.0,155851,12.53,5.56,,,,,,E,5.33
1923468,9465241,,,,,2024-06-16,,Container,16.4,0.0,2.6,19.0,51.07,0.0,8.34,55.69,0.0,16.4,2.6,0.0,0.0,0.0,51.07,0.0,0.0,0.0,0.0,8.34,0.0,51.07,8.34,0.0,0.0,41.4,0.0,0.0,0.0,0.0,0.0,0.0,0.0,0.0,0.0,0.0,155851,,5.57,,,,,,,5.33
1923469,9465241,,,,,2024-06-17,,Container,25.9,0.0,4.7,30.6,80.65,0.0,15.07,85.05,1.2,24.7,4.7,3.74,0.0,0.0,76.92,0.0,0.0,0.0,0.0,15.07,3.74,76.92,15.07,10.0,1.0,66.6,0.0,0.0,9.33,0.0,0.0,113.33,7.13,4.53,58717.6,83.33,155851,54.57,5.58,,,,,,E,5.33
1923470,9465241,,,,,2024-06-18,,Container,58.5,0.0,0.0,58.5,182.17,0.0,0.0,178.95,43.6,14.9,0.0,135.77,0.0,0.0,46.4,0.0,0.0,0.0,0.0,0.0,135.77,46.4,0.0,261.0,15.8,31.6,16.39,16.52,14.0,58.0,6.3,60.0,10.7,6.8,88017.0,83.0,155851,4.4,5.57,,,,,,A,5.33
1923471,9465241,,,,,2024-06-19,,Container,118.7,0.0,0.0,118.7,369.63,0.0,0.0,366.41,97.5,21.2,0.0,303.62,0.0,0.0,66.02,0.0,0.0,0.0,0.0,0.0,303.62,66.02,0.0,495.0,23.0,46.0,20.35,21.52,17.0,70.3,-0.8,60.0,10.7,6.8,87899.0,92.0,155851,4.75,5.56,,,,,,B,5.33
1923472,9465241,,,,,2024-06-20,,Container,69.4,22.6,0.0,92.0,216.11,71.21,0.0,284.09,73.2,18.8,0.0,178.12,50.42,0.0,37.99,20.8,0.0,0.0,0.0,0.0,228.54,58.79,0.0,399.0,23.0,46.3,5.84,5.78,6.33,20.37,2.17,16.67,3.57,2.27,29292.0,35.33,155851,4.57,5.55,,,,,,B,5.33
1923473,9465241,,,,,2024-06-21,,Container,0.0,118.6,0.8,119.4,0.0,373.71,2.56,366.49,91.7,26.9,0.8,0.0,288.95,0.0,0.0,84.76,0.0,0.0,0.0,2.56,288.95,84.76,2.56,555.0,33.9,70.5,8.36,8.39,10.0,30.1,4.28,20.0,8.02,5.1,65899.0,59.0,155851,4.24,5.53,,,,,,A,5.33
1923474,9465241,,,,,2024-06-22,,Container,0.0,9.1,2.1,11.2,0.0,28.67,6.73,32.14,0.0,9.1,2.1,0.0,0.0,0.0,0.0,28.67,0.0,0.0,0.0,6.73,0.0,28.67,6.73,1.0,0.9,15.0,0.0,0.0,0.0,0.0,0.0,0.0,5.35,3.4,43930.0,0.0,155851,206.22,5.54,,,,,,E,5.33
1923475,9465241,,,,,2024-06-23,,Container,0.0,30.6,5.8,36.4,0.0,96.42,18.59,105.21,4.5,26.1,5.8,0.0,14.18,0.0,0.0,82.24,0.0,0.0,0.0,18.59,14.18,82.24,18.59,22.0,2.0,42.2,0.0,0.0,4.33,0.0,0.0,13.33,10.57,7.07,89742.47,16.33,155851,30.68,5.55,,,,,,E,5.33
1923476,9465241,,,,,2024-06-24,,Container,0.0,70.98,0.0,70.98,0.0,223.66,0.0,220.4,56.98,14.0,0.0,0.0,179.54,0.0,0.0,44.11,0.0,0.0,0.0,0.0,179.54,44.11,0.0,310.0,16.3,32.6,18.53,19.02,10.0,64.8,3.3,60.0,10.5,7.2,90613.0,40.0,155851,4.56,5.55,,,,,,B,5.33
1923477,9465241,,,,,2024-06-25,,Container,0.0,102.9,0.0,102.9,0.0,324.24,0.0,320.98,82.2,20.7,0.0,0.0,259.01,0.0,0.0,65.23,0.0,0.0,0.0,0.0,259.01,65.23,0.0,455.0,24.0,48.0,18.5,18.96,8.0,64.2,2.8,290.0,10.5,7.2,90511.0,27.0,155851,4.53,5.53,,,,,,B,5.33
1923478,9465241,,,,,2024-06-26,,Container,50.0,54.9,0.0,104.9,155.7,172.99,0.0,325.45,83.7,21.2,0.0,124.56,137.7,0.0,31.14,35.29,0.0,0.0,0.0,0.0,262.26,66.43,0.0,449.0,24.0,48.0,9.19,9.36,10.5,32.6,2.75,25.0,5.25,3.6,45203.0,16.5,155851,4.65,5.53,,,,,,B,5.33
1923479,9465241,,,,,2024-06-27,,Container,107.8,0.0,0.0,107.8,335.69,0.0,0.0,332.47,85.7,22.1,0.0,266.87,0.0,0.0,68.82,0.0,0.0,0.0,0.0,0.0,266.87,68.82,0.0,450.0,24.0,48.5,9.12,9.38,9.0,32.65,2.7,2.5,5.25,3.6,45149.5,26.5,155851,4.74,5.52,,,,,,B,5.33
1923480,9465241,,,,,2024-06-28,,Container,68.9,0.0,0.0,68.9,214.55,0.0,0.0,211.33,46.4,22.5,0.0,144.49,0.0,0.0,70.06,0.0,0.0,0.0,0.0,0.0,144.49,70.06,0.0,376.0,24.0,54.6,2.5,2.61,2.67,8.77,0.32,3.33,1.75,1.2,15038.33,3.5,155851,3.61,5.5,,,,,,A,5.33
1923481,9465241,,,,,2024-06-29,,Container,60.0,8.9,0.0,68.9,186.84,28.04,0.0,211.66,46.4,22.5,0.0,125.49,19.22,0.0,61.35,8.82,0.0,0.0,0.0,0.0,144.72,70.17,0.0,375.0,24.0,48.0,7.56,7.82,11.0,26.95,2.25,50.0,5.25,3.6,45081.0,0.5,155851,3.62,5.49,,,,,,A,5.33
1923482,9465241,,,,,2024-06-30,,Container,0.0,27.4,12.7,40.1,0.0,86.34,40.72,117.2,20.4,17.2,2.5,0.0,64.28,0.0,0.0,22.06,32.7,0.0,0.0,8.02,64.28,54.76,8.02,208.0,19.9,42.2,3.91,3.87,6.33,13.83,2.67,6.67,7.0,4.8,60088.67,106.0,155851,3.62,5.48,,,,,,A,5.33
1923483,9465241,,,,,2024-07-01,,Container,0.0,21.8,17.6,39.4,0.0,68.69,56.43,112.08,19.8,16.6,3.0,0.0,62.39,0.0,0.0,6.3,46.81,0.0,0.0,9.62,62.39,53.11,9.62,200.0,15.3,37.6,6.56,6.77,14.0,22.9,1.25,33.75,10.2,6.3,81473.0,183.25,155851,3.6,5.47,,,,,,A,5.33
1923484,9465241,,,,,2024-07-02,,Container,0.0,7.8,8.7,16.5,0.0,24.58,27.89,49.22,2.6,11.6,2.3,0.0,8.19,0.0,0.0,16.39,20.52,0.0,0.0,7.37,8.19,36.9,7.37,33.0,7.0,34.7,0.0,0.0,0.0,0.0,0.0,0.0,3.4,2.1,27153.33,0.0,155851,9.57,5.47,,,,,,E,5.33
1923485,9465241,,,,,2024-07-03,,Container,0.0,7.5,14.4,21.9,0.0,23.63,46.17,63.95,4.7,14.0,3.2,0.0,14.81,0.0,0.0,8.82,35.91,0.0,0.0,10.26,14.81,44.73,10.26,29.0,3.3,33.5,0.0,0.0,3.5,0.0,0.0,55.0,15.2,14.3,169935.6,48.0,155851,14.15,5.48,,,,,,E,5.33
1923486,9465241,,,,,2024-07-04,,Container,2.9,38.2,9.0,50.1,9.03,120.37,28.85,155.46,37.1,12.6,0.4,7.47,109.34,0.0,1.56,11.03,27.57,0.0,0.0,1.28,116.81,40.16,1.28,282.0,23.0,31.1,11.65,12.26,28.0,46.5,13.2,5.0,15.2,14.3,169893.0,157.0,155851,3.54,5.47,,,,,,A,5.33
1923487,9465241,,,,,2024-07-05,,Container,76.8,0.0,1.8,78.6,239.16,0.0,5.77,236.65,52.0,25.7,0.9,161.93,0.0,0.0,77.23,0.0,2.89,0.0,0.0,2.89,161.93,80.11,2.89,376.0,30.5,62.4,7.83,8.2,5.0,31.4,9.27,96.67,15.2,14.3,169744.67,45.67,155851,4.04,5.46,,,,,,A,5.33
1923488,9465241,,,,,2024-07-06,,Container,4.0,0.0,13.5,17.5,12.46,0.0,43.28,52.97,1.8,12.6,3.1,5.61,0.0,0.0,6.85,0.0,33.34,0.0,0.0,9.94,5.61,40.19,9.94,9.0,0.9,27.4,0.0,0.0,7.0,0.0,0.0,7.5,7.6,7.15,84909.35,43.5,155851,37.76,5.46,,,,,,E,5.33
1923489,9465241,,,,,2024-07-07,,Container,43.0,0.0,0.0,43.0,133.9,0.0,0.0,131.15,26.0,17.0,0.0,80.96,0.0,0.0,52.94,0.0,0.0,0.0,0.0,0.0,80.96,52.94,0.0,192.0,20.5,41.0,9.27,9.37,26.0,41.8,26.2,300.0,14.8,14.2,166556.0,288.0,155851,4.38,5.46,,,,,,A,5.33
1923490,9465241,,,,,2024-07-08,,Container,40.9,0.0,0.5,41.4,127.36,0.0,1.6,121.22,21.2,19.7,0.5,66.02,0.0,0.0,61.35,0.0,0.0,0.0,0.0,1.6,66.02,61.35,1.6,223.0,22.8,49.6,2.03,2.05,2.0,8.0,3.14,66.0,8.88,8.52,99912.0,62.2,155851,3.49,5.45,,,,,,A,5.33
1923491,9465241,,,,,2024-07-09,,Container,40.1,0.0,5.9,46.0,124.87,0.0,18.92,132.24,15.9,26.1,4.0,49.51,0.0,0.0,75.36,0.0,6.09,0.0,0.0,12.82,49.51,81.45,12.82,96.0,8.8,69.8,0.0,0.0,1.75,0.0,0.0,82.5,11.2,10.95,127279.9,38.25,155851,8.84,5.46,,,,,,E,5.33
1923492,9465241,,,,,2024-07-10,,Container,69.7,0.0,0.0,69.7,217.05,0.0,0.0,214.06,58.7,11.0,0.0,182.79,0.0,0.0,34.25,0.0,0.0,0.0,0.0,0.0,182.79,34.25,0.0,268.0,14.3,28.6,18.32,18.74,19.0,67.0,7.9,40.0,15.0,14.8,171236.0,173.0,155851,5.12,5.45,,,,,,C,5.33
1923493,9465241,,,,,2024-07-11,,Container,30.9,0.0,3.2,34.1,96.22,0.0,10.26,97.49,11.9,19.0,3.2,37.06,0.0,0.0,59.17,0.0,0.0,0.0,0.0,10.26,37.06,59.17,10.26,133.0,16.0,48.0,2.84,2.8,6.33,11.9,7.47,110.0,15.0,14.8,171208.33,61.0,155851,4.7,5.45,,,,,,B,5.33
1923494,9465241,,,,,2024-07-12,,Container,21.0,0.0,3.4,24.4,65.39,0.0,10.9,73.29,2.5,18.5,3.4,7.78,0.0,0.0,57.61,0.0,0.0,0.0,0.0,10.9,7.78,57.61,10.9,23.0,2.6,48.0,0.0,0.0,0.0,0.0,0.0,0.0,15.0,14.8,171181.0,0.0,155851,20.45,5.46,,,,,,E,5.33
1923495,9465241,,,,,2024-07-13,,Container,19.0,0.0,3.1,22.1,59.17,0.0,9.94,66.1,0.6,18.4,3.1,1.87,0.0,0.0,57.3,0.0,0.0,0.0,0.0,9.94,1.87,57.3,9.94,4.0,1.0,48.0,0.0,0.0,0.0,0.0,0.0,0.0,7.5,7.4,85579.5,0.0,155851,106.03,5.47,,,,,,E,5.33
1923496,9465241,,,,,2024-07-14,,Container,38.9,0.0,3.8,42.7,121.13,0.0,12.18,127.33,14.4,24.5,3.8,44.84,0.0,0.0,76.29,0.0,0.0,0.0,0.0,12.18,44.84,76.29,12.18,88.0,7.6,64.9,0.0,0.0,0.0,0.0,0.0,0.0,7.5,7.4,85562.25,0.0,155851,9.28,5.47,,,,,,E,5.33
1923497,9465241,,,,,2024-07-15,,Container,37.9,0.0,3.1,41.0,118.02,0.0,9.94,124.79,18.1,19.8,3.1,56.36,0.0,0.0,61.66,0.0,0.0,0.0,0.0,9.94,56.36,61.66,9.94,140.0,12.4,57.6,5.19,5.29,15.2,19.68,4.48,16.0,15.0,14.89,170889.0,97.2,155851,5.72,5.48,,,,,,D,5.33
1923498,9465241,,,,,2024-07-16,,Container,10.4,0.0,2.2,12.6,32.39,0.0,7.05,38.82,0.0,10.4,2.2,0.0,0.0,0.0,32.39,0.0,0.0,0.0,0.0,7.05,0.0,32.39,7.05,0.0,0.0,27.5,0.0,0.0,0.0,0.0,0.0,0.0,0.0,0.0,0.0,0.0,155851,,5.48,,,,,,,5.33
1923499,9465241,,,,,2024-07-17,,Container,32.7,0.0,2.8,35.5,101.83,0.0,8.98,109.31,16.3,16.4,2.8,50.76,0.0,0.0,51.07,0.0,0.0,0.0,0.0,8.98,50.76,51.07,8.98,83.0,5.7,42.0,5.62,5.62,18.67,20.4,3.1,18.33,13.9,13.68,154729.6,100.67,155851,8.45,5.49,,,,,,E,5.33
1923500,9465241,,,,,2024-07-18,,Container,117.6,0.0,0.6,118.2,366.21,0.0,1.92,367.25,95.1,22.5,0.6,296.14,0.0,0.0,70.06,0.0,0.0,0.0,0.0,1.92,296.14,70.06,1.92,434.0,28.4,61.4,8.52,8.29,7.0,32.85,8.45,2.5,13.9,13.7,154606.0,133.5,155851,5.43,5.49,,,,,,C,5.33
1923501,9465241,,,,,2024-07-19,,Container,35.3,0.0,1.8,37.1,109.92,0.0,5.77,114.37,22.6,12.7,1.8,70.38,0.0,0.0,39.55,0.0,0.0,0.0,0.0,5.77,70.38,39.55,5.77,103.0,7.1,29.9,5.68,5.68,13.33,22.17,5.2,113.33,14.3,14.2,162249.0,129.67,155851,7.12,5.49,,,,,,E,5.33
1923502,9465241,,,,,2024-07-20,,Container,50.0,0.0,17.5,67.5,155.7,0.0,56.1,210.02,36.6,28.3,2.6,101.52,0.0,12.82,54.18,0.0,34.95,0.0,0.0,8.34,114.34,89.13,8.34,241.0,19.0,65.5,3.58,3.56,0.75,13.82,3.8,65.0,11.08,10.52,123202.1,67.0,155851,5.59,5.49,,,,,,C,5.33
1923503,9465241,,,,,2024-07-21,,Container,37.4,0.0,5.3,42.7,116.46,0.0,16.99,132.57,28.2,9.4,5.1,87.19,0.0,0.64,29.27,0.0,0.0,0.0,0.0,16.35,87.83,29.27,16.35,171.0,11.8,25.3,7.82,7.94,29.0,30.25,6.8,170.0,15.5,15.5,178321.2,97.5,155851,4.97,5.49,,,,,,B,5.33
1923504,9465241,,,,,2024-07-22,,Container,90.8,0.0,0.0,90.8,282.75,0.0,0.0,282.31,71.7,19.1,0.0,223.27,0.0,0.0,59.48,0.0,0.0,0.0,0.0,0.0,223.27,59.48,0.0,377.0,24.0,48.0,15.46,15.71,31.0,60.5,14.5,350.0,15.5,15.5,178215.0,206.0,155851,4.8,5.48,,,,,,B,5.33
1923505,9465241,,,,,2024-07-23,,Container,79.2,0.0,0.0,79.2,246.63,0.0,0.0,246.19,59.4,19.8,0.0,184.97,0.0,0.0,61.66,0.0,0.0,0.0,0.0,0.0,184.97,61.66,0.0,306.0,24.0,50.1,13.33,12.75,42.0,54.6,23.1,30.0,15.5,15.5,178136.0,223.0,155851,5.16,5.48,,,,,,C,5.33
1923506,9465241,,,,,2024-07-24,,Container,47.4,0.0,0.0,47.4,147.6,0.0,0.0,147.16,28.5,18.9,0.0,88.75,0.0,0.0,58.85,0.0,0.0,0.0,0.0,0.0,88.75,58.85,0.0,234.0,24.0,52.0,10.08,9.75,27.0,41.4,22.5,350.0,15.5,15.5,178089.0,208.0,155851,4.04,5.47,,,,,,A,5.33
1923507,9465241,,,,,2024-07-25,,Container,58.1,0.0,2.0,60.1,180.92,0.0,6.41,186.01,30.7,27.4,2.0,95.6,0.0,0.0,85.32,0.0,0.0,0.0,0.0,6.41,95.6,85.32,6.41,293.0,34.0,69.1,5.9,5.74,18.33,25.1,16.47,226.67,15.5,15.5,178036.0,135.67,155851,4.07,5.47,,,,,,A,5.33
1923508,9465241,,,,,2024-07-26,,Container,40.8,0.0,2.2,43.0,127.05,0.0,7.05,133.22,23.1,17.7,2.2,71.93,0.0,0.0,55.12,0.0,0.0,0.0,0.0,7.05,71.93,55.12,7.05,161.0,15.4,48.0,0.0,0.0,0.0,0.0,0.0,0.0,15.5,15.4,177995.0,0.0,155851,5.31,5.47,,,,,,C,5.33
1923509,9465241,,,,,2024-07-27,,Container,8.4,0.0,4.6,13.0,26.16,0.0,14.75,40.91,0.0,10.9,2.1,0.0,0.0,0.0,26.16,0.0,8.02,0.0,0.0,6.73,0.0,34.17,6.73,0.0,0.0,31.2,0.0,0.0,0.0,0.0,0.0,0.0,0.0,0.0,0.0,0.0,155851,,5.47,,,,,,,5.33
1923510,9465241,,,,,2024-07-28,,Container,35.3,0.0,4.8,40.1,109.92,0.0,15.39,121.62,21.1,16.7,2.3,65.71,0.0,0.0,44.22,0.0,8.02,0.0,0.0,7.37,65.71,52.23,7.37,121.0,8.3,49.7,5.24,5.5,3.33,19.47,2.3,176.67,16.0,16.0,188922.5,201.67,155851,6.45,5.47,,,,,,E,5.33
1923511,9465241,,,,,2024-07-29,,Container,90.6,0.0,0.0,90.6,282.13,0.0,0.0,280.28,72.5,18.1,0.0,225.76,0.0,0.0,56.36,0.0,0.0,0.0,0.0,0.0,225.76,56.36,0.0,393.0,25.0,50.0,15.8,15.72,8.0,60.0,13.7,5.0,16.0,16.0,188832.0,281.0,155851,4.58,5.47,,,,,,B,5.33
1923512,9465241,,,,,2024-07-30,,Container,88.0,0.0,0.0,88.0,274.03,0.0,0.0,272.19,70.7,17.3,0.0,220.16,0.0,0.0,53.87,0.0,0.0,0.0,0.0,0.0,220.16,53.87,0.0,380.0,24.0,48.0,15.17,15.83,37.0,60.1,13.2,330.0,16.0,16.0,188744.0,270.0,155851,4.6,5.46,,,,,,B,5.33
1923513,9465241,,,,,2024-07-31,,Container,96.9,0.0,0.0,96.9,301.75,0.0,0.0,299.9,78.8,18.1,0.0,245.38,0.0,0.0,56.36,0.0,0.0,0.0,0.0,0.0,245.38,56.36,0.0,393.0,25.0,50.0,15.2,15.72,33.0,61.3,15.5,350.0,16.0,16.0,188647.0,268.0,155851,4.9,5.46,,,,,,B,5.33
1923514,9465241,,,,,2024-08-01,,Container,91.0,0.0,0.0,91.0,283.37,0.0,0.0,281.53,75.1,15.9,0.0,233.86,0.0,0.0,49.51,0.0,0.0,0.0,0.0,0.0,233.86,49.51,0.0,350.0,24.0,48.0,15.0,14.58,28.0,61.0,21.2,350.0,16.0,16.0,188556.0,297.0,155851,5.16,5.45,,,,,,C,5.33
1923515,9465241,,,,,2024-08-02,,Container,100.6,0.0,0.0,100.6,313.27,0.0,0.0,311.42,82.9,17.7,0.0,258.15,0.0,0.0,55.12,0.0,0.0,0.0,0.0,0.0,258.15,55.12,0.0,387.0,25.0,50.0,15.56,15.48,24.0,62.1,17.9,320.0,16.0,16.0,188455.0,338.0,155851,5.16,5.45,,,,,,C,5.33
1923516,9465241,,,,,2024-08-03,,Container,97.1,0.0,0.0,97.1,302.37,0.0,0.0,300.52,79.6,17.5,0.0,247.87,0.0,0.0,54.5,0.0,0.0,0.0,0.0,0.0,247.87,54.5,0.0,346.0,24.0,48.6,2.97,2.88,7.8,12.44,4.74,62.0,3.2,3.2,37671.6,63.6,155851,5.57,5.45,,,,,,C,5.33
1923517,9465241,,,,,2024-08-04,,Container,90.3,0.0,0.0,90.3,281.19,0.0,0.0,279.35,74.3,16.0,0.0,231.37,0.0,0.0,49.82,0.0,0.0,0.0,0.0,0.0,231.37,49.82,0.0,324.0,24.0,48.0,13.54,13.5,28.0,59.5,25.3,310.0,16.0,16.0,188268.0,325.0,155851,5.53,5.45,,,,,,C,5.33
1923518,9465241,,,,,2024-08-05,,Container,88.9,0.0,0.0,88.9,276.83,0.0,0.0,274.99,72.7,16.2,0.0,226.39,0.0,0.0,50.45,0.0,0.0,0.0,0.0,0.0,226.39,50.45,0.0,324.0,24.0,48.0,13.5,13.5,28.0,58.9,24.5,330.0,16.0,16.0,188179.0,275.0,155851,5.45,5.45,,,,,,C,5.33
1923519,9465241,,,,,2024-08-06,,Container,90.9,0.0,0.0,90.9,283.06,0.0,0.0,281.22,74.0,16.9,0.0,230.44,0.0,0.0,52.63,0.0,0.0,0.0,0.0,0.0,230.44,52.63,0.0,378.0,25.0,50.3,14.68,15.12,9.0,59.1,15.8,60.0,16.0,16.0,188900.0,280.0,155851,4.77,5.45,,,,,,B,5.33
1923520,9465241,,,,,2024-08-07,,Container,66.4,0.0,0.9,67.3,206.77,0.0,2.89,205.96,48.6,17.8,0.9,151.34,0.0,0.0,55.43,0.0,0.0,0.0,0.0,2.89,151.34,55.43,2.89,321.0,24.2,56.1,4.54,4.62,6.0,17.67,4.63,110.0,10.67,10.67,125905.33,63.67,155851,4.12,5.44,,,,,,A,5.33
1923521,9465241,,,,,2024-08-08,,Container,23.7,0.0,4.7,28.4,73.8,0.0,15.07,81.7,3.7,20.0,4.7,11.52,0.0,0.0,62.28,0.0,0.0,0.0,0.0,15.07,11.52,62.28,15.07,31.0,4.0,65.6,1.78,1.56,5.4,7.74,6.38,20.0,12.48,12.0,143933.36,103.6,155851,16.91,5.45,,,,,,E,5.33
1923522,9465241,,,,,2024-08-09,,Container,17.7,0.0,3.0,20.7,55.12,0.0,9.62,62.94,5.5,12.2,3.0,17.13,0.0,0.0,37.99,0.0,0.0,0.0,0.0,9.62,17.13,37.99,9.62,39.0,5.9,42.8,0.0,0.0,0.0,0.0,0.0,0.0,15.6,15.0,179900.0,0.0,155851,10.36,5.45,,,,,,E,5.33
1923523,9465241,,,,,2024-08-10,,Container,38.4,0.0,3.3,41.7,119.58,0.0,10.58,124.33,16.0,22.4,3.3,49.82,0.0,0.0,69.75,0.0,0.0,0.0,0.0,10.58,49.82,69.75,10.58,168.0,17.2,71.3,5.26,5.26,5.0,19.17,4.8,82.5,14.38,14.3,165266.3,221.75,155851,4.75,5.45,,,,,,B,5.33
1923524,9465241,,,,,2024-08-11,,Container,20.4,0.0,2.9,23.3,63.53,0.0,9.3,67.71,7.1,13.3,2.9,22.11,0.0,0.0,41.42,0.0,0.0,0.0,0.0,9.3,22.11,41.42,9.3,59.0,7.5,44.6,0.0,0.0,1.0,0.0,0.0,1.25,10.2,10.1,113625.55,15.0,155851,7.36,5.45,,,,,,E,5.33
1923525,9465241,,,,,2024-08-12,,Container,25.6,0.0,0.4,26.0,79.72,0.0,1.28,78.71,14.8,10.8,0.4,46.09,0.0,0.0,33.63,0.0,0.0,0.0,0.0,1.28,46.09,33.63,1.28,160.0,16.6,34.2,4.97,4.93,3.0,18.65,6.45,175.0,13.3,13.2,146977.0,5.5,155851,3.16,5.44,,,,,,A,5.33
1923526,9465241,,,,,2024-08-13,,Container,14.2,0.0,3.3,17.5,44.22,0.0,10.58,53.65,0.0,14.2,3.3,0.0,0.0,0.0,44.22,0.0,0.0,0.0,0.0,10.58,0.0,44.22,10.58,0.0,0.0,49.1,0.0,0.0,0.0,0.0,0.0,0.0,13.3,13.2,146960.0,0.0,155851,,5.45,,,,,,,5.33
1923527,9465241,,,,,2024-08-14,,Container,31.4,0.0,4.2,35.6,97.78,0.0,13.47,108.95,8.7,22.7,4.2,27.09,0.0,0.0,70.69,0.0,0.0,0.0,0.0,13.47,27.09,70.69,13.47,68.0,11.0,78.5,0.0,0.0,0.0,0.0,0.0,0.0,13.3,13.2,146954.0,0.0,155851,10.28,5.46,,,,,,E,5.33
1923528,9465241,,,,,2024-08-15,,Container,7.8,0.0,1.8,9.6,24.29,0.0,5.77,28.91,0.0,7.8,1.8,0.0,0.0,0.0,24.29,0.0,0.0,0.0,0.0,5.77,0.0,24.29,5.77,0.0,0.0,27.0,0.0,0.0,0.0,0.0,0.0,0.0,0.0,0.0,0.0,0.0,155851,,5.46,,,,,,,5.33
1923529,9465241,,,,,2024-08-16,,Container,17.1,0.0,3.5,20.6,53.25,0.0,11.22,61.56,1.6,15.5,3.5,4.98,0.0,0.0,48.27,0.0,0.0,0.0,0.0,11.22,4.98,48.27,11.22,12.0,1.6,54.9,0.0,0.0,7.33,0.0,0.0,110.0,7.0,6.93,74236.67,23.33,155851,32.92,5.46,,,,,,E,5.33
1923530,9465241,,,,,2024-08-17,,Container,31.1,0.0,1.9,33.0,96.85,0.0,6.09,100.99,18.9,13.7,0.4,55.74,0.0,3.21,41.1,0.0,1.6,0.0,0.0,1.28,58.95,42.71,1.28,220.0,21.7,43.4,5.06,5.14,9.5,18.5,4.3,165.0,10.5,10.4,111327.0,143.5,155851,2.95,5.45,,,,,,A,5.33
1923531,9465241,,,,,2024-08-18,,Container,0.0,0.0,19.6,19.6,0.0,0.0,62.84,61.84,1.8,14.5,3.3,0.0,0.0,5.77,0.0,0.0,46.49,0.0,0.0,10.58,5.77,46.49,10.58,8.0,2.5,48.0,0.0,0.0,0.0,0.0,0.0,0.0,10.5,10.4,111307.0,0.0,155851,49.6,5.46,,,,,,E,5.33
1923532,9465241,,,,,2024-08-19,,Container,0.0,0.0,19.3,19.3,0.0,0.0,61.88,60.88,1.4,14.4,3.5,0.0,0.0,4.49,0.0,0.0,46.17,0.0,0.0,11.22,4.49,46.17,11.22,11.0,1.8,48.0,0.0,0.0,0.0,0.0,0.0,0.0,10.5,10.4,111288.0,0.0,155851,35.51,5.47,,,,,,E,5.33
1923533,9465241,,,,,2024-08-20,,Container,0.0,0.0,26.2,26.2,0.0,0.0,84.0,82.47,9.4,13.9,2.9,0.0,0.0,30.14,0.0,0.0,44.56,0.0,0.0,9.3,30.14,44.56,9.3,114.0,12.6,46.9,0.0,0.0,0.0,0.0,0.0,0.0,5.25,5.2,55633.5,0.0,155851,4.64,5.47,,,,,,B,5.33
1923534,9465241,,,,,2024-08-21,,Container,0.0,0.0,15.1,15.1,0.0,0.0,48.41,47.88,0.2,11.5,3.4,0.0,0.0,0.64,0.0,0.0,36.87,0.0,0.0,10.9,0.64,36.87,10.9,0.0,0.0,28.1,0.0,0.0,0.0,0.0,0.0,0.0,0.0,0.0,0.0,0.0,155851,,5.47,,,,,,,5.33
1923535,9465241,,,,,2024-08-22,,Container,0.0,0.0,14.8,14.8,0.0,0.0,47.45,46.39,0.0,11.3,3.5,0.0,0.0,0.0,0.0,0.0,36.23,0.0,0.0,11.22,0.0,36.23,11.22,0.0,0.0,31.7,0.0,0.0,0.0,0.0,0.0,0.0,3.17,1.67,23822.93,0.0,155851,,5.48,,,,,,,5.33
1923536,9465241,,,,,2024-08-23,,Container,27.9,0.0,17.5,45.4,86.88,0.0,56.1,142.75,31.7,12.1,1.6,58.85,0.0,41.04,28.03,0.0,9.94,0.0,0.0,5.13,99.89,37.96,5.13,241.0,21.2,50.5,6.06,6.01,12.0,21.32,4.2,22.5,9.5,5.0,71452.2,132.5,155851,3.8,5.47,,,,,,A,5.33
1923537,9465241,,,,,2024-08-24,,Container,6.6,0.0,1.9,8.5,20.55,0.0,6.09,26.58,0.0,6.6,1.9,0.0,0.0,0.0,20.55,0.0,0.0,0.0,0.0,6.09,0.0,20.55,6.09,0.0,0.0,15.7,0.0,0.0,0.0,0.0,0.0,0.0,0.0,0.0,0.0,0.0,155851,,5.47,,,,,,,5.33
1923538,9465241,,,,,2024-08-25,,Container,41.0,0.0,3.1,44.1,127.67,0.0,9.94,137.32,25.0,16.0,3.1,77.85,0.0,0.0,49.82,0.0,0.0,0.0,0.0,9.94,77.85,49.82,9.94,128.0,10.8,52.5,3.25,3.25,6.6,12.7,3.2,10.0,12.2,11.3,126970.4,56.0,155851,6.88,5.48,,,,,,E,5.33
1923539,9465241,,,,,2024-08-26,,Container,8.6,0.0,2.4,11.0,26.78,0.0,7.69,34.42,0.0,8.6,2.4,0.0,0.0,0.0,26.78,0.0,0.0,0.0,0.0,7.69,0.0,26.78,7.69,0.0,0.0,20.3,0.0,0.0,0.0,0.0,0.0,0.0,0.0,0.0,0.0,0.0,155851,,5.48,,,,,,,5.33
1923540,9465241,,,,,2024-08-27,,Container,18.0,0.0,4.5,22.5,56.05,0.0,14.43,70.3,1.9,16.1,4.5,5.92,0.0,0.0,50.14,0.0,0.0,0.0,0.0,14.43,5.92,50.14,14.43,14.0,2.5,40.6,0.0,0.0,6.67,0.0,0.0,10.0,8.8,8.2,94959.4,18.67,155851,32.22,5.49,,,,,,E,5.33
1923541,9465241,,,,,2024-08-28,,Container,59.6,0.0,0.2,59.8,185.59,0.0,0.64,186.06,46.2,13.4,0.2,143.87,0.0,0.0,41.73,0.0,0.0,0.0,0.0,0.64,143.87,41.73,0.64,299.0,21.4,43.6,9.28,9.33,8.0,34.3,13.17,116.67,13.2,12.3,142398.0,71.33,155851,3.99,5.48,,,,,,A,5.33
1923542,9465241,,,,,2024-08-29,,Container,8.6,0.0,2.1,10.7,26.78,0.0,6.73,33.45,0.0,8.6,2.1,0.0,0.0,0.0,26.78,0.0,0.0,0.0,0.0,6.73,0.0,26.78,6.73,0.0,0.0,31.0,0.0,0.0,0.0,0.0,0.0,0.0,13.2,12.3,142398.0,0.0,155851,,5.48,,,,,,,5.33
1923543,9465241,,,,,2024-08-30,,Container,17.1,0.0,3.3,20.4,53.25,0.0,10.58,63.74,2.6,14.5,3.3,8.1,0.0,0.0,45.15,0.0,0.0,0.0,0.0,10.58,8.1,45.15,10.58,24.0,3.5,55.6,0.0,0.0,0.0,0.0,0.0,0.0,6.6,6.15,71190.0,0.0,155851,17.04,5.49,,,,,,E,5.33
1923544,9465241,,,,,2024-08-31,,Container,13.3,0.0,3.3,16.6,41.42,0.0,10.58,51.97,0.0,13.3,3.3,0.0,0.0,0.0,41.42,0.0,0.0,0.0,0.0,10.58,0.0,41.42,10.58,0.0,0.0,48.9,0.0,0.0,0.0,0.0,0.0,0.0,0.0,0.0,0.0,0.0,155851,,5.49,,,,,,,5.33
1923545,9465241,,,,,2024-09-01,,Container,21.4,0.0,3.0,24.4,66.64,0.0,9.62,76.17,7.8,13.6,3.0,24.29,0.0,0.0,42.35,0.0,0.0,0.0,0.0,9.62,24.29,42.35,9.62,42.0,3.3,51.1,5.29,5.29,14.0,16.97,-0.93,25.67,11.2,10.5,117262.6,18.0,155851,11.64,5.5,,,,,,E,5.33
1923546,9465241,,,,,2024-09-02,,Container,115.3,0.0,0.0,115.3,359.04,0.0,0.0,359.01,100.8,14.5,0.0,313.89,0.0,0.0,45.15,0.0,0.0,0.0,0.0,0.0,313.89,45.15,0.0,418.0,24.0,48.5,17.33,17.42,24.0,66.2,13.4,350.0,11.2,10.5,117262.6,210.0,155851,5.51,5.5,,,,,,C,5.33
1923547,9465241,,,,,2024-09-03,,Container,111.7,0.0,0.0,111.7,347.83,0.0,0.0,347.8,96.5,15.2,0.0,300.5,0.0,0.0,47.33,0.0,0.0,0.0,0.0,0.0,300.5,47.33,0.0,424.0,24.0,48.0,17.42,17.67,17.0,64.6,10.0,20.0,11.2,10.5,117262.6,128.0,155851,5.26,5.5,,,,,,C,5.33
1923548,9465241,,,,,2024-09-04,,Container,107.8,0.0,0.0,107.8,335.69,0.0,0.0,335.66,93.8,14.0,0.0,292.09,0.0,0.0,43.6,0.0,0.0,0.0,0.0,0.0,292.09,43.6,0.0,414.0,23.0,46.0,17.61,18.0,15.0,65.1,8.9,80.0,11.2,10.5,116923.0,118.0,155851,5.2,5.49,,,,,,C,5.33
1923549,9465241,,,,,2024-09-05,,Container,112.0,0.0,0.0,112.0,348.77,0.0,0.0,348.74,97.7,14.3,0.0,304.24,0.0,0.0,44.53,0.0,0.0,0.0,0.0,0.0,304.24,44.53,0.0,440.0,24.0,48.0,17.88,18.33,19.0,65.2,7.4,60.0,11.2,10.5,116811.0,156.0,155851,5.09,5.49,,,,,,C,5.33
1923550,9465241,,,,,2024-09-06,,Container,105.9,0.0,0.0,105.9,329.77,0.0,0.0,329.74,91.1,14.8,0.0,283.69,0.0,0.0,46.09,0.0,0.0,0.0,0.0,0.0,283.69,46.09,0.0,440.0,24.0,48.0,3.63,3.67,3.0,12.98,1.4,16.0,2.24,2.04,23004.78,25.4,155851,4.81,5.49,,,,,,B,5.33
1923551,9465241,,,,,2024-09-07,,Container,107.1,0.0,0.0,107.1,333.51,0.0,0.0,333.48,92.5,14.6,0.0,288.04,0.0,0.0,45.46,0.0,0.0,0.0,0.0,0.0,288.04,45.46,0.0,420.0,23.0,46.0,17.52,18.26,15.0,64.1,6.2,115.0,11.0,9.8,111228.0,89.0,155851,5.09,5.48,,,,,,C,5.33
1923552,9465241,,,,,2024-09-08,,Container,98.7,0.0,0.0,98.7,307.35,0.0,0.0,307.32,84.8,13.9,0.0,264.07,0.0,0.0,43.28,0.0,0.0,0.0,0.0,0.0,264.07,43.28,0.0,411.0,23.0,50.7,16.96,17.87,5.0,62.8,6.3,50.0,11.2,10.0,113514.8,62.0,155851,4.8,5.48,,,,,,B,5.33
1923553,9465241,,,,,2024-09-09,,Container,96.4,0.0,0.0,96.4,300.19,0.0,0.0,300.16,82.2,14.2,0.0,255.97,0.0,0.0,44.22,0.0,0.0,0.0,0.0,0.0,255.97,44.22,0.0,399.0,24.0,51.7,16.92,16.63,24.0,62.0,11.6,30.0,11.2,10.0,113418.0,132.0,155851,4.83,5.47,,,,,,B,5.33
1923554,9465241,,,,,2024-09-10,,Container,90.1,0.0,0.0,90.1,280.57,0.0,0.0,280.54,77.0,13.1,0.0,239.78,0.0,0.0,40.79,0.0,0.0,0.0,0.0,0.0,239.78,40.79,0.0,375.0,23.0,46.0,16.3,16.3,4.0,61.4,11.9,35.0,11.2,10.0,113327.0,131.0,155851,4.8,5.47,,,,,,B,5.33
1923555,9465241,,,,,2024-09-11,,Container,91.3,0.0,0.0,91.3,284.31,0.0,0.0,284.28,77.2,14.1,0.0,240.4,0.0,0.0,43.91,0.0,0.0,0.0,0.0,0.0,240.4,43.91,0.0,407.0,24.0,48.0,16.75,16.96,6.0,60.4,7.6,40.0,11.0,9.9,111718.7,33.0,155851,4.48,5.46,,,,,,B,5.33
1923556,9465241,,,,,2024-09-12,,Container,93.1,0.0,0.0,93.1,289.91,0.0,0.0,289.88,78.5,14.6,0.0,244.45,0.0,0.0,45.46,0.0,0.0,0.0,0.0,0.0,244.45,45.46,0.0,421.0,24.0,48.0,16.92,17.54,15.0,61.7,6.4,320.0,10.9,9.6,109189.8,26.0,155851,4.42,5.46,,,,,,A,5.33
1923557,9465241,,,,,2024-09-13,,Container,99.0,0.0,0.0,99.0,308.29,0.0,0.0,308.26,84.5,14.5,0.0,263.13,0.0,0.0,45.15,0.0,0.0,0.0,0.0,0.0,263.13,45.15,0.0,419.0,24.0,48.0,16.96,17.46,27.0,62.8,8.4,340.0,11.0,9.8,111115.8,30.0,155851,4.72,5.45,,,,,,B,5.33
1923558,9465241,,,,,2024-09-14,,Container,39.4,0.0,2.9,42.3,122.69,0.0,9.3,131.96,25.0,14.4,2.9,77.85,0.0,0.0,44.84,0.0,0.0,0.0,0.0,9.3,77.85,44.84,9.3,214.0,24.0,48.0,9.46,8.92,21.0,35.6,17.6,20.0,11.0,9.8,111115.8,29.0,155851,3.96,5.45,,,,,,A,5.33
1923559,9465241,,,,,2024-09-15,,Container,29.1,0.0,3.1,32.2,90.62,0.0,9.94,100.53,15.8,13.3,3.1,49.2,0.0,0.0,41.42,0.0,0.0,0.0,0.0,9.94,49.2,41.42,9.94,192.0,24.0,50.2,7.92,8.0,18.0,31.5,16.5,360.0,11.0,9.6,109423.5,42.0,155851,3.36,5.44,,,,,,A,5.33
1923560,9465241,,,,,2024-09-16,,Container,38.0,0.0,0.2,38.2,118.33,0.0,0.64,118.94,24.6,13.4,0.2,76.6,0.0,0.0,41.73,0.0,0.0,0.0,0.0,0.64,76.6,41.73,0.64,257.0,24.0,48.4,10.29,10.71,20.0,39.3,10.3,40.0,11.0,9.6,109423.5,40.0,155851,2.97,5.43,,,,,,A,5.33
1923561,9465241,,,,,2024-09-17,,Container,90.4,0.0,0.0,90.4,281.51,0.0,0.0,281.48,75.7,14.7,0.0,235.73,0.0,0.0,45.78,0.0,0.0,0.0,0.0,0.0,235.73,45.78,0.0,400.0,24.0,48.0,16.13,16.67,17.0,58.2,5.7,60.0,10.9,10.4,114482.8,0.0,155851,4.52,5.42,,,,,,B,5.33
1923562,9465241,,,,,2024-09-18,,Container,72.6,0.0,2.5,75.1,226.08,0.0,8.01,233.73,60.3,13.6,1.2,187.77,0.0,0.0,38.3,0.0,4.17,0.0,0.0,3.85,187.77,42.47,3.85,289.0,20.1,48.8,4.34,4.21,4.75,16.27,3.7,15.0,5.45,5.2,57241.4,85.0,155851,5.19,5.42,,,,,,C,5.33
1923563,9465241,,,,,2024-09-19,,Container,16.2,0.0,10.5,26.7,50.45,0.0,33.66,82.07,9.6,14.2,2.9,29.89,0.0,0.0,20.55,0.0,24.37,0.0,0.0,9.3,29.89,44.92,9.3,139.0,10.4,42.2,4.02,4.02,12.0,15.28,4.98,198.0,12.6,9.2,115667.32,86.2,155851,3.79,5.42,,,,,,A,5.33
1923564,9465241,,,,,2024-09-20,,Container,36.1,0.0,1.9,38.0,112.42,0.0,6.09,117.39,24.6,11.5,1.9,76.6,0.0,0.0,35.81,0.0,0.0,0.0,0.0,6.09,76.6,35.81,6.09,98.0,6.0,40.0,8.0,8.16,27.0,29.7,4.7,45.0,12.6,9.2,115535.4,136.0,155851,7.69,5.42,,,,,,E,5.33
1159741,9465241,,,,,2021-01-13,,Container,0.0,0.0,0.0,0.0,0.0,0.0,0.0,0.0,0.0,0.0,0.0,0.0,0.0,0.0,0.0,0.0,0.0,0.0,0.0,0.0,0.0,0.0,0.0,291.0,24.0,,12.17,12.12,15.0,44.4,9.3,30.0,14.3,14.3,162920.0,202.0,0,,,,,,,,,
67647,9465241,,,,,2019-01-01,1.0,Container,55.15,,0.0,55.15,171.74,,0.0,171.74,45.99,9.16,0.0,143.21,,0.0,28.52,,0.0,0.0,,0.0,143.21,28.52,0.0,277.0,18.8,20.1,14.41,14.73,13.0,55.0,11.5,20.0,15.75,15.55,182374.0,139.0,148342,4.18,4.18,15.65,A,,,,A,5.87
1923565,9465241,,,,,2024-09-21,,Container,96.2,0.0,0.0,96.2,299.57,0.0,0.0,299.01,82.8,13.4,0.0,257.84,0.0,0.0,41.73,0.0,0.0,0.0,0.0,0.0,257.84,41.73,0.0,356.0,22.0,44.0,15.86,16.18,26.0,63.4,15.9,350.0,12.6,9.2,115535.4,275.0,155851,5.39,5.42,,,,,,C,5.33
1923566,9465241,,,,,2024-09-22,,Container,23.6,0.0,3.2,26.8,73.49,0.0,10.26,83.19,10.4,13.2,3.2,32.39,0.0,0.0,41.1,0.0,0.0,0.0,0.0,10.26,32.39,41.1,10.26,70.0,12.8,48.0,0.0,0.0,0.0,0.0,0.0,0.0,12.6,9.2,115535.4,0.0,155851,7.63,5.42,,,,,,E,5.33
1923567,9465241,,,,,2024-09-23,,Container,19.6,0.0,3.1,22.7,61.03,0.0,9.94,70.41,6.8,12.8,3.1,21.18,0.0,0.0,39.86,0.0,0.0,0.0,0.0,9.94,21.18,39.86,9.94,66.0,12.3,48.0,0.0,0.0,0.0,0.0,0.0,0.0,12.6,9.2,115535.4,0.0,155851,6.85,5.43,,,,,,E,5.33
1923568,9465241,,,,,2024-09-24,,Container,18.0,0.0,3.2,21.2,56.05,0.0,10.26,65.75,5.2,12.8,3.2,16.19,0.0,0.0,39.86,0.0,0.0,0.0,0.0,10.26,16.19,39.86,10.26,54.0,8.8,48.0,0.0,0.0,0.0,0.0,0.0,0.0,12.6,9.2,115535.4,0.0,155851,7.81,5.43,,,,,,E,5.33
1923569,9465241,,,,,2024-09-25,,Container,26.5,0.0,4.1,30.6,82.52,0.0,13.14,94.55,9.7,16.8,4.1,30.21,0.0,0.0,52.32,0.0,0.0,0.0,0.0,13.14,30.21,52.32,13.14,98.0,12.0,67.3,0.0,0.0,0.0,0.0,0.0,0.0,12.6,9.2,115535.4,0.0,155851,6.19,5.43,,,,,,D,5.33
1923570,9465241,,,,,2024-09-26,,Container,17.5,0.0,7.9,25.4,54.5,0.0,25.33,77.02,10.3,12.2,2.9,32.07,0.0,0.0,22.42,0.0,16.03,0.0,0.0,9.3,32.07,38.45,9.3,107.0,10.3,35.9,3.5,3.5,6.0,12.68,2.28,114.17,10.67,8.75,103640.83,80.33,155851,4.62,5.43,,,,,,B,5.33
1923571,9465241,,,,,2024-09-27,,Container,8.5,0.0,2.3,10.8,26.47,0.0,7.37,33.28,0.0,8.5,2.3,0.0,0.0,0.0,26.47,0.0,0.0,0.0,0.0,7.37,0.0,26.47,7.37,0.0,0.0,35.8,0.0,0.0,0.0,0.0,0.0,0.0,12.8,10.5,124369.0,0.0,155851,,5.43,,,,,,,5.33
1923572,9465241,,,,,2024-09-28,,Container,16.5,0.0,3.8,20.3,51.38,0.0,12.18,62.43,5.5,11.6,3.2,17.13,0.0,0.0,34.25,0.0,1.92,0.0,0.0,10.26,17.13,36.18,10.26,60.0,6.2,41.5,0.0,0.0,0.0,0.0,0.0,0.0,6.4,5.25,62184.5,0.0,155851,6.68,5.43,,,,,,E,5.33
1923573,9465241,,,,,2024-09-29,,Container,8.0,0.0,14.8,22.8,24.91,0.0,47.45,70.69,5.5,12.9,4.4,17.13,0.0,0.0,7.78,0.0,33.34,0.0,0.0,14.11,17.13,41.13,14.11,35.0,2.5,41.1,0.0,0.0,8.33,0.0,0.0,26.67,9.8,9.73,110763.07,37.33,155851,12.96,5.44,,,,,,E,5.33
1923574,9465241,,,,,2024-09-30,,Container,52.5,0.0,0.0,52.5,163.48,0.0,0.0,162.96,44.1,8.4,0.0,137.33,0.0,0.0,26.16,0.0,0.0,0.0,0.0,0.0,137.33,26.16,0.0,209.0,13.0,26.0,16.08,16.08,21.0,61.1,13.4,310.0,14.7,14.6,166144.6,220.0,155851,5.0,5.43,,,,,,B,5.33
1923575,9465241,,,,,2024-10-01,,Container,92.0,0.0,0.0,92.0,286.49,0.0,0.0,285.96,75.8,16.2,0.0,236.04,0.0,0.0,50.45,0.0,0.0,0.0,0.0,0.0,236.04,50.45,0.0,364.0,24.0,48.0,7.48,7.58,15.0,29.4,7.55,15.0,7.35,7.3,83072.3,171.0,155851,5.04,5.43,,,,,,C,5.33
1923576,9465241,,,,,2024-10-02,,Container,52.1,0.0,1.1,53.2,162.24,0.0,3.53,164.18,37.6,14.5,1.1,117.09,0.0,0.0,45.15,0.0,0.0,0.0,0.0,3.53,117.09,45.15,3.53,171.0,15.5,48.0,3.69,3.71,12.67,16.97,9.3,0.0,14.7,14.6,166144.6,1.0,155851,6.16,5.43,,,,,,D,5.33
1923577,9465241,,,,,2024-10-03,,Container,19.7,0.0,3.7,23.4,61.35,0.0,11.86,72.15,4.8,14.9,3.7,14.95,0.0,0.0,46.4,0.0,0.0,0.0,0.0,11.86,14.95,46.4,11.86,11.0,5.0,57.2,0.0,0.0,5.5,0.0,0.0,67.5,14.5,14.1,162807.5,97.5,155851,42.09,5.44,,,,,,E,5.33
1923578,9465241,,,,,2024-10-04,,Container,39.8,0.0,0.0,39.8,123.94,0.0,0.0,123.41,29.3,10.5,0.0,91.24,0.0,0.0,32.7,0.0,0.0,0.0,0.0,0.0,91.24,32.7,0.0,240.0,19.5,39.0,12.05,12.31,6.0,44.8,9.5,145.0,14.0,13.9,157671.3,202.0,155851,3.3,5.43,,,,,,A,5.33
1923579,9465241,,,,,2024-10-05,,Container,26.2,0.0,2.8,29.0,81.59,0.0,8.98,90.03,13.4,12.8,2.8,41.73,0.0,0.0,39.86,0.0,0.0,0.0,0.0,8.98,41.73,39.86,8.98,212.0,24.0,49.6,8.17,8.83,11.0,30.2,3.6,155.0,14.0,13.9,157645.3,219.0,155851,2.72,5.42,,,,,,A,5.33
1923580,9465241,,,,,2024-10-06,,Container,37.7,0.0,4.3,42.0,117.4,0.0,13.79,129.6,18.1,19.6,4.3,56.36,0.0,0.0,61.03,0.0,0.0,0.0,0.0,13.79,56.36,61.03,13.79,282.0,35.8,70.0,5.35,5.38,3.67,19.67,5.33,76.67,14.0,14.0,157593.0,75.0,155851,2.95,5.41,,,,,,A,5.33
1923581,9465241,,,,,2024-10-07,,Container,5.0,0.0,7.7,12.7,15.57,0.0,24.69,38.35,2.7,7.4,2.6,8.41,0.0,0.0,7.16,0.0,16.35,0.0,0.0,8.34,8.41,23.51,8.34,18.4,2.0,26.5,0.0,0.0,11.67,0.0,0.0,91.67,9.93,9.93,113783.13,46.67,155851,13.37,5.42,,,,,,E,5.33
1923582,9465241,,,,,2024-10-08,,Container,60.0,0.0,0.6,60.6,186.84,0.0,1.92,186.74,43.6,16.4,0.6,135.77,0.0,0.0,51.07,0.0,0.0,0.0,0.0,1.92,135.77,51.07,1.92,298.0,26.6,55.1,8.56,8.59,5.33,33.07,9.63,58.33,14.9,14.9,170674.7,179.67,155851,4.02,5.41,,,,,,A,5.33
1923583,9465241,,,,,2024-10-09,,Container,10.2,0.0,7.8,18.0,31.76,0.0,25.01,54.9,6.3,8.9,2.8,19.62,0.0,0.0,12.14,0.0,16.03,0.0,0.0,8.98,19.62,28.17,8.98,42.0,3.6,29.9,0.0,0.0,2.67,0.0,0.0,116.67,10.47,10.33,121049.87,31.0,155851,8.39,5.41,,,,,,E,5.33
1923584,9465241,,,,,2024-10-10,,Container,66.4,0.0,0.0,66.4,206.77,0.0,0.0,206.18,55.7,10.7,0.0,173.45,0.0,0.0,33.32,0.0,0.0,0.0,0.0,0.0,173.45,33.32,0.0,262.0,16.3,32.6,16.13,16.07,8.0,61.9,14.5,320.0,15.7,15.5,181574.8,211.0,155851,5.05,5.41,,,,,,C,5.33
1923585,9465241,,,,,2024-10-11,,Container,106.5,0.0,0.0,106.5,331.64,0.0,0.0,331.06,90.3,16.2,0.0,281.19,0.0,0.0,50.45,0.0,0.0,0.0,0.0,0.0,281.19,50.45,0.0,421.0,24.0,48.0,17.29,17.54,13.0,65.1,11.3,40.0,15.7,15.5,181468.0,203.0,155851,5.05,5.41,,,,,,C,5.33
1923586,9465241,,,,,2024-10-12,,Container,81.2,0.0,0.0,81.2,252.86,0.0,0.0,252.27,65.0,16.2,0.0,202.41,0.0,0.0,50.45,0.0,0.0,0.0,0.0,0.0,202.41,50.45,0.0,359.0,24.0,48.0,15.08,14.96,14.0,57.2,13.9,330.0,15.7,15.5,181468.0,214.0,155851,4.51,5.4,,,,,,B,5.33
1923587,9465241,,,,,2024-10-13,,Container,61.9,0.0,0.3,62.2,192.76,0.0,0.96,191.96,42.2,19.7,0.3,131.41,0.0,0.0,61.35,0.0,0.0,0.0,0.0,0.96,131.41,61.35,0.96,350.6,30.6,61.2,7.48,7.51,12.0,29.37,10.67,13.33,15.7,15.5,181337.0,134.67,155851,3.51,5.39,,,,,,A,5.33
1923588,9465241,,,,,2024-10-14,,Container,24.2,0.0,2.1,26.3,75.36,0.0,6.73,80.92,12.8,11.4,2.1,39.86,0.0,0.0,35.5,0.0,0.0,0.0,0.0,6.73,39.86,35.5,6.73,107.0,13.6,41.8,0.0,0.0,0.0,0.0,0.0,0.0,15.7,15.5,181337.0,0.0,155851,4.85,5.39,,,,,,B,5.33
1923589,9465241,,,,,2024-10-15,,Container,1.6,0.0,16.6,18.2,4.98,0.0,53.22,56.79,0.0,13.0,5.2,0.0,0.0,0.0,4.98,0.0,36.55,0.0,0.0,16.67,0.0,41.53,16.67,0.0,0.0,39.6,0.0,0.0,0.0,0.0,0.0,0.0,8.0,7.85,93071.85,0.0,155851,,5.4,,,,,,,5.33
1923590,9465241,,,,,2024-10-16,,Container,45.0,0.0,0.35,45.35,140.13,0.0,1.12,139.67,36.8,8.2,0.35,114.6,0.0,0.0,25.53,0.0,0.0,0.0,0.0,1.12,114.6,25.53,1.12,306.0,13.3,28.5,13.1,13.1,21.0,30.85,8.1,25.0,16.0,15.7,186143.7,290.0,155851,2.93,5.39,,,,,,A,5.33
1923591,9465241,,,,,2024-10-17,,Container,78.2,0.0,0.6,78.8,243.51,0.0,1.92,244.65,63.5,14.7,0.6,197.74,0.0,0.0,45.78,0.0,0.0,0.0,0.0,1.92,197.74,45.78,1.92,341.0,21.1,52.4,16.35,16.16,5.0,61.1,12.8,270.0,16.0,15.7,186066.0,353.0,155851,4.6,5.38,,,,,,B,5.33
1923592,9465241,,,,,2024-10-18,,Container,101.7,0.0,0.25,101.95,316.69,0.0,0.8,316.7,85.9,15.8,0.25,267.49,0.0,0.0,49.2,0.0,0.0,0.0,0.0,0.8,267.49,49.2,0.8,381.0,24.0,51.0,16.0,15.88,30.0,64.1,18.5,340.0,16.0,15.7,185964.0,263.0,155851,5.33,5.38,,,,,,C,5.33
1923593,9465241,,,,,2024-10-19,,Container,117.1,0.0,0.0,117.1,364.65,0.0,0.0,363.86,99.9,17.2,0.0,311.09,0.0,0.0,53.56,0.0,0.0,0.0,0.0,0.0,311.09,53.56,0.0,404.0,25.0,50.0,16.36,16.16,29.0,65.7,19.0,350.0,16.0,15.7,185847.0,268.0,155851,5.78,5.38,,,,,,D,5.33
1923594,9465241,,,,,2024-10-20,,Container,116.7,0.0,0.0,116.7,363.4,0.0,0.0,362.61,101.4,15.3,0.0,315.76,0.0,0.0,47.64,0.0,0.0,0.0,0.0,0.0,315.76,47.64,0.0,409.0,24.0,48.0,16.92,17.04,27.0,67.5,16.8,350.0,16.0,15.7,185730.0,324.0,155851,5.69,5.39,,,,,,C,5.33
1923595,9465241,,,,,2024-10-21,,Container,119.2,0.0,0.0,119.2,371.19,0.0,0.0,370.4,103.2,16.0,0.0,321.36,0.0,0.0,49.82,0.0,0.0,0.0,0.0,0.0,321.36,49.82,0.0,435.0,25.0,50.0,8.64,8.7,9.5,33.25,6.9,175.0,8.0,7.85,92805.5,168.5,155851,5.46,5.39,,,,,,C,5.33
1923596,9465241,,,,,2024-10-22,,Container,109.0,0.0,0.0,109.0,339.43,0.0,0.0,338.64,92.9,16.1,0.0,289.29,0.0,0.0,50.14,0.0,0.0,0.0,0.0,0.0,289.29,50.14,0.0,403.0,24.0,48.0,16.67,16.79,21.0,63.4,13.4,40.0,16.0,15.7,185702.0,328.0,155851,5.39,5.39,,,,,,C,5.33
1923597,9465241,,,,,2024-10-23,,Container,100.4,0.0,0.0,100.4,312.65,0.0,0.0,311.85,86.2,14.2,0.0,268.43,0.0,0.0,44.22,0.0,0.0,0.0,0.0,0.0,268.43,44.22,0.0,394.0,24.0,34.8,16.21,16.42,22.0,62.7,13.9,40.0,16.0,15.7,185702.0,267.0,155851,5.08,5.39,,,,,,C,5.33
1923598,9465241,,,,,2024-10-25,,Container,78.1,0.0,1.5,79.6,243.2,0.0,4.81,245.63,62.9,15.2,1.5,195.87,0.0,0.0,47.33,0.0,0.0,0.0,0.0,4.81,195.87,47.33,4.81,294.0,18.7,44.2,5.47,5.43,3.33,21.0,4.93,33.33,16.0,15.7,185702.0,88.0,155851,5.36,5.38,,,,,,C,5.33
1923599,9465241,,,,,2024-10-26,,Container,26.9,0.0,5.8,32.7,83.77,0.0,18.59,100.77,7.9,19.0,5.8,24.6,0.0,0.0,59.17,0.0,0.0,0.0,0.0,18.59,24.6,59.17,18.59,55.0,6.3,44.5,0.0,0.0,0.0,0.0,0.0,0.0,16.0,15.7,185702.0,0.0,155851,11.76,5.39,,,,,,E,5.33
1923600,9465241,,,,,2024-10-27,,Container,18.4,0.0,2.1,20.5,57.3,0.0,6.73,61.07,6.6,11.8,2.1,20.55,0.0,0.0,36.75,0.0,0.0,0.0,0.0,6.73,20.55,36.75,6.73,48.5,6.4,38.7,2.35,2.35,11.5,9.9,5.5,22.5,15.1,12.7,159269.4,133.5,155851,8.08,5.39,,,,,,E,5.33
67791,9465241,,,,,2019-05-25,145.0,Container,123.3,,0.0,123.3,383.96,,0.0,383.96,112.6,10.7,0.0,350.64,,0.0,33.32,,0.0,0.0,,0.0,350.64,33.32,0.0,393.0,24.0,24.6,16.46,16.38,43.0,66.7,18.5,20.0,11.65,11.65,126627.0,2.0,148342,6.59,6.49,11.65,D,,,,D,5.87
67834,9465241,,,,,2019-07-07,188.0,Container,168.2,,0.0,168.2,523.77,,0.0,523.77,155.4,12.8,0.0,483.92,,0.0,39.86,,0.0,0.0,,0.0,483.92,39.86,0.0,430.0,24.5,24.5,17.35,17.55,45.0,74.2,21.5,5.0,15.45,15.45,180632.0,251.0,148342,8.21,6.44,15.45,E,,,,E,5.87
67986,9465241,,,,,2019-12-06,340.0,Container,53.3,,0.0,53.3,165.98,,0.0,165.98,23.7,24.8,4.8,73.8,,0.0,77.23,,0.0,14.95,,0.0,73.8,77.23,14.95,138.0,15.2,51.4,0.0,0.0,19.3,0.0,0.0,60.0,15.6,15.6,181589.0,179.0,148342,8.11,6.71,15.6,E,,,,E,5.87
68007,9465241,,,,,2019-12-27,361.0,Container,0.0,,0.0,0.0,0.0,,0.0,0.0,0.0,0.0,0.0,0.0,,0.0,0.0,,0.0,0.0,,0.0,0.0,0.0,0.0,401.0,25.0,25.0,15.2,16.04,10.0,59.7,10.7,30.0,16.5,16.5,196752.0,340.0,148342,0.0,6.74,16.5,A,,,,A,5.87
1307959,9465241,,,,,2022-01-02,,Container,0.0,18.1,18.2,36.3,0.0,57.03,58.35,115.38,18.1,13.6,4.6,0.0,57.03,0.0,0.0,0.0,43.6,0.0,0.0,14.75,57.03,43.6,14.75,89.0,9.7,,0.0,0.0,2.44,0.0,0.0,0.56,4.83,4.83,55809.0,33.78,0,,,,,,,,,
1307960,9465241,,,,,2022-01-03,,Container,0.0,22.4,6.3,28.7,0.0,70.58,20.2,90.78,22.4,6.3,0.0,0.0,70.58,0.0,0.0,0.0,20.2,0.0,0.0,0.0,70.58,20.2,0.0,132.0,13.5,,10.22,9.78,30.0,45.6,28.9,45.0,14.0,14.0,159667.0,293.0,0,,,,,,,,,
1307961,9465241,,,,,2022-01-04,,Container,0.0,33.0,9.8,42.8,0.0,103.98,31.42,135.4,33.0,9.2,0.6,0.0,103.98,0.0,0.0,0.0,29.5,0.0,0.0,1.92,103.98,29.5,1.92,230.0,21.2,,4.97,5.18,6.5,22.9,12.45,33.5,14.0,14.0,159667.0,165.5,0,,,,,,,,,
1307963,9465241,,,,,2022-01-06,,Container,0.0,11.1,12.3,23.4,0.0,34.98,39.43,74.41,11.1,8.9,3.4,0.0,34.98,0.0,0.0,0.0,28.53,0.0,0.0,10.9,34.98,28.53,10.9,63.0,8.5,,0.0,0.0,0.0,0.0,0.0,0.0,14.0,14.0,159667.0,0.0,0,,,,,,,,,
1307966,9465241,,,,,2022-01-09,,Container,0.0,10.3,12.1,22.4,0.0,32.46,38.79,71.25,10.3,9.2,2.9,0.0,32.46,0.0,0.0,0.0,29.5,0.0,0.0,9.3,32.46,29.5,9.3,39.0,6.9,,0.0,0.0,0.0,0.0,0.0,0.0,14.0,14.0,159667.0,0.0,0,,,,,,,,,
1307967,9465241,,,,,2022-01-10,,Container,0.0,19.6,11.1,30.7,0.0,61.76,35.59,97.35,19.6,9.5,1.6,0.0,61.76,0.0,0.0,0.0,30.46,0.0,0.0,5.13,61.76,30.46,5.13,89.0,12.8,,0.0,0.0,0.0,0.0,0.0,0.0,4.67,4.67,53222.33,0.0,0,,,,,,,,,
1307968,9465241,,,,,2022-01-11,,Container,0.0,9.9,11.4,21.3,0.0,31.19,36.55,67.74,9.9,8.9,2.5,0.0,31.19,0.0,0.0,0.0,28.53,0.0,0.0,8.02,31.19,28.53,8.02,57.0,6.8,,0.0,0.0,0.0,0.0,0.0,0.0,14.0,14.0,159667.0,0.0,0,,,,,,,,,
1307969,9465241,,,,,2022-01-12,,Container,0.0,4.7,12.2,16.9,0.0,14.81,39.11,53.92,4.7,8.8,3.4,0.0,14.81,0.0,0.0,0.0,28.21,0.0,0.0,10.9,14.81,28.21,10.9,40.0,4.1,,0.0,0.0,0.0,0.0,0.0,0.0,14.0,14.0,159667.0,0.0,0,,,,,,,,,
1307970,9465241,,,,,2022-01-13,,Container,0.0,2.4,12.1,14.5,0.0,7.56,38.79,46.36,2.4,8.7,3.4,0.0,7.56,0.0,0.0,0.0,27.89,0.0,0.0,10.9,7.56,27.89,10.9,19.5,2.2,,0.0,0.0,0.0,0.0,0.0,0.0,14.0,14.0,159667.0,0.0,0,,,,,,,,,
1307971,9465241,,,,,2022-01-14,,Container,0.0,9.1,11.9,21.0,0.0,28.67,38.15,66.83,9.1,8.9,3.0,0.0,28.67,0.0,0.0,0.0,28.53,0.0,0.0,9.62,28.67,28.53,9.62,47.2,5.7,,0.0,0.0,0.0,0.0,0.0,0.0,14.0,14.0,159667.0,0.0,0,,,,,,,,,
1307972,9465241,,,,,2022-01-15,,Container,0.0,7.4,11.7,19.1,0.0,23.32,37.51,60.83,7.4,9.0,2.7,0.0,23.32,0.0,0.0,0.0,28.85,0.0,0.0,8.66,23.32,28.85,8.66,46.0,5.9,,0.0,0.0,0.0,0.0,0.0,0.0,14.0,14.0,159667.0,0.0,0,,,,,,,,,
1307973,9465241,,,,,2022-01-16,,Container,0.0,6.8,12.1,18.9,0.0,21.43,38.79,60.22,6.8,9.2,2.9,0.0,21.43,0.0,0.0,0.0,29.5,0.0,0.0,9.3,21.43,29.5,9.3,40.0,5.1,,0.0,0.0,0.0,0.0,0.0,0.0,14.0,14.0,159667.0,0.0,0,,,,,,,,,
1307974,9465241,,,,,2022-01-17,,Container,0.0,3.9,11.9,15.8,0.0,12.29,38.15,50.44,3.9,8.7,3.2,0.0,12.29,0.0,0.0,0.0,27.89,0.0,0.0,10.26,12.29,27.89,10.26,26.0,2.2,,0.0,0.0,0.0,0.0,0.0,0.0,7.0,7.0,79833.5,0.0,0,,,,,,,,,
1307975,9465241,,,,,2022-01-18,,Container,0.0,46.0,9.2,55.2,0.0,144.95,29.5,174.44,46.0,9.2,0.0,0.0,144.95,0.0,0.0,0.0,29.5,0.0,0.0,0.0,144.95,29.5,0.0,304.0,24.0,,0.0,0.0,0.0,0.0,0.0,0.0,14.0,14.0,159667.0,0.0,0,,,,,,,,,
1307976,9465241,,,,,2022-01-19,,Container,0.0,12.5,12.7,25.2,0.0,39.39,40.72,80.1,12.5,10.2,2.5,0.0,39.39,0.0,0.0,0.0,32.7,0.0,0.0,8.02,39.39,32.7,8.02,81.0,6.7,,0.0,0.0,0.0,0.0,0.0,0.0,14.0,14.0,159667.0,0.0,0,,,,,,,,,
1307977,9465241,,,,,2022-01-20,,Container,0.0,17.7,9.6,27.3,0.0,55.77,30.78,86.55,14.8,9.4,3.1,0.0,46.63,0.0,0.0,0.0,30.14,0.0,9.14,0.64,46.63,30.14,9.78,59.0,33.9,,0.0,0.0,0.0,0.0,0.0,0.0,3.5,3.5,39916.75,0.0,0,,,,,,,,,
1307985,9465241,,,,,2022-01-28,,Container,0.0,8.7,5.0,13.7,0.0,27.41,16.03,43.44,5.0,5.0,3.7,0.0,15.76,0.0,0.0,0.0,16.03,0.0,11.66,0.0,15.76,16.03,11.66,29.0,22.6,,0.0,0.0,0.0,0.0,0.0,0.0,2.36,2.36,24558.22,0.0,0,,,,,,,,,
1307986,9465241,,,,,2022-01-29,,Container,0.0,74.6,8.52,83.12,0.0,235.06,27.32,262.38,73.0,8.52,1.6,0.0,230.02,0.0,0.0,0.0,27.32,0.0,5.04,0.0,230.02,27.32,5.04,259.0,13.6,,9.67,10.0,28.0,36.15,4.05,40.0,10.6,10.6,110512.0,232.5,0,,,,,,,,,
1307987,9465241,,,,,2022-01-30,,Container,0.0,177.3,3.4,180.7,0.0,558.67,10.9,569.57,171.1,9.6,0.0,0.0,539.14,0.0,0.0,19.54,10.9,0.0,0.0,0.0,539.14,30.44,0.0,515.0,25.0,,20.4,20.6,31.0,77.6,11.9,22.0,10.6,10.6,110512.0,238.0,0,,,,,,,,,
1307988,9465241,,,,,2022-01-31,,Container,0.0,166.2,0.0,166.2,0.0,523.7,0.0,523.7,158.0,8.2,0.0,0.0,497.86,0.0,0.0,25.84,0.0,0.0,0.0,0.0,497.86,25.84,0.0,502.0,24.0,,20.62,20.92,37.0,77.7,10.6,50.0,10.6,10.6,110512.0,229.0,0,,,,,,,,,
1307989,9465241,,,,,2022-02-01,,Container,0.0,174.0,0.0,174.0,0.0,548.27,0.0,548.27,165.0,9.0,0.0,0.0,519.92,0.0,0.0,28.36,0.0,0.0,0.0,0.0,519.92,28.36,0.0,498.0,25.0,,19.64,19.92,26.0,77.9,15.1,5.0,10.6,10.6,110512.0,239.0,0,,,,,,,,,
1307990,9465241,,,,,2022-02-02,,Container,0.0,173.0,0.0,173.0,0.0,545.12,0.0,545.12,164.0,9.0,0.0,0.0,516.76,0.0,0.0,28.36,0.0,0.0,0.0,0.0,516.76,28.36,0.0,479.0,24.0,,19.79,19.96,36.0,78.1,15.1,5.0,10.6,10.6,110512.0,268.0,0,,,,,,,,,
1307991,9465241,,,,,2022-02-03,,Container,0.0,175.5,0.0,175.5,0.0,553.0,0.0,553.0,165.9,9.6,0.0,0.0,522.75,0.0,0.0,30.25,0.0,0.0,0.0,0.0,522.75,30.25,0.0,503.0,25.0,,19.68,20.12,39.0,76.5,12.7,5.0,10.6,10.6,110512.0,271.0,0,,,,,,,,,
1307992,9465241,,,,,2022-02-05,,Container,0.0,184.6,0.0,184.6,0.0,581.67,0.0,581.67,174.8,9.8,0.0,0.0,550.79,0.0,0.0,30.88,0.0,0.0,0.0,0.0,550.79,30.88,0.0,486.0,25.0,,19.12,19.44,44.0,77.2,16.4,5.0,10.6,10.6,110512.0,268.0,0,,,,,,,,,
1307993,9465241,,,,,2022-02-06,,Container,0.0,182.8,0.0,182.8,0.0,576.0,0.0,576.0,173.2,9.6,0.0,0.0,545.75,0.0,0.0,30.25,0.0,0.0,0.0,0.0,545.75,30.25,0.0,463.0,24.0,,19.12,19.29,36.0,77.8,17.7,30.0,10.6,10.6,110512.0,267.0,0,,,,,,,,,
1307994,9465241,,,,,2022-02-07,,Container,0.0,172.8,0.0,172.8,0.0,544.49,0.0,544.49,163.0,9.8,0.0,0.0,513.61,0.0,0.0,30.88,0.0,0.0,0.0,0.0,513.61,30.88,0.0,462.0,25.0,,18.36,18.48,48.0,75.2,18.4,5.0,10.6,10.6,110512.0,269.0,0,,,,,,,,,
1307995,9465241,,,,,2022-02-08,,Container,0.0,163.6,0.0,163.6,0.0,515.5,0.0,515.5,154.0,9.6,0.0,0.0,485.25,0.0,0.0,30.25,0.0,0.0,0.0,0.0,485.25,30.25,0.0,451.0,24.0,,18.46,18.79,20.0,74.3,16.0,30.0,10.6,10.6,110512.0,269.0,0,,,,,,,,,
1307996,9465241,,,,,2022-02-09,,Container,0.0,137.2,0.0,137.2,0.0,432.32,0.0,432.32,128.0,9.2,0.0,0.0,403.33,0.0,0.0,28.99,0.0,0.0,0.0,0.0,403.33,28.99,0.0,483.0,25.0,,19.0,19.32,21.0,71.0,9.6,40.0,10.6,10.6,110512.0,273.0,0,,,,,,,,,
1307997,9465241,,,,,2022-02-10,,Container,0.0,123.4,0.0,123.4,0.0,388.83,0.0,388.83,114.0,9.4,0.0,0.0,359.21,0.0,0.0,29.62,0.0,0.0,0.0,0.0,359.21,29.62,0.0,454.0,24.0,,18.33,18.92,30.0,69.3,9.3,5.0,10.6,10.6,110512.0,257.0,0,,,,,,,,,
1307998,9465241,,,,,2022-02-11,,Container,0.0,137.2,0.0,137.2,0.0,432.32,0.0,432.32,128.0,9.2,0.0,0.0,403.33,0.0,0.0,28.99,0.0,0.0,0.0,0.0,403.33,28.99,0.0,480.0,25.0,,18.92,19.2,13.0,71.1,10.3,40.0,10.6,10.6,110512.0,225.0,0,,,,,,,,,
1307999,9465241,,,,,2022-02-12,,Container,0.0,129.6,2.6,132.2,0.0,408.37,8.34,416.71,123.0,9.2,0.0,0.0,387.57,0.0,0.0,20.8,8.34,0.0,0.0,0.0,387.57,29.13,0.0,483.0,25.0,,19.16,19.32,25.0,71.4,10.2,50.0,10.6,10.6,110512.0,286.0,0,,,,,,,,,
1308000,9465241,,,,,2022-02-13,,Container,0.0,27.3,53.0,80.3,0.0,86.02,169.92,255.94,70.9,8.4,1.0,0.0,86.02,139.78,0.0,0.0,26.93,0.0,0.0,3.21,225.8,26.93,3.21,329.0,22.7,,1.78,1.81,0.5,6.51,0.79,11.0,3.18,3.18,33153.6,28.4,0,,,,,,,,,
1308002,9465241,,,,,2022-02-15,,Container,0.0,38.82,21.1,59.92,0.0,122.32,67.65,189.97,54.72,4.7,0.5,0.0,115.07,58.35,0.0,7.25,7.69,0.0,0.0,1.6,173.42,14.94,1.6,187.0,12.0,,7.2,7.94,31.0,33.05,10.15,17.5,10.9,10.8,115122.0,95.0,0,,,,,,,,,
1308003,9465241,,,,,2022-02-16,,Container,0.0,115.1,2.0,117.1,0.0,362.68,6.41,369.09,107.7,9.3,0.1,0.0,339.36,0.0,0.0,23.32,6.09,0.0,0.0,0.32,339.36,29.41,0.32,384.0,24.0,,15.21,16.0,38.0,64.9,18.2,5.0,10.9,10.8,115122.0,50.0,0,,,,,,,,,
1308004,9465241,,,,,2022-02-17,,Container,0.0,18.1,31.3,49.4,0.0,57.03,100.35,157.38,39.3,9.4,0.7,0.0,57.03,67.97,0.0,0.0,30.14,0.0,0.0,2.24,125.0,30.14,2.24,220.0,23.3,,3.72,3.67,6.67,14.9,6.1,10.0,10.9,10.8,115122.0,101.0,0,,,,,,,,,
1308005,9465241,,,,,2022-02-18,,Container,0.0,0.0,22.4,22.4,0.0,0.0,71.81,71.81,8.1,9.5,4.8,0.0,0.0,25.97,0.0,0.0,30.46,0.0,0.0,15.39,25.97,30.46,15.39,107.0,24.8,,0.0,0.0,1.75,0.0,0.0,5.62,2.94,2.92,31716.5,6.0,0,,,,,,,,,
1308006,9465241,,,,,2022-02-19,,Container,0.0,12.3,14.2,26.5,0.0,38.76,45.53,84.28,21.4,5.1,0.0,0.0,32.14,35.91,0.0,6.62,9.62,0.0,0.0,0.0,68.05,16.24,0.0,134.0,13.5,,9.56,9.93,40.0,45.0,26.8,10.0,12.6,12.6,138610.0,9.0,0,,,,,,,,,
1308007,9465241,,,,,2022-02-20,,Container,0.0,25.8,31.7,57.5,0.0,81.3,101.63,182.93,47.7,9.5,0.3,0.0,74.99,76.62,0.0,6.3,24.04,0.0,0.0,0.96,151.62,30.35,0.96,278.0,27.0,,10.33,10.46,24.0,44.8,22.45,25.0,12.6,12.6,138610.0,273.5,0,,,,,,,,,
1308008,9465241,,,,,2022-02-21,,Container,0.0,0.0,21.0,21.0,0.0,0.0,67.33,67.33,8.2,8.8,4.0,0.0,0.0,26.29,0.0,0.0,28.21,0.0,0.0,12.82,26.29,28.21,12.82,71.0,18.6,,0.0,0.0,1.12,0.0,0.0,3.12,3.19,3.19,35846.75,6.38,0,,,,,,,,,
1308009,9465241,,,,,2022-02-22,,Container,0.0,34.5,9.6,44.1,0.0,108.71,30.78,139.49,38.5,5.5,0.1,0.0,97.68,24.04,0.0,11.03,6.41,0.0,0.0,0.32,121.73,17.44,0.32,203.0,15.2,,13.03,13.36,16.0,50.6,12.3,110.0,13.2,13.2,148164.0,89.0,0,,,,,,,,,
1308010,9465241,,,,,2022-02-23,,Container,0.0,28.4,13.4,41.8,0.0,89.49,42.96,132.45,33.0,8.6,0.2,0.0,62.39,42.32,0.0,27.1,0.0,0.0,0.0,0.64,104.71,27.1,0.64,267.0,23.0,,11.35,11.61,15.0,43.9,12.3,45.0,13.2,13.2,148164.0,62.0,0,,,,,,,,,
1308011,9465241,,,,,2022-02-24,,Container,0.0,6.4,9.0,15.4,0.0,20.17,28.85,49.02,4.9,6.9,3.6,0.0,0.0,15.71,0.0,20.17,1.6,0.0,0.0,11.54,15.71,21.77,11.54,30.0,2.9,,0.0,0.0,0.0,0.0,0.0,0.0,13.2,13.2,148164.0,0.0,0,,,,,,,,,
1308012,9465241,,,,,2022-02-25,,Container,0.0,7.0,4.9,11.9,0.0,22.06,15.71,37.77,1.3,7.0,3.6,0.0,0.0,4.17,0.0,22.06,0.0,0.0,0.0,11.54,4.17,22.06,11.54,10.0,0.9,,0.0,0.0,0.0,0.0,0.0,0.0,13.2,13.2,148164.0,0.0,0,,,,,,,,,
1308013,9465241,,,,,2022-02-26,,Container,0.0,2.6,20.1,22.7,0.0,8.19,64.44,72.63,8.5,9.8,4.4,0.0,0.0,27.25,0.0,8.19,23.08,0.0,0.0,14.11,27.25,31.28,14.11,58.8,6.5,,0.0,0.0,0.0,0.0,0.0,0.0,3.3,3.3,37041.0,0.0,0,,,,,,,,,
1308015,9465241,,,,,2022-02-28,,Container,0.0,0.0,13.1,13.1,0.0,0.0,42.0,42.0,2.0,7.4,3.7,0.0,0.0,6.41,0.0,0.0,23.72,0.0,0.0,11.86,6.41,23.72,11.86,12.0,1.2,,0.0,0.0,2.25,0.0,0.0,1.25,3.66,3.66,42632.5,20.38,0,,,,,,,,,
1308016,9465241,,,,,2022-03-01,,Container,0.0,44.3,6.8,51.1,0.0,139.59,21.8,161.39,42.4,7.7,1.0,0.0,117.53,16.35,0.0,22.06,2.24,0.0,0.0,3.21,133.88,24.3,3.21,289.0,23.5,,11.79,12.3,30.0,46.3,11.8,50.0,14.65,14.65,170500.0,130.0,0,,,,,,,,,
1308017,9465241,,,,,2022-03-02,,Container,0.0,48.4,0.5,48.9,0.0,152.51,1.6,154.11,39.9,8.5,0.5,0.0,125.72,0.0,0.0,26.78,0.0,0.0,0.0,1.6,125.72,26.78,1.6,324.0,23.0,,12.57,14.09,14.0,47.4,1.4,20.0,14.65,14.65,170450.0,91.0,0,,,,,,,,,
1308018,9465241,,,,,2022-03-03,,Container,0.0,50.2,0.5,50.7,0.0,158.18,1.6,159.78,41.2,9.0,0.5,0.0,129.82,0.0,0.0,28.36,0.0,0.0,0.0,1.6,129.82,28.36,1.6,309.0,24.0,,12.58,12.88,25.0,47.8,10.5,150.0,14.65,14.65,170430.0,90.0,0,,,,,,,,,
1308019,9465241,,,,,2022-03-04,,Container,0.0,50.6,0.5,51.1,0.0,159.44,1.6,161.04,41.8,8.8,0.5,0.0,131.71,0.0,0.0,27.73,0.0,0.0,0.0,1.6,131.71,27.73,1.6,310.0,24.0,,12.5,12.92,13.0,47.5,9.7,170.0,14.65,14.65,170380.0,90.0,0,,,,,,,,,
1308020,9465241,,,,,2022-03-05,,Container,0.0,50.7,0.5,51.2,0.0,159.76,1.6,161.36,42.5,8.2,0.5,0.0,133.92,0.0,0.0,25.84,0.0,0.0,0.0,1.6,133.92,25.84,1.6,284.0,23.0,,12.13,12.35,10.0,48.2,15.0,30.0,14.65,14.65,170350.0,91.0,0,,,,,,,,,
1308021,9465241,,,,,2022-03-06,,Container,0.0,97.0,0.0,97.0,0.0,305.65,0.0,305.65,89.3,7.7,0.0,0.0,281.38,0.0,0.0,24.26,0.0,0.0,0.0,0.0,281.38,24.26,0.0,375.0,23.0,,15.96,16.3,28.0,61.7,12.3,60.0,14.65,14.65,170270.0,90.0,0,,,,,,,,,
1308022,9465241,,,,,2022-03-07,,Container,0.0,266.8,1.0,267.8,0.0,840.69,3.21,843.89,251.3,15.5,1.0,0.0,791.85,0.0,0.0,48.84,0.0,0.0,0.0,3.21,791.85,48.84,3.21,877.0,47.0,,17.96,18.67,23.5,70.3,11.85,85.0,14.65,14.65,170080.0,90.5,0,,,,,,,,,
1308023,9465241,,,,,2022-03-08,,Container,0.0,118.9,0.5,119.4,0.0,374.65,1.6,376.26,110.7,8.2,0.5,0.0,348.82,0.0,0.0,25.84,0.0,0.0,0.0,1.6,348.82,25.84,1.6,442.0,24.0,,17.92,18.42,20.0,68.5,10.7,45.0,14.65,14.65,169900.0,89.0,0,,,,,,,,,
1308024,9465241,,,,,2022-03-09,,Container,0.0,112.1,0.3,112.4,0.0,353.23,0.96,354.19,104.5,7.6,0.3,0.0,329.28,0.0,0.0,23.95,0.0,0.0,0.0,0.96,329.28,23.95,0.96,410.0,23.0,,17.74,17.83,20.0,68.5,13.6,20.0,14.65,14.65,169800.0,65.0,0,,,,,,,,,
1308025,9465241,,,,,2022-03-10,,Container,0.0,149.9,0.5,150.4,0.0,472.33,1.6,473.94,141.5,8.4,0.5,0.0,445.87,0.0,0.0,26.47,0.0,0.0,0.0,1.6,445.87,26.47,1.6,461.0,23.0,,19.7,20.04,5.0,76.1,12.5,10.0,14.65,14.65,169670.0,55.0,0,,,,,,,,,
1308026,9465241,,,,,2022-03-11,,Container,0.0,161.5,0.5,162.0,0.0,508.89,1.6,510.49,153.0,8.5,0.5,0.0,482.1,0.0,0.0,26.78,0.0,0.0,0.0,1.6,482.1,26.78,1.6,488.0,24.0,,20.04,20.33,9.0,76.8,12.0,45.0,14.65,14.65,169520.0,56.0,0,,,,,,,,,
1308027,9465241,,,,,2022-03-12,,Container,0.0,153.8,3.4,157.2,0.0,484.62,10.9,495.52,148.6,8.1,0.5,0.0,468.24,0.0,0.0,16.39,9.3,0.0,0.0,1.6,468.24,25.68,1.6,463.0,23.0,,19.78,20.13,27.0,77.4,13.6,90.0,14.65,14.65,169390.0,68.0,0,,,,,,,,,
1308028,9465241,,,,,2022-03-13,,Container,0.0,50.2,91.2,141.4,0.0,158.18,292.39,450.57,133.5,7.8,0.1,0.0,158.18,267.06,0.0,0.0,25.01,0.0,0.0,0.32,425.24,25.01,0.32,444.0,23.0,,18.91,19.3,16.0,74.2,13.6,55.0,14.65,14.65,169270.0,77.0,0,,,,,,,,,
1308029,9465241,,,,,2022-03-14,,Container,0.0,0.0,89.0,89.0,0.0,0.0,285.33,285.33,76.3,12.0,0.7,0.0,0.0,244.62,0.0,0.0,38.47,0.0,0.0,2.24,244.62,38.47,2.24,354.8,26.9,,1.54,1.58,2.5,6.28,2.04,1.25,3.66,3.66,42296.25,11.5,0,,,,,,,,,
1308030,9465241,,,,,2022-03-15,,Container,0.0,0.0,18.4,18.4,0.0,0.0,58.99,58.99,4.9,9.1,4.4,0.0,0.0,15.71,0.0,0.0,29.17,0.0,0.0,14.11,15.71,29.17,14.11,3.1,2.5,,0.45,0.45,3.82,2.27,3.05,2.91,6.49,6.49,74841.45,36.64,0,,,,,,,,,
1308038,9465241,,,,,2022-03-23,,Container,0.0,0.0,14.9,14.9,0.0,0.0,47.77,47.77,2.9,8.5,3.5,0.0,0.0,9.3,0.0,0.0,27.25,0.0,0.0,11.22,9.3,27.25,11.22,11.0,1.8,,0.0,0.0,0.0,0.0,0.0,0.0,3.55,3.55,40837.5,0.0,0,,,,,,,,,
1308041,9465241,,,,,2022-03-26,,Container,0.0,0.0,54.9,54.9,0.0,0.0,176.01,176.01,39.8,11.9,3.2,0.0,0.0,127.6,0.0,0.0,38.15,0.0,0.0,10.26,127.6,38.15,10.26,160.0,10.1,,0.8,0.8,3.4,4.03,3.41,3.7,5.66,5.66,64275.0,36.6,0,,,,,,,,,
1308055,9465241,,,,,2022-04-09,,Container,0.0,0.0,24.8,24.8,0.0,0.0,79.51,79.51,6.5,13.4,4.9,0.0,0.0,20.84,0.0,0.0,42.96,0.0,0.0,15.71,20.84,42.96,15.71,31.0,2.4,,0.0,0.0,0.0,0.0,0.0,0.0,3.52,3.52,40100.0,0.0,0,,,,,,,,,
1308062,9465241,,,,,2022-04-16,,Container,0.0,0.0,26.3,26.3,0.0,0.0,84.32,84.32,9.8,11.9,4.6,0.0,0.0,31.42,0.0,0.0,38.15,0.0,0.0,14.75,31.42,38.15,14.75,69.6,6.0,,0.89,0.93,2.78,3.49,1.72,3.33,3.53,3.25,35989.33,43.33,0,,,,,,,,,
1308063,9465241,,,,,2022-04-17,,Container,0.0,0.0,24.9,24.9,0.0,0.0,79.83,79.83,17.6,5.6,1.7,0.0,0.0,56.43,0.0,0.0,17.95,0.0,0.0,5.45,56.43,17.95,5.45,71.0,4.7,,0.0,0.0,0.0,0.0,0.0,0.0,10.6,9.75,107960.0,0.0,0,,,,,,,,,
1308064,9465241,,,,,2022-04-18,,Container,0.0,0.0,12.9,12.9,0.0,0.0,41.36,41.36,1.0,8.4,3.5,0.0,0.0,3.21,0.0,0.0,26.93,0.0,0.0,11.22,3.21,26.93,11.22,8.0,1.1,,0.0,0.0,0.0,0.0,0.0,0.0,2.65,2.44,26987.5,0.0,0,,,,,,,,,
1308065,9465241,,,,,2022-04-19,,Container,0.0,2.1,41.1,43.2,0.0,6.62,131.77,138.38,31.7,8.8,2.7,0.0,0.0,101.63,0.0,0.0,28.21,0.0,6.62,1.92,101.63,28.21,8.54,146.0,8.2,,1.92,2.14,1.78,7.16,0.09,2.22,3.67,3.33,37150.0,65.89,0,,,,,,,,,
1308066,9465241,,,,,2022-04-20,,Container,0.0,0.0,91.2,91.2,0.0,0.0,292.39,292.39,81.5,9.2,0.5,0.0,0.0,261.29,0.0,0.0,29.5,0.0,0.0,1.6,261.29,29.5,1.6,387.0,22.8,,16.8,16.97,14.0,62.5,9.9,30.0,11.0,10.0,111350.0,2.0,0,,,,,,,,,
1308067,9465241,,,,,2022-04-21,,Container,0.0,9.1,94.2,103.3,0.0,28.67,302.01,330.68,94.2,9.0,0.1,0.0,26.47,275.07,0.0,2.21,26.61,0.0,0.0,0.32,301.54,28.82,0.32,423.0,25.0,,16.64,16.92,15.0,63.0,10.9,30.0,11.0,10.0,111270.0,268.0,0,,,,,,,,,
1308068,9465241,,,,,2022-04-22,,Container,0.0,97.2,0.1,97.3,0.0,306.28,0.32,306.6,87.9,9.3,0.1,0.0,276.97,0.0,0.0,29.3,0.0,0.0,0.0,0.32,276.97,29.3,0.32,406.0,25.0,,15.96,16.24,25.0,61.8,12.7,170.0,11.0,10.0,111180.0,300.0,0,,,,,,,,,
1308069,9465241,,,,,2022-04-23,,Container,0.0,125.7,0.1,125.8,0.0,396.08,0.32,396.4,116.3,9.4,0.1,0.0,366.46,0.0,0.0,29.62,0.0,0.0,0.0,0.32,366.46,29.62,0.32,445.0,25.0,,17.12,17.8,25.0,66.8,11.6,30.0,11.0,10.0,111050.0,248.0,0,,,,,,,,,
1308070,9465241,,,,,2022-04-24,,Container,0.0,144.6,0.3,144.9,0.0,455.63,0.96,456.6,135.1,9.5,0.3,0.0,425.7,0.0,0.0,29.93,0.0,0.0,0.0,0.96,425.7,29.93,0.96,440.0,23.0,,18.96,19.13,20.0,72.8,12.7,30.0,11.0,10.0,110950.0,220.0,0,,,,,,,,,
1308071,9465241,,,,,2022-04-25,,Container,0.0,171.3,0.0,171.3,0.0,539.77,0.0,539.77,161.5,9.8,0.0,0.0,508.89,0.0,0.0,30.88,0.0,0.0,0.0,0.0,508.89,30.88,0.0,496.0,25.0,,19.68,19.84,25.0,76.2,13.5,30.0,11.0,10.0,110800.0,222.0,0,,,,,,,,,
1308072,9465241,,,,,2022-04-27,,Container,0.0,165.6,0.0,165.6,0.0,521.81,0.0,521.81,155.8,9.8,0.0,0.0,490.93,0.0,0.0,30.88,0.0,0.0,0.0,0.0,490.93,30.88,0.0,468.0,24.0,,19.58,19.5,23.0,75.6,14.0,40.0,11.0,10.0,110670.0,253.0,0,,,,,,,,,
1308073,9465241,,,,,2022-04-28,,Container,0.0,168.5,0.0,168.5,0.0,530.94,0.0,530.94,158.3,10.2,0.0,0.0,498.8,0.0,0.0,32.14,0.0,0.0,0.0,0.0,498.8,32.14,0.0,493.0,25.0,,20.0,19.72,38.0,76.3,14.2,10.0,11.0,10.0,110520.0,253.0,0,,,,,,,,,
1308074,9465241,,,,,2022-04-29,,Container,0.0,167.7,0.0,167.7,0.0,528.42,0.0,528.42,156.9,10.8,0.0,0.0,494.39,0.0,0.0,34.03,0.0,0.0,0.0,0.0,494.39,34.03,0.0,500.0,25.0,,19.8,20.0,33.0,75.8,12.4,20.0,11.0,10.0,110380.0,257.0,0,,,,,,,,,
1308075,9465241,,,,,2022-04-30,,Container,0.0,168.7,0.0,168.7,0.0,531.57,0.0,531.57,157.9,10.8,0.0,0.0,497.54,0.0,0.0,34.03,0.0,0.0,0.0,0.0,497.54,34.03,0.0,491.0,25.0,,19.64,19.64,25.0,76.1,14.3,70.0,11.0,10.0,110250.0,257.0,0,,,,,,,,,
1308076,9465241,,,,,2022-05-01,,Container,0.0,149.4,0.5,149.9,0.0,470.76,1.6,472.36,138.6,10.8,0.5,0.0,436.73,0.0,0.0,34.03,0.0,0.0,0.0,1.6,436.73,34.03,1.6,503.0,25.0,,19.64,20.12,27.0,72.9,8.3,20.0,11.0,10.0,110120.0,256.0,0,,,,,,,,,
1308077,9465241,,,,,2022-05-02,,Container,0.0,138.1,0.0,138.1,0.0,435.15,0.0,435.15,127.3,10.8,0.0,0.0,401.12,0.0,0.0,34.03,0.0,0.0,0.0,0.0,401.12,34.03,0.0,482.0,25.0,,19.04,19.28,20.0,70.5,9.1,50.0,10.8,10.0,110000.0,256.0,0,,,,,,,,,
1308078,9465241,,,,,2022-05-03,,Container,0.0,100.4,6.6,107.0,0.0,316.36,21.16,337.52,96.0,11.0,0.0,0.0,302.5,0.0,0.0,13.86,21.16,0.0,0.0,0.0,302.5,35.02,0.0,429.0,24.0,,18.08,17.88,9.0,65.7,9.6,120.0,10.5,10.0,109900.0,230.0,0,,,,,,,,,
1308079,9465241,,,,,2022-05-04,,Container,0.0,38.0,15.4,53.4,0.0,119.74,49.37,169.11,39.5,12.2,1.7,0.0,94.53,30.46,0.0,25.21,13.47,0.0,0.0,5.45,124.99,38.67,5.45,286.0,19.9,,1.58,1.68,2.22,5.7,0.27,10.0,3.5,3.33,36600.0,31.78,0,,,,,,,,,
1308081,9465241,,,,,2022-05-06,,Container,0.0,17.0,4.5,21.5,0.0,53.57,14.43,67.99,3.9,13.1,4.5,0.0,12.29,0.0,0.0,41.28,0.0,0.0,0.0,14.43,12.29,41.28,14.43,19.0,1.7,,0.0,0.0,2.28,0.0,0.0,1.11,3.88,3.8,41878.22,14.33,0,,,,,,,,,
1308082,9465241,,,,,2022-05-07,,Container,0.0,77.8,0.0,77.8,0.0,245.15,0.0,245.15,70.2,7.6,0.0,0.0,221.2,0.0,0.0,23.95,0.0,0.0,0.0,0.0,221.2,23.95,0.0,286.0,17.0,,16.41,16.82,32.0,64.4,13.2,30.0,12.2,12.1,133470.0,46.0,0,,,,,,,,,
1308083,9465241,,,,,2022-05-08,,Container,0.0,123.0,0.1,123.1,0.0,387.57,0.32,387.89,110.5,12.5,0.1,0.0,348.19,0.0,0.0,39.39,0.0,0.0,0.0,0.32,348.19,39.39,0.32,464.8,27.7,,9.33,9.83,14.67,37.33,8.4,10.0,12.2,12.1,133336.67,239.33,0,,,,,,,,,
1308084,9465241,,,,,2022-05-09,,Container,0.0,16.5,2.5,19.0,0.0,51.99,8.02,60.01,8.1,8.4,2.5,0.0,25.52,0.0,0.0,26.47,0.0,0.0,0.0,8.02,25.52,26.47,8.02,63.0,5.9,,0.0,0.0,0.0,0.0,0.0,0.0,3.1,3.08,33330.0,0.0,0,,,,,,,,,
1308085,9465241,,,,,2022-05-10,,Container,0.0,13.2,3.6,16.8,0.0,41.59,11.54,53.13,4.0,9.2,3.6,0.0,12.6,0.0,0.0,28.99,0.0,0.0,0.0,11.54,12.6,28.99,11.54,25.0,2.3,,0.71,0.71,1.32,2.96,1.22,3.53,3.22,3.2,36922.82,12.41,0,,,,,,,,,
1308086,9465241,,,,,2022-05-11,,Container,0.0,8.3,8.7,17.0,0.0,26.15,27.89,54.05,6.9,7.0,3.1,0.0,21.74,0.0,0.0,4.41,17.95,0.0,0.0,9.94,21.74,22.36,9.94,20.0,1.3,,1.89,2.0,5.56,7.53,1.32,3.33,4.6,4.57,53022.22,14.67,0,,,,,,,,,
1308087,9465241,,,,,2022-05-12,,Container,0.0,83.9,41.4,125.3,0.0,264.37,132.73,397.1,114.6,10.2,0.5,0.0,264.37,98.42,0.0,0.0,32.7,0.0,0.0,1.6,362.79,32.7,1.6,428.0,23.3,,2.3,2.4,3.25,8.95,1.39,5.0,3.45,3.42,39722.5,43.75,0,,,,,,,,,
1308090,9465241,,,,,2022-05-15,,Container,0.0,19.0,12.85,31.85,0.0,59.87,41.2,101.07,20.65,8.4,2.8,0.0,55.14,10.1,0.0,4.73,22.12,0.0,0.0,8.98,65.24,26.85,8.98,96.5,6.3,,1.71,1.82,4.8,6.74,1.02,3.0,4.29,4.26,49002.9,16.9,0,,,,,,,,,
1308091,9465241,,,,,2022-05-16,,Container,0.0,124.2,0.0,124.2,0.0,391.35,0.0,391.35,116.1,8.1,0.0,0.0,365.83,0.0,0.0,25.52,0.0,0.0,0.0,0.0,365.83,25.52,0.0,440.0,23.0,,18.65,19.13,17.0,70.1,9.4,40.0,14.3,14.2,163200.0,69.0,0,,,,,,,,,
1308092,9465241,,,,,2022-05-17,,Container,0.0,126.0,0.0,126.0,0.0,397.03,0.0,397.03,117.5,8.5,0.0,0.0,370.24,0.0,0.0,26.78,0.0,0.0,0.0,0.0,370.24,26.78,0.0,450.0,23.0,,18.74,19.57,25.0,70.1,7.3,40.0,14.3,14.2,163100.0,72.0,0,,,,,,,,,
1308093,9465241,,,,,2022-05-18,,Container,0.0,143.3,0.0,143.3,0.0,451.54,0.0,451.54,134.6,8.7,0.0,0.0,424.12,0.0,0.0,27.41,0.0,0.0,0.0,0.0,424.12,27.41,0.0,467.0,24.0,,18.96,19.46,20.0,72.6,11.0,20.0,14.3,14.2,163000.0,71.0,0,,,,,,,,,
1308094,9465241,,,,,2022-05-19,,Container,0.0,293.9,0.2,294.1,0.0,926.08,0.64,926.72,275.2,18.7,0.2,0.0,867.16,0.0,0.0,58.92,0.0,0.0,0.0,0.64,867.16,58.92,0.64,899.0,46.0,,19.09,19.54,26.5,74.25,12.65,20.0,14.3,14.15,162830.0,79.0,0,,,,,,,,,
1308095,9465241,,,,,2022-05-20,,Container,0.0,155.4,0.3,155.7,0.0,489.67,0.96,490.63,145.6,9.8,0.3,0.0,458.79,0.0,0.0,30.88,0.0,0.0,0.0,0.96,458.79,30.88,0.96,465.0,24.0,,18.54,19.38,27.0,74.4,13.5,30.0,14.25,14.0,162650.0,84.0,0,,,,,,,,,
1308096,9465241,,,,,2022-05-21,,Container,0.0,148.3,0.2,148.5,0.0,467.29,0.64,467.93,138.4,9.9,0.2,0.0,436.1,0.0,0.0,31.19,0.0,0.0,0.0,0.64,436.1,31.19,0.64,446.0,23.0,,18.87,19.39,23.0,73.8,12.8,50.0,14.25,14.0,162520.0,90.0,0,,,,,,,,,
1308097,9465241,,,,,2022-05-22,,Container,0.0,137.3,0.0,137.3,0.0,432.63,0.0,432.63,128.0,9.3,0.0,0.0,403.33,0.0,0.0,29.3,0.0,0.0,0.0,0.0,403.33,29.3,0.0,444.0,23.0,,18.91,19.3,24.0,71.8,10.8,50.0,14.25,14.0,162400.0,95.0,0,,,,,,,,,
1308098,9465241,,,,,2022-05-23,,Container,0.0,110.8,14.5,125.3,0.0,349.13,46.49,395.62,116.0,9.1,0.2,0.0,338.73,27.25,0.0,10.4,18.59,0.0,0.0,0.64,365.98,28.99,0.64,429.0,23.0,,18.3,18.65,24.0,70.1,11.7,10.0,14.25,13.9,162300.0,95.0,0,,,,,,,,,
1308099,9465241,,,,,2022-05-24,,Container,0.0,0.0,133.5,133.5,0.0,0.0,428.0,428.0,117.8,15.5,0.2,0.0,0.0,377.67,0.0,0.0,49.69,0.0,0.0,0.64,377.67,49.69,0.64,516.0,31.1,,15.75,16.02,18.0,61.0,12.85,95.0,14.25,13.9,162185.0,74.5,0,,,,,,,,,
1308100,9465241,,,,,2022-05-25,,Container,0.0,0.0,26.0,26.0,0.0,0.0,83.36,83.36,19.0,5.5,1.5,0.0,0.0,60.91,0.0,0.0,17.63,0.0,0.0,4.81,60.91,17.63,4.81,78.0,5.1,,0.0,0.0,0.0,0.0,0.0,0.0,3.56,3.48,40540.0,0.0,0,,,,,,,,,
1308104,9465241,,,,,2022-05-29,,Container,0.0,0.0,46.9,46.9,0.0,0.0,150.36,150.36,34.9,9.4,2.6,0.0,0.0,111.89,0.0,0.0,30.14,0.0,0.0,8.34,111.89,30.14,8.34,136.0,8.8,,0.81,0.81,1.12,3.26,1.08,8.75,3.1,2.98,33536.0,21.44,0,,,,,,,,,
1308109,9465241,,,,,2022-06-03,,Container,0.0,0.0,24.9,24.9,0.0,0.0,79.83,79.83,10.1,10.9,3.9,0.0,0.0,32.38,0.0,0.0,34.95,0.0,0.0,12.5,32.38,34.95,12.5,56.0,4.1,,0.0,0.0,1.44,0.0,0.0,3.33,3.73,3.28,37977.11,23.22,0,,,,,,,,,
1308110,9465241,,,,,2022-06-04,,Container,0.0,0.0,101.75,101.75,0.0,0.0,326.21,326.21,93.8,7.8,0.15,0.0,0.0,300.72,0.0,0.0,25.01,0.0,0.0,0.48,300.72,25.01,0.48,348.0,18.0,,19.11,19.33,22.0,70.9,8.4,30.0,10.32,10.0,109130.0,278.0,0,,,,,,,,,
1308111,9465241,,,,,2022-06-05,,Container,0.0,116.8,31.0,147.8,0.0,368.04,99.39,467.42,137.0,10.8,0.0,0.0,340.31,92.97,0.0,27.73,6.41,0.0,0.0,0.0,433.28,34.14,0.0,493.0,25.0,,19.36,19.72,12.5,90.7,9.8,10.0,10.32,10.0,109030.0,287.0,0,,,,,,,,,
1308112,9465241,,,,,2022-06-06,,Container,0.0,149.1,0.0,149.1,0.0,469.81,0.0,469.81,138.3,10.8,0.0,0.0,435.78,0.0,0.0,34.03,0.0,0.0,0.0,0.0,435.78,34.03,0.0,496.0,25.0,,19.44,19.84,36.0,70.8,6.9,15.0,10.32,10.0,108900.0,280.0,0,,,,,,,,,
1308113,9465241,,,,,2022-06-07,,Container,0.0,147.5,0.0,147.5,0.0,464.77,0.0,464.77,136.5,11.0,0.0,0.0,430.11,0.0,0.0,34.66,0.0,0.0,0.0,0.0,430.11,34.66,0.0,490.0,25.0,,19.08,19.6,21.0,72.0,9.6,20.0,10.32,10.0,108770.0,273.0,0,,,,,,,,,
1308114,9465241,,,,,2022-06-08,,Container,0.0,146.9,0.0,146.9,0.0,462.88,0.0,462.88,136.1,10.8,0.0,0.0,428.85,0.0,0.0,34.03,0.0,0.0,0.0,0.0,428.85,34.03,0.0,499.0,25.0,,19.56,19.96,20.0,71.6,7.4,20.0,10.32,10.0,108650.0,259.0,0,,,,,,,,,
1308115,9465241,,,,,2022-06-10,,Container,0.0,135.4,0.0,135.4,0.0,426.65,0.0,426.65,125.3,10.1,0.0,0.0,394.82,0.0,0.0,31.83,0.0,0.0,0.0,0.0,394.82,31.83,0.0,491.0,25.0,,19.24,19.64,9.0,69.8,6.6,35.0,10.32,10.0,108530.0,241.0,0,,,,,,,,,
1308116,9465241,,,,,2022-06-11,,Container,0.0,132.4,0.0,132.4,0.0,417.19,0.0,417.19,122.2,10.2,0.0,0.0,385.05,0.0,0.0,32.14,0.0,0.0,0.0,0.0,385.05,32.14,0.0,491.0,25.0,,19.08,19.64,24.0,69.7,6.5,15.0,10.32,10.0,108420.0,232.0,0,,,,,,,,,
1308117,9465241,,,,,2022-06-12,,Container,0.0,128.5,0.0,128.5,0.0,404.9,0.0,404.9,118.0,10.5,0.0,0.0,371.82,0.0,0.0,33.09,0.0,0.0,0.0,0.0,371.82,33.09,0.0,486.0,25.0,,18.68,19.44,15.0,69.1,6.6,60.0,10.32,10.0,108320.0,267.0,0,,,,,,,,,
1308118,9465241,,,,,2022-06-13,,Container,0.0,130.0,0.0,130.0,0.0,409.63,0.0,409.63,118.5,11.5,0.0,0.0,373.39,0.0,0.0,36.24,0.0,0.0,0.0,0.0,373.39,36.24,0.0,463.0,24.0,,19.38,19.29,7.0,69.8,8.3,40.0,10.32,10.0,108220.0,234.0,0,,,,,,,,,
1308119,9465241,,,,,2022-06-14,,Container,0.0,91.2,0.0,91.2,0.0,287.37,0.0,287.37,80.0,11.2,0.0,0.0,252.08,0.0,0.0,35.29,0.0,0.0,0.0,0.0,252.08,35.29,0.0,383.0,20.4,,18.24,18.77,6.0,67.9,8.3,170.0,10.32,10.0,108150.0,233.0,0,,,,,,,,,
1308120,9465241,,,,,2022-06-15,,Container,0.0,63.7,0.0,63.7,0.0,200.72,0.0,200.72,51.2,12.5,0.0,0.0,161.33,0.0,0.0,39.39,0.0,0.0,0.0,0.0,161.33,39.39,0.0,364.0,25.0,,14.24,14.56,22.0,51.8,6.6,40.0,10.32,10.0,108100.0,326.0,0,,,,,,,,,
1308121,9465241,,,,,2022-06-16,,Container,0.0,37.1,0.4,37.5,0.0,116.9,1.28,118.18,25.2,11.9,0.4,0.0,79.41,0.0,0.0,37.5,0.0,0.0,0.0,1.28,79.41,37.5,1.28,255.0,21.0,,3.92,4.08,3.33,15.53,4.23,53.33,10.32,10.0,108050.0,91.0,0,,,,,,,,,
1308122,9465241,,,,,2022-06-17,,Container,0.0,9.5,1.2,10.7,0.0,29.93,3.85,33.78,4.4,5.1,1.2,0.0,13.86,0.0,0.0,16.07,0.0,0.0,0.0,3.85,13.86,16.07,3.85,60.0,7.6,,0.0,0.0,0.0,0.0,0.0,0.0,2.62,2.5,27012.5,0.0,0,,,,,,,,,
1308124,9465241,,,,,2022-06-19,,Container,0.0,19.7,3.7,23.4,0.0,62.07,11.86,73.94,7.6,12.1,3.7,0.0,23.95,0.0,0.0,38.13,0.0,0.0,0.0,11.86,23.95,38.13,11.86,30.0,2.7,,0.0,0.0,3.78,0.0,0.0,0.56,4.57,4.51,52186.89,10.44,0,,,,,,,,,
1308125,9465241,,,,,2022-06-20,,Container,0.0,112.0,0.0,112.0,0.0,352.91,0.0,352.91,104.0,8.0,0.0,0.0,327.7,0.0,0.0,25.21,0.0,0.0,0.0,0.0,327.7,25.21,0.0,310.0,16.0,,18.0,19.38,28.0,74.0,13.2,10.0,15.3,15.3,180816.0,154.0,0,,,,,,,,,
1308126,9465241,,,,,2022-06-21,,Container,0.0,107.9,14.7,122.6,0.0,339.99,47.13,387.12,110.4,11.9,0.3,0.0,321.72,26.61,0.0,18.28,19.56,0.0,0.0,0.96,348.33,37.83,0.96,408.0,22.6,,2.11,2.18,1.11,8.38,3.33,3.33,4.87,4.67,56933.33,2.56,0,,,,,,,,,
1308127,9465241,,,,,2022-06-22,,Container,0.0,0.0,35.3,35.3,0.0,0.0,113.17,113.17,16.7,15.3,3.3,0.0,0.0,53.54,0.0,0.0,49.05,0.0,0.0,10.58,53.54,49.05,10.58,110.0,9.0,,1.52,1.56,4.82,5.92,1.51,4.71,4.28,4.14,48530.24,40.35,0,,,,,,,,,
1308128,9465241,,,,,2022-06-23,,Container,0.0,11.1,9.9,21.0,0.0,34.98,31.74,66.72,11.5,8.1,1.4,0.0,24.58,11.86,0.0,10.4,15.39,0.0,0.0,4.49,36.44,25.79,4.49,82.0,16.4,,1.17,1.19,4.56,5.56,2.49,1.67,4.83,4.62,54629.78,43.0,0,,,,,,,,,
1308129,9465241,,,,,2022-06-24,,Container,0.0,78.1,0.2,78.3,0.0,246.09,0.64,246.73,57.1,21.0,0.2,0.0,179.92,0.0,0.0,66.17,0.0,0.0,0.0,0.64,179.92,66.17,0.64,364.0,34.3,,7.37,7.52,19.33,33.13,16.8,13.33,14.3,14.0,162486.67,130.67,0,,,,,,,,,
1308131,9465241,,,,,2022-06-26,,Container,0.0,16.5,3.0,19.5,0.0,51.99,9.62,61.61,3.4,13.1,3.0,0.0,10.71,0.0,0.0,41.28,0.0,0.0,0.0,9.62,10.71,41.28,9.62,33.0,3.0,,0.0,0.0,0.0,0.0,0.0,0.0,14.3,14.0,162450.0,0.0,0,,,,,,,,,
1308132,9465241,,,,,2022-06-27,,Container,0.0,13.8,2.9,16.7,0.0,43.48,9.3,52.78,0.3,13.5,2.9,0.0,0.95,0.0,0.0,42.54,0.0,0.0,0.0,9.3,0.95,42.54,9.3,3.0,0.5,,0.0,0.0,0.0,0.0,0.0,0.0,14.1,14.0,162430.0,0.0,0,,,,,,,,,
1308133,9465241,,,,,2022-06-28,,Container,0.0,16.3,3.0,19.3,0.0,51.36,9.62,60.98,3.6,12.7,3.0,0.0,11.34,0.0,0.0,40.02,0.0,0.0,0.0,9.62,11.34,40.02,9.62,48.0,6.3,,0.0,0.0,0.0,0.0,0.0,0.0,14.0,13.7,157420.0,0.0,0,,,,,,,,,
1308134,9465241,,,,,2022-06-29,,Container,0.0,13.3,2.8,16.1,0.0,41.91,8.98,50.89,0.8,12.5,2.8,0.0,2.52,0.0,0.0,39.39,0.0,0.0,0.0,8.98,2.52,39.39,8.98,36.0,3.9,,0.0,0.0,0.0,0.0,0.0,0.0,14.0,13.7,157400.0,0.0,0,,,,,,,,,
1308136,9465241,,,,,2022-07-02,,Container,0.0,18.5,3.3,21.8,0.0,58.29,10.58,68.87,5.1,13.4,3.3,0.0,16.07,0.0,0.0,42.22,0.0,0.0,0.0,10.58,16.07,42.22,10.58,38.0,2.7,,0.0,0.0,2.0,0.0,0.0,16.67,4.38,4.23,48622.67,10.0,0,,,,,,,,,
1308137,9465241,,,,,2022-07-03,,Container,0.0,92.0,0.1,92.1,0.0,289.89,0.32,290.21,82.1,9.9,0.1,0.0,258.7,0.0,0.0,31.19,0.0,0.0,0.0,0.32,258.7,31.19,0.32,342.0,20.0,,17.1,17.1,24.0,65.7,13.5,20.0,12.7,12.2,140000.0,234.0,0,,,,,,,,,
1308138,9465241,,,,,2022-07-04,,Container,0.0,67.5,0.2,67.7,0.0,212.69,0.64,213.33,51.5,16.0,0.2,0.0,162.28,0.0,0.0,50.42,0.0,0.0,0.0,0.64,162.28,50.42,0.64,360.0,35.5,,6.8,6.68,19.33,30.43,18.03,13.33,12.9,12.4,140786.67,160.67,0,,,,,,,,,
1308139,9465241,,,,,2022-07-05,,Container,0.0,28.7,2.7,31.4,0.0,90.43,8.66,99.09,17.0,11.7,2.7,0.0,53.57,0.0,0.0,36.87,0.0,0.0,0.0,8.66,53.57,36.87,8.66,82.0,7.6,,0.0,0.0,0.0,0.0,0.0,0.0,3.22,3.1,35192.5,0.0,0,,,,,,,,,
1308140,9465241,,,,,2022-07-06,,Container,0.0,18.5,1.3,19.8,0.0,58.29,4.17,62.46,10.0,8.5,1.3,0.0,31.51,0.0,0.0,26.78,0.0,0.0,0.0,4.17,31.51,26.78,4.17,46.0,4.8,,1.17,1.17,5.5,4.5,1.44,8.0,5.56,5.48,63022.0,33.5,0,,,,,,,,,
1308142,9465241,,,,,2022-07-08,,Container,0.0,19.5,2.6,22.1,0.0,61.44,8.34,69.78,5.5,14.0,2.6,0.0,17.33,0.0,0.0,44.11,0.0,0.0,0.0,8.34,17.33,44.11,8.34,34.0,3.9,,0.0,0.0,0.0,0.0,0.0,0.0,2.0,2.0,22507.86,0.0,0,,,,,,,,,
1308144,9465241,,,,,2022-07-10,,Container,0.0,60.1,3.2,63.3,0.0,189.38,10.26,199.63,47.3,12.8,3.2,0.0,149.04,0.0,0.0,40.33,0.0,0.0,0.0,10.26,149.04,40.33,10.26,159.0,9.6,,2.07,2.2,4.44,7.78,0.67,11.11,5.1,5.07,60059.67,31.44,0,,,,,,,,,
1308145,9465241,,,,,2022-07-11,,Container,0.0,182.2,0.0,182.2,0.0,574.11,0.0,574.11,167.1,15.1,0.0,0.0,526.53,0.0,0.0,47.58,0.0,0.0,0.0,0.0,526.53,47.58,0.0,486.0,24.0,,19.83,20.25,25.0,79.3,15.3,30.0,15.4,15.4,178770.0,205.0,0,,,,,,,,,
1308146,9465241,,,,,2022-07-12,,Container,0.0,101.0,0.0,101.0,0.0,318.25,0.0,318.25,85.5,15.5,0.0,0.0,269.41,0.0,0.0,48.84,0.0,0.0,0.0,0.0,269.41,48.84,0.0,363.0,24.0,,14.79,15.12,34.0,60.4,16.9,30.0,15.4,15.4,178670.0,215.0,0,,,,,,,,,
1308147,9465241,,,,,2022-07-13,,Container,0.0,59.8,0.5,60.3,0.0,188.43,1.6,190.03,44.5,15.3,0.5,0.0,140.22,0.0,0.0,48.21,0.0,0.0,0.0,1.6,140.22,48.21,1.6,278.0,24.0,,11.46,11.58,22.0,47.6,19.2,10.0,15.4,15.4,178620.0,213.0,0,,,,,,,,,
1308148,9465241,,,,,2022-07-14,,Container,0.0,43.0,2.6,45.6,0.0,135.49,8.34,143.83,28.3,14.7,2.6,0.0,89.17,0.0,0.0,46.32,0.0,0.0,0.0,8.34,89.17,46.32,8.34,188.0,18.1,,0.86,0.86,1.15,3.72,1.77,2.31,3.55,3.55,41215.38,20.15,0,,,,,,,,,
1308150,9465241,,,,,2022-07-16,,Container,0.0,12.7,3.4,16.1,0.0,40.02,10.9,50.92,1.5,11.2,3.4,0.0,4.73,0.0,0.0,35.29,0.0,0.0,0.0,10.9,4.73,35.29,10.9,8.0,1.1,,0.0,0.0,3.25,0.0,0.0,3.75,4.01,4.0,47567.75,29.62,0,,,,,,,,,
1308151,9465241,,,,,2022-07-17,,Container,0.0,171.6,0.0,171.6,0.0,540.71,0.0,540.71,159.5,12.1,0.0,0.0,502.58,0.0,0.0,38.13,0.0,0.0,0.0,0.0,502.58,38.13,0.0,472.0,23.5,,19.74,20.09,17.0,77.5,13.9,5.0,16.05,16.0,190100.0,280.0,0,,,,,,,,,
1308152,9465241,,,,,2022-07-18,,Container,0.0,190.3,0.0,190.3,0.0,599.64,0.0,599.64,176.7,13.6,0.0,0.0,556.78,0.0,0.0,42.85,0.0,0.0,0.0,0.0,556.78,42.85,0.0,517.0,25.0,,19.72,20.68,30.0,79.4,13.6,25.0,16.05,16.0,189900.0,269.0,0,,,,,,,,,
1308153,9465241,,,,,2022-07-19,,Container,0.0,185.03,0.0,185.03,0.0,583.03,0.0,583.03,163.9,21.13,0.0,0.0,516.45,0.0,0.0,66.58,0.0,0.0,0.0,0.0,516.45,66.58,0.0,590.0,36.4,,15.77,15.76,23.0,65.0,17.05,15.0,16.02,16.0,189725.0,135.5,0,,,,,,,,,
1308154,9465241,,,,,2022-07-20,,Container,0.0,12.4,2.3,14.7,0.0,39.07,7.37,46.45,3.9,8.5,2.3,0.0,12.29,0.0,0.0,26.78,0.0,0.0,0.0,7.37,12.29,26.78,7.37,25.0,4.5,,0.0,0.0,1.88,0.0,0.0,0.94,4.02,4.01,47234.0,15.44,0,,,,,,,,,
1308155,9465241,,,,,2022-07-21,,Container,0.0,156.9,0.1,157.0,0.0,494.39,0.32,494.71,146.5,10.4,0.1,0.0,461.62,0.0,0.0,32.77,0.0,0.0,0.0,0.32,461.62,32.77,0.32,398.0,20.0,,19.35,19.9,34.0,78.5,15.9,30.0,16.15,16.1,188000.0,216.0,0,,,,,,,,,
1308156,9465241,,,,,2022-07-22,,Container,0.0,182.9,0.0,182.9,0.0,576.32,0.0,576.32,170.5,12.4,0.0,0.0,537.25,0.0,0.0,39.07,0.0,0.0,0.0,0.0,537.25,39.07,0.0,495.0,24.0,,19.33,20.62,35.0,78.8,13.1,40.0,16.15,16.1,187840.0,221.0,0,,,,,,,,,
1308157,9465241,,,,,2022-07-23,,Container,0.0,186.5,0.0,186.5,0.0,587.66,0.0,587.66,174.0,12.5,0.0,0.0,548.27,0.0,0.0,39.39,0.0,0.0,0.0,0.0,548.27,39.39,0.0,474.0,24.0,,19.12,19.75,30.0,79.2,17.2,40.0,16.15,16.1,187660.0,220.0,0,,,,,,,,,
1308158,9465241,,,,,2022-07-24,,Container,0.0,187.5,0.0,187.5,0.0,590.81,0.0,590.81,174.7,12.8,0.0,0.0,550.48,0.0,0.0,40.33,0.0,0.0,0.0,0.0,550.48,40.33,0.0,502.0,25.0,,19.36,20.08,26.0,78.9,15.5,60.0,16.1,16.1,187490.0,234.0,0,,,,,,,,,
1308159,9465241,,,,,2022-07-25,,Container,0.0,177.4,0.0,177.4,0.0,558.99,0.0,558.99,165.5,11.9,0.0,0.0,521.49,0.0,0.0,37.5,0.0,0.0,0.0,0.0,521.49,37.5,0.0,486.0,24.0,,19.67,20.25,30.0,78.9,14.8,14.0,16.1,15.9,187365.0,235.0,0,,,,,,,,,
1308160,9465241,,,,,2022-07-26,,Container,0.0,184.7,0.0,184.7,0.0,581.99,0.0,581.99,172.0,12.7,0.0,0.0,541.97,0.0,0.0,40.02,0.0,0.0,0.0,0.0,541.97,40.02,0.0,501.0,25.0,,19.84,20.04,30.0,79.2,16.0,15.0,16.1,15.9,187190.0,244.0,0,,,,,,,,,
1308161,9465241,,,,,2022-07-27,,Container,0.0,181.3,0.0,181.3,0.0,571.28,0.0,571.28,169.6,11.7,0.0,0.0,534.41,0.0,0.0,36.87,0.0,0.0,0.0,0.0,534.41,36.87,0.0,473.0,24.0,,19.08,19.71,24.0,78.7,16.8,15.0,16.1,15.9,187000.0,244.0,0,,,,,,,,,
1308162,9465241,,,,,2022-07-28,,Container,0.0,184.5,0.0,184.5,0.0,581.36,0.0,581.36,172.6,11.9,0.0,0.0,543.86,0.0,0.0,37.5,0.0,0.0,0.0,0.0,543.86,37.5,0.0,506.0,25.0,,19.64,20.24,10.0,79.0,15.0,160.0,16.1,15.9,186820.0,244.0,0,,,,,,,,,
1308163,9465241,,,,,2022-07-29,,Container,0.0,182.3,0.0,182.3,0.0,574.43,0.0,574.43,171.0,11.3,0.0,0.0,538.82,0.0,0.0,35.61,0.0,0.0,0.0,0.0,538.82,35.61,0.0,487.0,24.0,,19.08,20.29,50.0,79.0,14.7,10.0,16.1,15.9,186640.0,295.0,0,,,,,,,,,
1308164,9465241,,,,,2022-07-30,,Container,0.0,162.8,0.0,162.8,0.0,512.98,0.0,512.98,151.3,11.5,0.0,0.0,476.75,0.0,0.0,36.24,0.0,0.0,0.0,0.0,476.75,36.24,0.0,465.0,25.0,,18.24,18.6,8.0,74.6,17.2,150.0,16.1,15.9,186470.0,335.0,0,,,,,,,,,
1308165,9465241,,,,,2022-07-31,,Container,0.0,71.9,0.0,71.9,0.0,226.56,0.0,226.56,58.9,13.0,0.0,0.0,185.59,0.0,0.0,40.96,0.0,0.0,0.0,0.0,185.59,40.96,0.0,351.0,24.0,,14.12,14.62,9.0,55.7,12.8,120.0,16.1,15.8,186400.0,335.0,0,,,,,,,,,
1308166,9465241,,,,,2022-08-01,,Container,0.0,77.0,0.1,77.1,0.0,242.63,0.32,242.95,63.6,13.4,0.1,0.0,200.4,0.0,0.0,42.22,0.0,0.0,0.0,0.32,200.4,42.22,0.32,365.0,25.0,,14.4,14.6,2.0,59.0,14.4,140.0,16.0,15.8,188200.0,339.0,0,,,,,,,,,
1308167,9465241,,,,,2022-08-02,,Container,0.0,76.6,0.1,76.7,0.0,241.37,0.32,241.69,63.6,13.0,0.1,0.0,200.4,0.0,0.0,40.96,0.0,0.0,0.0,0.32,200.4,40.96,0.32,361.0,24.0,,14.67,15.04,8.0,57.9,13.8,25.0,16.0,15.8,188120.0,337.0,0,,,,,,,,,
1308168,9465241,,,,,2022-08-03,,Container,0.0,83.2,0.2,83.4,0.0,262.16,0.64,262.8,70.2,13.0,0.2,0.0,221.2,0.0,0.0,40.96,0.0,0.0,0.0,0.64,221.2,40.96,0.64,361.0,24.0,,15.08,15.04,6.0,59.7,16.3,40.0,15.9,15.8,188030.0,337.0,0,,,,,,,,,
1308169,9465241,,,,,2022-08-04,,Container,0.0,79.9,0.2,80.1,0.0,251.76,0.64,252.41,66.6,13.3,0.2,0.0,209.86,0.0,0.0,41.91,0.0,0.0,0.0,0.64,209.86,41.91,0.64,362.0,24.0,,15.08,15.08,5.0,59.1,15.2,5.0,15.9,15.8,187950.0,337.0,0,,,,,,,,,
1308170,9465241,,,,,2022-08-05,,Container,0.0,127.3,1.5,128.8,0.0,401.12,4.81,405.93,114.9,12.4,1.5,0.0,362.05,0.0,0.0,39.07,0.0,0.0,0.0,4.81,362.05,39.07,4.81,384.0,21.3,,2.1,2.1,0.22,8.27,1.76,7.78,5.3,5.27,62633.33,37.11,0,,,,,,,,,
1308173,9465241,,,,,2022-08-08,,Container,0.0,39.4,2.7,42.1,0.0,124.15,8.66,132.81,29.7,9.7,2.7,0.0,93.58,0.0,0.0,30.56,0.0,0.0,0.0,8.66,93.58,30.56,8.66,105.0,6.6,,1.22,1.24,1.24,4.47,0.49,5.29,3.99,3.56,41421.71,10.47,0,,,,,,,,,
1308176,9465241,,,,,2022-08-11,,Container,0.0,12.9,4.0,16.9,0.0,40.65,12.82,53.47,1.9,11.0,4.0,0.0,5.99,0.0,0.0,34.66,0.0,0.0,0.0,12.82,5.99,34.66,12.82,8.0,5.92,,0.0,0.0,3.78,0.0,0.0,4.44,4.08,3.92,43429.33,15.67,0,,,,,,,,,
1308177,9465241,,,,,2022-08-12,,Container,0.0,147.5,0.1,147.6,0.0,464.77,0.32,465.09,138.9,8.6,0.1,0.0,437.67,0.0,0.0,27.1,0.0,0.0,0.0,0.32,437.67,27.1,0.32,393.0,17.7,,21.86,22.2,36.0,80.8,8.8,45.0,11.6,11.6,125032.0,160.0,0,,,,,,,,,
1308178,9465241,,,,,2022-08-13,,Container,0.0,196.1,0.0,196.1,0.0,617.91,0.0,617.91,184.2,11.9,0.0,0.0,580.41,0.0,0.0,37.5,0.0,0.0,0.0,0.0,580.41,37.5,0.0,524.0,24.0,,21.62,21.83,38.0,80.9,12.5,20.0,11.4,11.4,125032.0,159.0,0,,,,,,,,,
1308179,9465241,,,,,2022-08-14,,Container,0.0,191.0,0.0,191.0,0.0,601.84,0.0,601.84,180.2,10.8,0.0,0.0,567.81,0.0,0.0,34.03,0.0,0.0,0.0,0.0,567.81,34.03,0.0,498.0,23.0,,21.43,21.65,20.0,81.2,11.5,85.0,11.4,11.4,125032.0,159.0,0,,,,,,,,,
1308180,9465241,,,,,2022-08-15,,Container,0.0,202.7,0.0,202.7,0.0,638.71,0.0,638.71,192.6,10.1,0.0,0.0,606.88,0.0,0.0,31.83,0.0,0.0,0.0,0.0,606.88,31.83,0.0,504.0,24.0,,20.88,21.0,36.0,80.8,13.8,10.0,11.4,11.4,125032.0,159.0,0,,,,,,,,,
1308181,9465241,,,,,2022-08-16,,Container,0.0,188.6,0.0,188.6,0.0,594.28,0.0,594.28,179.1,9.5,0.0,0.0,564.34,0.0,0.0,29.93,0.0,0.0,0.0,0.0,564.34,29.93,0.0,499.0,23.0,,21.7,21.7,26.0,80.7,10.8,40.0,11.4,11.4,125032.0,147.0,0,,,,,,,,,
1308182,9465241,,,,,2022-08-17,,Container,0.0,192.9,0.0,192.9,0.0,607.83,0.0,607.83,183.0,9.9,0.0,0.0,576.63,0.0,0.0,31.19,0.0,0.0,0.0,0.0,576.63,31.19,0.0,536.0,24.0,,22.29,22.33,38.0,81.9,9.4,20.0,11.4,11.4,125032.0,78.0,0,,,,,,,,,
1308183,9465241,,,,,2022-08-18,,Container,0.0,156.1,0.0,156.1,0.0,491.87,0.0,491.87,146.5,9.6,0.0,0.0,461.62,0.0,0.0,30.25,0.0,0.0,0.0,0.0,461.62,30.25,0.0,471.0,23.0,,20.74,20.48,15.0,75.9,10.5,90.0,11.4,11.4,125032.0,64.0,0,,,,,,,,,
1308184,9465241,,,,,2022-08-19,,Container,0.0,139.8,0.0,139.8,0.0,440.51,0.0,440.51,128.3,11.5,0.0,0.0,404.27,0.0,0.0,36.24,0.0,0.0,0.0,0.0,404.27,36.24,0.0,476.0,24.0,,19.29,19.83,32.0,71.8,8.3,45.0,11.4,11.4,125032.0,65.0,0,,,,,,,,,
1308185,9465241,,,,,2022-08-20,,Container,0.0,156.7,0.0,156.7,0.0,493.76,0.0,493.76,144.3,12.4,0.0,0.0,454.69,0.0,0.0,39.07,0.0,0.0,0.0,0.0,454.69,39.07,0.0,433.0,23.0,,19.17,18.83,52.0,74.9,16.6,30.0,11.4,11.4,120779.0,55.0,0,,,,,,,,,
1308186,9465241,,,,,2022-08-21,,Container,0.0,161.9,0.0,161.9,0.0,510.15,0.0,510.15,151.0,10.9,0.0,0.0,475.8,0.0,0.0,34.35,0.0,0.0,0.0,0.0,475.8,34.35,0.0,477.0,24.0,,19.42,19.88,40.0,74.8,11.8,20.0,11.4,11.4,120779.0,56.0,0,,,,,,,,,
1308187,9465241,,,,,2022-08-22,,Container,0.0,162.0,0.0,162.0,0.0,510.46,0.0,510.46,151.8,10.2,0.0,0.0,478.32,0.0,0.0,32.14,0.0,0.0,0.0,0.0,478.32,32.14,0.0,452.0,23.0,,19.78,19.65,40.0,75.7,13.8,45.0,11.3,11.3,120779.0,42.0,0,,,,,,,,,
1308188,9465241,,,,,2022-08-23,,Container,0.0,170.9,0.0,170.9,0.0,538.51,0.0,538.51,160.0,10.9,0.0,0.0,504.16,0.0,0.0,34.35,0.0,0.0,0.0,0.0,504.16,34.35,0.0,471.0,24.0,,19.88,19.62,33.0,76.3,14.6,45.0,11.3,11.3,120779.0,41.0,0,,,,,,,,,
1308189,9465241,,,,,2022-08-24,,Container,0.0,138.5,0.0,138.5,0.0,436.41,0.0,436.41,127.8,10.7,0.0,0.0,402.7,0.0,0.0,33.72,0.0,0.0,0.0,0.0,402.7,33.72,0.0,455.0,23.5,,19.49,19.36,23.0,71.6,10.2,60.0,11.3,11.3,120779.0,42.0,0,,,,,,,,,
1308190,9465241,,,,,2022-08-25,,Container,0.0,132.7,0.0,132.7,0.0,418.14,0.0,418.14,120.9,11.8,0.0,0.0,380.96,0.0,0.0,37.18,0.0,0.0,0.0,0.0,380.96,37.18,0.0,456.0,24.0,,19.08,19.0,30.0,70.6,10.6,50.0,11.9,11.6,127399.0,39.0,0,,,,,,,,,
1308191,9465241,,,,,2022-08-26,,Container,0.0,89.5,1.5,91.0,0.0,282.01,4.81,286.82,77.35,12.15,1.5,0.0,243.73,0.0,0.0,38.28,0.0,0.0,0.0,4.81,243.73,38.28,4.81,316.0,21.5,,2.03,2.06,1.33,7.72,1.29,8.89,3.97,3.87,42466.33,4.0,0,,,,,,,,,
1308192,9465241,,,,,2022-08-27,,Container,0.0,16.4,5.1,21.5,0.0,51.68,16.35,68.03,1.5,14.9,5.1,0.0,4.73,0.0,0.0,46.95,0.0,0.0,0.0,16.35,4.73,46.95,16.35,8.0,10.9,,0.0,0.0,2.22,0.0,0.0,1.11,3.81,3.56,39151.67,28.22,0,,,,,,,,,
1308193,9465241,,,,,2022-08-28,,Container,0.0,82.4,0.0,82.4,0.0,259.64,0.0,259.64,76.3,6.1,0.0,0.0,240.42,0.0,0.0,19.22,0.0,0.0,0.0,0.0,240.42,19.22,0.0,260.0,12.0,,21.0,21.67,4.0,77.0,6.5,150.0,11.2,10.2,112483.0,86.0,0,,,,,,,,,
1308194,9465241,,,,,2022-08-29,,Container,0.0,151.2,0.0,151.2,0.0,476.43,0.0,476.43,139.2,12.0,0.0,0.0,438.62,0.0,0.0,37.81,0.0,0.0,0.0,0.0,438.62,37.81,0.0,495.0,23.0,,21.0,21.52,32.0,76.1,6.0,45.0,11.2,10.2,112483.0,88.0,0,,,,,,,,,
1308195,9465241,,,,,2022-08-30,,Container,0.0,147.9,0.0,147.9,0.0,466.03,0.0,466.03,136.2,11.7,0.0,0.0,429.17,0.0,0.0,36.87,0.0,0.0,0.0,0.0,429.17,36.87,0.0,473.0,23.0,,20.74,20.57,22.0,75.9,10.0,30.0,12.2,10.5,120564.0,133.0,0,,,,,,,,,
1308196,9465241,,,,,2022-08-31,,Container,0.0,85.6,1.45,87.05,0.0,269.73,4.65,274.37,67.3,18.3,1.45,0.0,212.06,0.0,0.0,57.66,0.0,0.0,0.0,4.65,212.06,57.66,4.65,389.0,27.6,,1.88,1.87,2.12,7.12,1.6,5.0,3.05,2.62,30141.0,16.12,0,,,,,,,,,
1308197,9465241,,,,,2022-09-01,,Container,0.0,11.8,3.1,14.9,0.0,37.18,9.94,47.12,1.5,10.3,3.1,0.0,4.73,0.0,0.0,32.46,0.0,0.0,0.0,9.94,4.73,32.46,9.94,15.0,22.2,,0.0,0.0,2.2,0.0,0.0,2.0,3.5,3.17,35601.6,8.2,0,,,,,,,,,
1308198,9465241,,,,,2022-09-02,,Container,0.0,71.3,0.0,71.3,0.0,224.67,0.0,224.67,61.8,9.5,0.0,0.0,194.73,0.0,0.0,29.93,0.0,0.0,0.0,0.0,194.73,29.93,0.0,322.0,17.5,,18.0,18.4,29.0,62.9,2.8,20.0,11.4,10.6,117726.0,43.0,0,,,,,,,,,
1308199,9465241,,,,,2022-09-03,,Container,0.0,88.2,0.0,88.2,0.0,277.92,0.0,277.92,76.2,12.0,0.0,0.0,240.11,0.0,0.0,37.81,0.0,0.0,0.0,0.0,240.11,37.81,0.0,405.0,24.0,,16.79,16.88,11.0,61.4,8.8,50.0,11.4,10.6,117726.0,38.0,0,,,,,,,,,
1308200,9465241,,,,,2022-09-04,,Container,0.0,84.7,0.0,84.7,0.0,266.89,0.0,266.89,71.8,12.9,0.0,0.0,226.24,0.0,0.0,40.65,0.0,0.0,0.0,0.0,226.24,40.65,0.0,405.0,24.0,,16.5,16.88,12.0,60.5,7.4,135.0,11.4,10.6,117726.0,32.0,0,,,,,,,,,
1308201,9465241,,,,,2022-09-05,,Container,0.0,85.7,0.0,85.7,0.0,270.04,0.0,270.04,71.2,14.5,0.0,0.0,224.35,0.0,0.0,45.69,0.0,0.0,0.0,0.0,224.35,45.69,0.0,404.0,24.0,,16.58,16.83,19.0,61.0,8.4,60.0,10.7,9.4,104630.0,36.0,0,,,,,,,,,
1308202,9465241,,,,,2022-09-06,,Container,0.0,115.3,0.0,115.3,0.0,363.31,0.0,363.31,102.5,12.8,0.0,0.0,322.98,0.0,0.0,40.33,0.0,0.0,0.0,0.0,322.98,40.33,0.0,444.0,24.0,,18.12,18.5,34.0,66.0,7.0,20.0,10.7,9.4,104630.0,29.0,0,,,,,,,,,
1308203,9465241,,,,,2022-09-07,,Container,0.0,121.9,0.0,121.9,0.0,384.11,0.0,384.11,109.9,12.0,0.0,0.0,346.29,0.0,0.0,37.81,0.0,0.0,0.0,0.0,346.29,37.81,0.0,441.0,24.0,,18.33,18.38,34.0,68.3,10.6,20.0,10.7,9.4,104630.0,356.0,0,,,,,,,,,
1308204,9465241,,,,,2022-09-08,,Container,0.0,112.3,1.9,114.2,0.0,353.86,6.09,359.95,97.15,15.15,1.9,0.0,306.12,0.0,0.0,47.74,0.0,0.0,0.0,6.09,306.12,47.74,6.09,431.0,26.1,,2.25,2.23,4.0,8.4,1.49,2.5,2.68,2.55,27566.0,34.62,0,,,,,,,,,
1308206,9465241,,,,,2022-09-10,,Container,0.0,22.7,2.5,25.2,0.0,71.53,8.02,79.54,12.4,10.3,2.5,0.0,39.07,0.0,0.0,32.46,0.0,0.0,0.0,8.02,39.07,32.46,8.02,90.0,23.2,,1.27,1.33,4.89,5.13,1.52,3.33,5.13,5.1,59386.33,24.0,0,,,,,,,,,
1308207,9465241,,,,,2022-09-11,,Container,0.0,46.3,0.0,46.3,0.0,145.89,0.0,145.89,35.7,10.6,0.0,0.0,112.49,0.0,0.0,33.4,0.0,0.0,0.0,0.0,112.49,33.4,0.0,276.0,23.0,,11.87,12.0,26.0,46.9,15.0,20.0,15.4,15.3,178159.0,156.0,0,,,,,,,,,
1308208,9465241,,,,,2022-09-12,,Container,0.0,56.0,7.0,63.0,0.0,176.46,22.44,198.9,49.6,12.9,0.5,0.0,135.81,20.84,0.0,40.65,0.0,0.0,0.0,1.6,156.65,40.65,1.6,347.0,26.6,,4.2,4.41,10.67,16.93,4.5,6.67,7.35,7.35,84701.5,18.83,0,,,,,,,,,
1308209,9465241,,,,,2022-09-13,,Container,0.0,8.0,9.7,17.7,0.0,25.21,31.1,56.31,6.8,8.0,2.9,0.0,0.0,21.8,0.0,25.21,0.0,0.0,0.0,9.3,21.8,25.21,9.3,26.0,3.3,,0.0,0.0,0.0,0.0,0.0,0.0,14.7,14.7,169403.0,0.0,0,,,,,,,,,
1308210,9465241,,,,,2022-09-14,,Container,0.0,1.3,24.2,25.5,0.0,4.1,77.59,81.68,13.0,9.2,3.3,0.0,0.0,41.68,0.0,4.1,25.33,0.0,0.0,10.58,41.68,29.42,10.58,49.0,9.1,,0.0,0.0,0.0,0.0,0.0,0.0,3.68,3.68,42350.75,0.0,0,,,,,,,,,
1308211,9465241,,,,,2022-09-15,,Container,0.0,0.0,18.3,18.3,0.0,0.0,58.67,58.67,2.9,11.7,3.7,0.0,0.0,9.3,0.0,0.0,37.51,0.0,0.0,11.86,9.3,37.51,11.86,13.0,3.4,,0.0,0.0,2.33,0.0,0.0,10.0,4.63,4.59,52307.89,20.0,0,,,,,,,,,
1308212,9465241,,,,,2022-09-16,,Container,0.0,53.3,0.1,53.4,0.0,167.95,0.32,168.27,42.3,11.0,0.1,0.0,133.29,0.0,0.0,34.66,0.0,0.0,0.0,0.32,133.29,34.66,0.32,285.0,21.2,,13.54,13.44,29.0,50.9,12.4,10.0,13.5,13.3,150684.0,218.0,0,,,,,,,,,
1308213,9465241,,,,,2022-09-17,,Container,0.0,40.0,1.3,41.3,0.0,126.04,4.17,130.21,27.9,12.1,1.3,0.0,87.91,0.0,0.0,38.13,0.0,0.0,0.0,4.17,87.91,38.13,4.17,201.0,15.9,,4.39,4.37,3.67,16.63,4.3,26.67,13.5,13.3,150684.0,76.67,0,,,,,,,,,
1308214,9465241,,,,,2022-09-18,,Container,0.0,35.6,3.2,38.8,0.0,112.18,10.26,122.43,20.5,15.1,3.2,0.0,64.6,0.0,0.0,47.58,0.0,0.0,0.0,10.26,64.6,47.58,10.26,130.0,13.8,,0.0,0.0,0.0,0.0,0.0,0.0,3.38,3.32,37671.0,0.0,0,,,,,,,,,
1308216,9465241,,,,,2022-09-20,,Container,0.0,37.2,2.5,39.7,0.0,117.22,8.02,125.23,26.3,10.9,2.5,0.0,82.87,0.0,0.0,34.35,0.0,0.0,0.0,8.02,82.87,34.35,8.02,120.0,22.9,,2.11,2.14,4.56,7.17,0.11,24.44,4.0,3.93,41783.67,31.11,0,,,,,,,,,
1308217,9465241,,,,,2022-09-21,,Container,0.0,56.9,0.0,56.9,0.0,179.29,0.0,179.29,44.5,12.4,0.0,0.0,140.22,0.0,0.0,39.07,0.0,0.0,0.0,0.0,140.22,39.07,0.0,333.0,24.0,,13.75,13.88,12.0,49.7,7.3,170.0,12.0,11.8,125351.0,219.0,0,,,,,,,,,
1308218,9465241,,,,,2022-09-22,,Container,0.0,48.3,0.5,48.8,0.0,152.19,1.6,153.8,35.7,12.6,0.5,0.0,112.49,0.0,0.0,39.7,0.0,0.0,0.0,1.6,112.49,39.7,1.6,277.0,24.0,,4.38,4.41,2.33,16.2,3.23,60.0,11.9,11.7,125351.0,84.0,0,,,,,,,,,
1308219,9465241,,,,,2022-09-23,,Container,0.0,30.2,3.6,33.8,0.0,95.16,11.54,106.7,14.5,15.7,3.6,0.0,45.69,0.0,0.0,49.47,0.0,0.0,0.0,11.54,45.69,49.47,11.54,88.0,20.4,,0.0,0.0,1.88,0.0,0.0,0.31,3.04,3.01,32754.12,5.31,0,,,,,,,,,
1308220,9465241,,,,,2022-09-24,,Container,0.0,113.9,0.0,113.9,0.0,358.9,0.0,358.9,104.1,9.8,0.0,0.0,328.02,0.0,0.0,30.88,0.0,0.0,0.0,0.0,328.02,30.88,0.0,369.0,18.0,,20.22,20.5,31.0,74.9,9.1,30.0,12.4,12.4,136682.0,205.0,0,,,,,,,,,
1308221,9465241,,,,,2022-09-25,,Container,0.0,71.6,0.0,71.6,0.0,225.61,0.0,225.61,57.6,14.0,0.0,0.0,181.5,0.0,0.0,44.11,0.0,0.0,0.0,0.0,181.5,44.11,0.0,355.0,24.0,,14.21,14.79,32.0,52.6,6.6,20.0,12.4,12.4,136682.0,214.0,0,,,,,,,,,
1308222,9465241,,,,,2022-09-26,,Container,0.0,80.3,0.0,80.3,0.0,253.03,0.0,253.03,65.8,14.5,0.0,0.0,207.34,0.0,0.0,45.69,0.0,0.0,0.0,0.0,207.34,45.69,0.0,354.0,24.0,,14.54,14.75,33.0,56.2,14.5,20.0,12.4,12.4,136682.0,217.0,0,,,,,,,,,
1308223,9465241,,,,,2022-09-27,,Container,0.0,104.6,1.2,105.8,0.0,329.59,3.85,333.44,91.2,13.4,1.2,0.0,287.37,0.0,0.0,42.22,0.0,0.0,0.0,3.85,287.37,42.22,3.85,359.0,22.5,,1.81,1.83,2.2,7.04,1.37,1.0,3.78,3.63,40837.5,21.0,0,,,,,,,,,
1308225,9465241,,,,,2022-09-29,,Container,0.0,55.3,0.2,55.5,0.0,174.25,0.64,174.89,48.8,6.5,0.2,0.0,153.77,0.0,0.0,20.48,0.0,0.0,0.0,0.64,153.77,20.48,0.64,191.0,12.0,,8.36,8.46,26.5,33.2,7.7,10.0,15.7,15.7,182737.0,263.0,0,,,,,,,,,
1308226,9465241,,,,,2022-09-30,,Container,0.0,148.3,0.0,148.3,0.0,467.29,0.0,467.29,136.6,11.7,0.0,0.0,430.43,0.0,0.0,36.87,0.0,0.0,0.0,0.0,430.43,36.87,0.0,460.0,24.0,,18.96,19.17,39.0,73.9,13.9,10.0,15.7,15.7,182737.0,234.0,0,,,,,,,,,
1308227,9465241,,,,,2022-10-01,,Container,0.0,174.7,0.0,174.7,0.0,550.48,0.0,550.48,162.7,12.0,0.0,0.0,512.67,0.0,0.0,37.81,0.0,0.0,0.0,0.0,512.67,37.81,0.0,468.0,25.0,,18.92,18.72,40.0,76.3,18.5,10.0,15.7,15.7,182737.0,235.0,0,,,,,,,,,
1308228,9465241,,,,,2022-10-02,,Container,0.0,176.1,0.0,176.1,0.0,554.89,0.0,554.89,164.4,11.7,0.0,0.0,518.02,0.0,0.0,36.87,0.0,0.0,0.0,0.0,518.02,36.87,0.0,470.0,24.0,,19.5,19.58,39.0,78.0,16.6,10.0,15.7,15.7,182149.0,234.0,0,,,,,,,,,
1308229,9465241,,,,,2022-10-03,,Container,0.0,185.9,0.0,185.9,0.0,585.77,0.0,585.77,173.6,12.3,0.0,0.0,547.01,0.0,0.0,38.76,0.0,0.0,0.0,0.0,547.01,38.76,0.0,490.0,25.0,,19.4,19.6,38.0,78.8,17.4,20.0,15.7,15.7,182149.0,234.0,0,,,,,,,,,
1308230,9465241,,,,,2022-10-04,,Container,0.0,125.9,0.0,125.9,0.0,396.71,0.0,396.71,114.4,11.5,0.0,0.0,360.47,0.0,0.0,36.24,0.0,0.0,0.0,0.0,360.47,36.24,0.0,435.0,24.0,,17.54,18.12,27.0,69.6,13.5,50.0,15.7,15.7,182149.0,227.0,0,,,,,,,,,
1308231,9465241,,,,,2022-10-05,,Container,0.0,128.0,0.0,128.0,0.0,403.33,0.0,403.33,116.3,11.7,0.0,0.0,366.46,0.0,0.0,36.87,0.0,0.0,0.0,0.0,366.46,36.87,0.0,449.0,25.0,,17.28,17.96,24.0,68.9,13.4,60.0,15.7,15.7,182149.0,233.0,0,,,,,,,,,
1308232,9465241,,,,,2022-10-06,,Container,0.0,111.8,0.0,111.8,0.0,352.28,0.0,352.28,100.1,11.7,0.0,0.0,315.42,0.0,0.0,36.87,0.0,0.0,0.0,0.0,315.42,36.87,0.0,420.0,24.0,,17.21,17.5,16.0,67.1,13.4,80.0,15.7,15.7,181588.0,236.0,0,,,,,,,,,
1308233,9465241,,,,,2022-10-07,,Container,0.0,105.5,0.0,105.5,0.0,332.43,0.0,332.43,93.0,12.5,0.0,0.0,293.04,0.0,0.0,39.39,0.0,0.0,0.0,0.0,293.04,39.39,0.0,432.0,25.0,,17.0,17.28,14.0,64.5,11.0,70.0,15.7,15.7,181588.0,246.0,0,,,,,,,,,
1308234,9465241,,,,,2022-10-08,,Container,0.0,94.3,0.0,94.3,0.0,297.14,0.0,297.14,81.5,12.8,0.0,0.0,256.81,0.0,0.0,40.33,0.0,0.0,0.0,0.0,256.81,40.33,0.0,413.0,24.0,,16.29,17.21,14.0,62.1,8.0,90.0,15.7,15.7,181588.0,247.0,0,,,,,,,,,
1308235,9465241,,,,,2022-10-09,,Container,0.0,112.4,0.0,112.4,0.0,354.17,0.0,354.17,99.5,12.9,0.0,0.0,313.52,0.0,0.0,40.65,0.0,0.0,0.0,0.0,313.52,40.65,0.0,424.0,25.0,,16.56,16.96,24.0,65.1,13.5,60.0,15.7,15.7,181588.0,240.0,0,,,,,,,,,
1308236,9465241,,,,,2022-10-10,,Container,0.0,117.1,0.0,117.1,0.0,368.98,0.0,368.98,105.8,11.3,0.0,0.0,333.38,0.0,0.0,35.61,0.0,0.0,0.0,0.0,333.38,35.61,0.0,411.0,24.0,,5.68,5.71,2.67,22.53,5.3,43.33,5.23,5.23,60529.33,80.67,0,,,,,,,,,
1308237,9465241,,,,,2022-10-11,,Container,0.0,100.4,0.0,100.4,0.0,316.36,0.0,316.36,88.5,11.9,0.0,0.0,278.86,0.0,0.0,37.5,0.0,0.0,0.0,0.0,278.86,37.5,0.0,426.0,25.0,,16.2,17.04,39.0,63.0,11.5,10.0,15.7,15.7,181588.0,266.0,0,,,,,,,,,
1308238,9465241,,,,,2022-10-12,,Container,0.0,102.7,0.0,102.7,0.0,323.61,0.0,323.61,90.5,12.2,0.0,0.0,285.17,0.0,0.0,38.44,0.0,0.0,0.0,0.0,285.17,38.44,0.0,410.0,24.0,,16.83,17.08,9.0,64.5,12.1,170.0,15.7,15.7,181015.0,339.0,0,,,,,,,,,
1308239,9465241,,,,,2022-10-13,,Container,0.0,108.3,0.0,108.3,0.0,341.25,0.0,341.25,95.4,12.9,0.0,0.0,300.61,0.0,0.0,40.65,0.0,0.0,0.0,0.0,300.61,40.65,0.0,426.0,25.0,,16.88,17.04,5.0,64.2,11.8,160.0,15.7,15.7,181015.0,338.0,0,,,,,,,,,
1308240,9465241,,,,,2022-10-14,,Container,0.0,95.2,0.0,95.2,0.0,299.98,0.0,299.98,83.0,12.2,0.0,0.0,261.53,0.0,0.0,38.44,0.0,0.0,0.0,0.0,261.53,38.44,0.0,402.0,24.0,,16.75,16.75,21.0,63.9,13.0,30.0,15.7,15.7,181015.0,338.0,0,,,,,,,,,
1308241,9465241,,,,,2022-10-15,,Container,0.0,100.7,0.0,100.7,0.0,317.31,0.0,317.31,88.7,12.0,0.0,0.0,279.49,0.0,0.0,37.81,0.0,0.0,0.0,0.0,279.49,37.81,0.0,409.0,24.0,,16.83,17.04,28.0,64.0,11.7,30.0,15.7,15.7,181015.0,338.0,0,,,,,,,,,
1308242,9465241,,,,,2022-10-16,,Container,0.0,103.8,0.0,103.8,0.0,327.07,0.0,327.07,91.0,12.8,0.0,0.0,286.74,0.0,0.0,40.33,0.0,0.0,0.0,0.0,286.74,40.33,0.0,426.0,25.0,,17.04,17.04,29.0,65.0,13.0,20.0,15.7,15.7,181015.0,338.0,0,,,,,,,,,
1308243,9465241,,,,,2022-10-17,,Container,0.0,81.8,0.0,81.8,0.0,257.75,0.0,257.75,69.8,12.0,0.0,0.0,219.94,0.0,0.0,37.81,0.0,0.0,0.0,0.0,219.94,37.81,0.0,393.0,24.0,,15.96,16.38,26.0,60.3,9.9,30.0,15.7,15.7,180581.0,338.0,0,,,,,,,,,
1308244,9465241,,,,,2022-10-18,,Container,0.0,60.8,2.2,63.0,0.0,191.58,7.05,198.63,46.2,14.6,2.2,0.0,145.58,0.0,0.0,46.0,0.0,0.0,0.0,7.05,145.58,46.0,7.05,287.0,25.4,,1.48,1.53,2.8,5.94,1.47,2.0,6.2,6.2,72232.4,32.8,0,,,,,,,,,
1308247,9465241,,,,,2022-10-21,,Container,0.0,41.6,3.7,45.3,0.0,131.08,11.86,142.94,26.3,15.3,3.7,0.0,82.87,0.0,0.0,48.21,0.0,0.0,0.0,11.86,82.87,48.21,11.86,111.0,28.5,,2.19,2.14,2.47,8.25,1.65,8.82,4.56,3.84,46856.62,34.12,0,,,,,,,,,
1308250,9465241,,,,,2022-10-24,,Container,0.0,13.6,4.0,17.6,0.0,42.85,12.82,55.68,1.6,12.0,4.0,0.0,5.04,0.0,0.0,37.81,0.0,0.0,0.0,12.82,5.04,37.81,12.82,7.0,3.8,,0.0,0.0,2.56,0.0,0.0,3.33,4.37,3.83,44147.61,17.22,0,,,,,,,,,
1308251,9465241,,,,,2022-10-25,,Container,0.0,125.5,0.0,125.5,0.0,395.45,0.0,395.45,115.6,9.9,0.0,0.0,364.26,0.0,0.0,31.19,0.0,0.0,0.0,0.0,364.26,31.19,0.0,419.0,19.4,,20.93,21.6,32.0,77.5,7.5,30.0,11.9,10.7,119008.0,159.0,0,,,,,,,,,
1308252,9465241,,,,,2022-10-26,,Container,0.0,161.5,0.0,161.5,0.0,508.89,0.0,508.89,149.6,11.9,0.0,0.0,471.39,0.0,0.0,37.5,0.0,0.0,0.0,0.0,471.39,37.5,0.0,478.0,23.0,,20.61,20.78,36.0,77.9,11.9,20.0,11.9,10.7,119008.0,159.0,0,,,,,,,,,
1308253,9465241,,,,,2022-10-27,,Container,0.0,172.8,0.0,172.8,0.0,544.49,0.0,544.49,160.7,12.1,0.0,0.0,506.37,0.0,0.0,38.13,0.0,0.0,0.0,0.0,506.37,38.13,0.0,506.0,24.0,,20.79,21.08,30.0,77.9,10.2,45.0,11.45,11.4,122250.0,159.0,0,,,,,,,,,
1308254,9465241,,,,,2022-10-28,,Container,0.0,143.1,0.0,143.1,0.0,450.91,0.0,450.91,132.4,10.7,0.0,0.0,417.19,0.0,0.0,33.72,0.0,0.0,0.0,0.0,417.19,33.72,0.0,438.0,23.0,,18.96,19.04,41.0,73.8,14.4,10.0,11.45,11.4,122250.0,159.0,0,,,,,,,,,
1308255,9465241,,,,,2022-10-29,,Container,0.0,137.9,0.0,137.9,0.0,434.52,0.0,434.52,127.0,10.9,0.0,0.0,400.18,0.0,0.0,34.35,0.0,0.0,0.0,0.0,400.18,34.35,0.0,453.0,24.0,,18.62,18.88,34.0,72.4,13.5,30.0,11.45,11.4,122250.0,157.0,0,,,,,,,,,
1308256,9465241,,,,,2022-10-30,,Container,0.0,134.2,0.0,134.2,0.0,422.86,0.0,422.86,122.9,11.3,0.0,0.0,387.26,0.0,0.0,35.61,0.0,0.0,0.0,0.0,387.26,35.61,0.0,456.0,24.0,,19.04,19.0,22.0,72.1,12.5,60.0,11.45,11.4,122250.0,85.0,0,,,,,,,,,
1308257,9465241,,,,,2022-10-31,,Container,0.0,143.6,0.0,143.6,0.0,452.48,0.0,452.48,133.0,10.6,0.0,0.0,419.08,0.0,0.0,33.4,0.0,0.0,0.0,0.0,419.08,33.4,0.0,438.0,23.0,,19.96,19.04,22.0,73.9,14.5,90.0,11.45,11.4,121692.0,64.0,0,,,,,,,,,
1308258,9465241,,,,,2022-11-01,,Container,0.0,152.4,0.0,152.4,0.0,480.21,0.0,480.21,141.2,11.2,0.0,0.0,444.92,0.0,0.0,35.29,0.0,0.0,0.0,0.0,444.92,35.29,0.0,471.0,24.0,,19.38,19.62,33.0,72.4,10.0,70.0,11.45,11.4,121692.0,65.0,0,,,,,,,,,
1308259,9465241,,,,,2022-11-02,,Container,0.0,166.4,0.0,166.4,0.0,524.33,0.0,524.33,155.5,10.9,0.0,0.0,489.98,0.0,0.0,34.35,0.0,0.0,0.0,0.0,489.98,34.35,0.0,424.0,23.0,,19.78,18.43,26.0,75.7,19.2,60.0,11.45,11.4,121692.0,67.0,0,,,,,,,,,
1308260,9465241,,,,,2022-11-03,,Container,0.0,164.0,0.0,164.0,0.0,516.76,0.0,516.76,152.7,11.3,0.0,0.0,481.16,0.0,0.0,35.61,0.0,0.0,0.0,0.0,481.16,35.61,0.0,457.0,24.0,,19.54,19.04,34.0,73.2,13.7,10.0,11.45,11.4,121692.0,52.0,0,,,,,,,,,
1308261,9465241,,,,,2022-11-04,,Container,0.0,157.4,0.0,157.4,0.0,495.97,0.0,495.97,146.4,11.0,0.0,0.0,461.31,0.0,0.0,34.66,0.0,0.0,0.0,0.0,461.31,34.66,0.0,441.0,23.0,,18.96,19.17,33.0,72.0,11.6,20.0,11.45,11.4,121052.0,55.0,0,,,,,,,,,
1308262,9465241,,,,,2022-11-05,,Container,0.0,154.7,0.0,154.7,0.0,487.46,0.0,487.46,142.6,12.1,0.0,0.0,449.33,0.0,0.0,38.13,0.0,0.0,0.0,0.0,449.33,38.13,0.0,447.0,24.0,,18.71,18.62,29.0,72.3,14.4,40.0,11.45,11.4,121052.0,44.0,0,,,,,,,,,
1308263,9465241,,,,,2022-11-06,,Container,0.0,150.1,0.0,150.1,0.0,472.97,0.0,472.97,137.9,12.2,0.0,0.0,434.52,0.0,0.0,38.44,0.0,0.0,0.0,0.0,434.52,38.44,0.0,441.0,24.0,,18.42,18.38,20.0,69.5,12.2,50.0,11.45,11.4,121052.0,43.0,0,,,,,,,,,
1308264,9465241,,,,,2022-11-07,,Container,0.0,116.8,0.0,116.8,0.0,368.04,0.0,368.04,104.5,12.3,0.0,0.0,329.28,0.0,0.0,38.76,0.0,0.0,0.0,0.0,329.28,38.76,0.0,405.0,23.5,,17.19,17.23,23.0,64.8,11.6,50.0,11.45,11.4,121052.0,38.0,0,,,,,,,,,
1308265,9465241,,,,,2022-11-08,,Container,0.0,97.1,0.0,97.1,0.0,305.96,0.0,305.96,83.4,13.7,0.0,0.0,262.79,0.0,0.0,43.17,0.0,0.0,0.0,0.0,262.79,43.17,0.0,409.0,24.0,,16.75,17.04,28.0,63.7,11.1,30.0,11.45,11.4,121052.0,38.0,0,,,,,,,,,
1308266,9465241,,,,,2022-11-09,,Container,0.0,60.5,1.6,62.1,0.0,190.64,5.13,195.77,45.8,14.7,1.6,0.0,144.32,0.0,0.0,46.32,0.0,0.0,0.0,5.13,144.32,46.32,5.13,285.0,22.6,,1.63,1.63,3.62,6.41,1.92,2.5,2.86,2.85,30263.0,5.62,0,,,,,,,,,
1308267,9465241,,,,,2022-11-10,,Container,0.0,21.9,2.3,24.2,0.0,69.01,7.37,76.38,10.6,11.3,2.3,0.0,33.4,0.0,0.0,35.61,0.0,0.0,0.0,7.37,33.4,35.61,7.37,40.0,22.2,,2.1,2.1,4.11,7.57,0.87,12.22,3.83,3.78,40748.67,46.89,0,,,,,,,,,
1308268,9465241,,,,,2022-11-11,,Container,0.0,165.1,0.0,165.1,0.0,520.23,0.0,520.23,152.2,12.9,0.0,0.0,479.58,0.0,0.0,40.65,0.0,0.0,0.0,0.0,479.58,40.65,0.0,499.0,23.0,,21.61,21.7,26.0,79.9,9.9,45.0,11.5,11.35,122246.0,88.0,0,,,,,,,,,
1308269,9465241,,,,,2022-11-12,,Container,0.0,111.2,0.0,111.2,0.0,350.39,0.0,350.39,97.0,14.2,0.0,0.0,305.65,0.0,0.0,44.74,0.0,0.0,0.0,0.0,305.65,44.74,0.0,416.0,23.0,,17.91,18.09,28.0,65.9,8.8,20.0,11.9,11.9,128750.0,88.0,0,,,,,,,,,
1308270,9465241,,,,,2022-11-13,,Container,0.0,63.4,0.0,63.4,0.0,199.77,0.0,199.77,47.9,15.5,0.0,0.0,150.93,0.0,0.0,48.84,0.0,0.0,0.0,0.0,150.93,48.84,0.0,327.0,24.0,,13.54,13.62,26.0,51.2,11.6,20.0,11.9,11.9,128750.0,129.0,0,,,,,,,,,
1308271,9465241,,,,,2022-11-14,,Container,0.0,29.2,2.2,31.4,0.0,92.01,7.05,99.06,14.5,14.7,2.2,0.0,45.69,0.0,0.0,46.32,0.0,0.0,0.0,7.05,45.69,46.32,7.05,217.0,24.0,,8.83,9.04,22.0,32.8,8.6,30.0,11.9,11.9,128750.0,131.0,0,,,,,,,,,
1308272,9465241,,,,,2022-11-15,,Container,0.0,23.4,2.7,26.1,0.0,73.73,8.66,82.39,9.5,13.9,2.7,0.0,29.93,0.0,0.0,43.8,0.0,0.0,0.0,8.66,29.93,43.8,8.66,128.0,21.7,,0.84,0.83,1.8,3.36,1.76,4.0,3.57,3.57,38625.0,10.5,0,,,,,,,,,
1308273,9465241,,,,,2022-11-16,,Container,0.0,13.2,2.5,15.7,0.0,41.59,8.01,49.61,1.7,11.5,2.5,0.0,5.36,0.0,0.0,36.24,0.0,0.0,0.0,8.01,5.36,36.24,8.01,10.0,23.7,,0.0,0.0,2.0,0.0,0.0,3.75,2.7,2.58,28291.25,9.38,0,,,,,,,,,
1308274,9465241,,,,,2022-11-17,,Container,0.0,150.0,0.0,150.0,0.0,472.65,0.0,472.65,139.0,11.0,0.0,0.0,437.99,0.0,0.0,34.66,0.0,0.0,0.0,0.0,437.99,34.66,0.0,464.0,23.8,,19.62,19.5,30.0,74.0,12.5,10.0,10.8,10.3,113165.0,43.0,0,,,,,,,,,
1308275,9465241,,,,,2022-11-18,,Container,0.0,158.6,0.0,158.6,0.0,499.75,0.0,499.75,147.4,11.2,0.0,0.0,464.46,0.0,0.0,35.29,0.0,0.0,0.0,0.0,464.46,35.29,0.0,479.0,24.0,,19.83,19.96,38.0,75.3,12.0,10.0,10.8,10.3,113165.0,39.0,0,,,,,,,,,
1308276,9465241,,,,,2022-11-19,,Container,0.0,156.3,0.0,156.3,0.0,492.5,0.0,492.5,145.0,11.3,0.0,0.0,456.9,0.0,0.0,35.61,0.0,0.0,0.0,0.0,456.9,35.61,0.0,477.0,24.0,,19.5,19.88,35.0,74.2,10.7,20.0,10.8,10.3,113165.0,32.0,0,,,,,,,,,
1308277,9465241,,,,,2022-11-20,,Container,0.0,142.9,0.0,142.9,0.0,450.28,0.0,450.28,131.7,11.2,0.0,0.0,414.99,0.0,0.0,35.29,0.0,0.0,0.0,0.0,414.99,35.29,0.0,456.0,24.0,,18.71,19.0,38.0,72.3,12.8,10.0,10.8,10.3,113165.0,36.0,0,,,,,,,,,
1308278,9465241,,,,,2022-11-21,,Container,0.0,139.7,0.0,139.7,0.0,440.19,0.0,440.19,129.2,10.5,0.0,0.0,407.11,0.0,0.0,33.09,0.0,0.0,0.0,0.0,407.11,33.09,0.0,465.0,24.0,,19.04,19.38,33.0,71.7,10.3,30.0,10.85,10.3,112555.0,358.0,0,,,,,,,,,
1308279,9465241,,,,,2022-11-22,,Container,0.0,73.2,1.11,74.31,0.0,230.65,3.56,234.21,61.1,12.1,1.11,0.0,192.53,0.0,0.0,38.13,0.0,0.0,0.0,3.56,192.53,38.13,3.56,328.0,23.8,,1.8,1.81,2.75,6.76,1.4,5.0,2.71,2.58,28138.75,43.0,0,,,,,,,,,
1308282,9465241,,,,,2022-11-25,,Container,0.0,13.0,2.7,15.7,0.0,40.96,8.66,49.62,3.1,9.9,2.7,0.0,9.77,0.0,0.0,31.19,0.0,0.0,0.0,8.66,9.77,31.19,8.66,20.0,23.4,,1.39,1.39,5.44,4.86,0.57,13.33,3.43,3.3,34728.33,34.44,0,,,,,,,,,
1308283,9465241,,,,,2022-11-26,,Container,0.0,44.1,0.9,45.0,0.0,138.96,2.89,141.84,33.5,10.6,0.9,0.0,105.56,0.0,0.0,33.4,0.0,0.0,0.0,2.89,105.56,33.4,2.89,280.0,21.3,,6.61,6.66,12.0,23.95,3.85,22.5,10.3,9.9,104185.0,140.0,0,,,,,,,,,
1308284,9465241,,,,,2022-11-27,,Container,0.0,15.4,3.3,18.7,0.0,48.53,10.58,59.11,5.6,9.8,3.3,0.0,17.65,0.0,0.0,30.88,0.0,0.0,0.0,10.58,17.65,30.88,10.58,32.0,4.7,,0.0,0.0,0.0,0.0,0.0,0.0,10.3,9.9,104185.0,0.0,0,,,,,,,,,
1308285,9465241,,,,,2022-11-28,,Container,0.0,15.6,3.4,19.0,0.0,49.16,10.9,60.06,5.8,9.8,3.4,0.0,18.28,0.0,0.0,30.88,0.0,0.0,0.0,10.9,18.28,30.88,10.9,37.0,4.7,,0.0,0.0,0.0,0.0,0.0,0.0,10.3,9.9,104185.0,0.0,0,,,,,,,,,
1308286,9465241,,,,,2022-11-29,,Container,0.0,19.03,3.52,22.55,0.0,59.96,11.29,71.25,9.43,9.6,3.52,0.0,29.71,0.0,0.0,30.25,0.0,0.0,0.0,11.29,29.71,30.25,11.29,40.0,3.7,,0.0,0.0,0.0,0.0,0.0,0.0,10.3,9.9,104185.0,0.0,0,,,,,,,,,
1308287,9465241,,,,,2022-11-30,,Container,0.0,29.0,4.9,33.9,0.0,91.38,15.71,107.09,14.8,14.2,4.9,0.0,46.63,0.0,0.0,44.74,0.0,0.0,0.0,15.71,46.63,44.74,15.71,86.0,9.6,,0.0,0.0,0.0,0.0,0.0,0.0,10.3,9.9,104185.0,0.0,0,,,,,,,,,
1308288,9465241,,,,,2022-12-01,,Container,0.0,8.9,2.6,11.5,0.0,28.04,8.34,36.38,2.7,6.2,2.6,0.0,8.51,0.0,0.0,19.54,0.0,0.0,0.0,8.34,8.51,19.54,8.34,20.0,17.5,,0.0,0.0,1.87,0.0,0.0,1.33,2.34,2.01,23247.27,6.0,0,,,,,,,,,
1308289,9465241,,,,,2022-12-02,,Container,0.0,137.0,1.0,138.0,0.0,431.69,3.21,434.89,126.5,10.5,1.0,0.0,398.6,0.0,0.0,33.09,0.0,0.0,0.0,3.21,398.6,33.09,3.21,462.0,26.0,,3.43,3.47,4.78,12.52,1.83,11.11,4.13,3.38,40754.0,52.33,0,,,,,,,,,
1308290,9465241,,,,,2022-12-03,,Container,0.0,23.7,2.1,25.8,0.0,74.68,6.73,81.41,15.0,8.7,2.1,0.0,47.26,0.0,0.0,27.41,0.0,0.0,0.0,6.73,47.26,27.41,6.73,108.0,20.1,,2.49,2.53,6.82,8.71,0.55,10.0,5.5,4.59,53427.73,45.09,0,,,,,,,,,
1308291,9465241,,,,,2022-12-04,,Container,0.0,21.3,3.8,25.1,0.0,67.12,12.18,79.3,9.9,11.4,3.8,0.0,31.19,0.0,0.0,35.92,0.0,0.0,0.0,12.18,31.19,35.92,12.18,76.0,10.3,,0.0,0.0,0.0,0.0,0.0,0.0,2.9,2.45,29385.25,0.0,0,,,,,,,,,
1308293,9465241,,,,,2022-12-06,,Container,0.0,69.9,0.5,70.4,0.0,220.25,1.6,221.86,64.2,5.7,0.5,0.0,202.29,0.0,0.0,17.96,0.0,0.0,0.0,1.6,202.29,17.96,1.6,244.0,13.2,,9.58,10.0,15.0,36.45,0.0,100.0,14.9,14.4,171248.0,160.5,0,,,,,,,,,
1308294,9465241,,,,,2022-12-07,,Container,0.0,118.9,0.7,119.6,0.0,374.65,2.24,376.9,102.7,16.2,0.7,0.0,323.61,0.0,0.0,51.05,0.0,0.0,0.0,2.24,323.61,51.05,2.24,537.0,34.0,,3.47,3.56,3.56,13.12,1.83,24.44,5.0,4.8,57082.67,34.67,0,,,,,,,,,
1308295,9465241,,,,,2022-12-08,,Container,0.0,17.6,2.9,20.5,0.0,55.46,9.3,64.76,8.0,9.6,2.9,0.0,25.21,0.0,0.0,30.25,0.0,0.0,0.0,9.3,25.21,30.25,9.3,32.0,23.0,,0.0,0.0,1.56,0.0,0.0,13.33,5.04,4.98,58375.11,20.33,0,,,,,,,,,
1308296,9465241,,,,,2022-12-09,,Container,0.0,83.1,0.0,83.1,0.0,261.85,0.0,261.85,77.5,5.6,0.0,0.0,244.2,0.0,0.0,17.65,0.0,0.0,0.0,0.0,244.2,17.65,0.0,261.0,13.0,,19.85,20.08,6.0,74.8,10.9,100.0,15.2,15.2,177064.0,184.0,0,,,,,,,,,
1308297,9465241,,,,,2022-12-10,,Container,0.0,126.5,0.0,126.5,0.0,398.6,0.0,398.6,116.2,10.3,0.0,0.0,366.15,0.0,0.0,32.46,0.0,0.0,0.0,0.0,366.15,32.46,0.0,480.0,24.0,,19.71,20.0,8.0,75.0,11.5,150.0,15.2,15.2,177064.0,202.0,0,,,,,,,,,
1308298,9465241,,,,,2022-12-11,,Container,0.0,213.5,0.0,213.5,0.0,672.74,0.0,672.74,198.3,15.2,0.0,0.0,624.84,0.0,0.0,47.9,0.0,0.0,0.0,0.0,624.84,47.9,0.0,629.0,32.0,,18.31,18.69,23.5,69.75,11.3,37.5,15.25,15.25,177064.0,221.5,0,,,,,,,,,
1308299,9465241,,,,,2022-12-12,,Container,0.0,15.2,1.8,17.0,0.0,47.9,5.77,53.67,8.0,7.2,1.8,0.0,25.21,0.0,0.0,22.69,0.0,0.0,0.0,5.77,25.21,22.69,5.77,60.0,14.8,,0.0,0.0,0.0,0.0,0.0,0.0,3.39,3.39,39347.56,0.0,0,,,,,,,,,
1308300,9465241,,,,,2022-12-13,,Container,0.0,26.15,2.9,29.05,0.0,82.4,9.3,91.7,15.65,10.5,2.9,0.0,49.31,0.0,0.0,33.09,0.0,0.0,0.0,9.3,49.31,33.09,9.3,75.0,23.1,,1.84,1.84,3.78,6.71,0.99,17.78,5.43,5.37,63945.67,64.56,0,,,,,,,,,
1308301,9465241,,,,,2022-12-14,,Container,0.0,136.7,0.0,136.7,0.0,430.74,0.0,430.74,127.7,9.0,0.0,0.0,402.38,0.0,0.0,28.36,0.0,0.0,0.0,0.0,402.38,28.36,0.0,463.0,24.0,,19.0,19.29,11.0,71.6,10.6,60.0,16.3,16.1,191837.0,288.0,0,,,,,,,,,
1308302,9465241,,,,,2022-12-15,,Container,0.0,159.5,0.0,159.5,0.0,502.58,0.0,502.58,148.5,11.0,0.0,0.0,467.92,0.0,0.0,34.66,0.0,0.0,0.0,0.0,467.92,34.66,0.0,508.0,25.0,,19.64,20.32,26.0,74.8,9.7,40.0,16.3,16.1,191837.0,271.0,0,,,,,,,,,
1308303,9465241,,,,,2022-12-16,,Container,0.0,160.9,0.0,160.9,0.0,507.0,0.0,507.0,149.9,11.0,0.0,0.0,472.33,0.0,0.0,34.66,0.0,0.0,0.0,0.0,472.33,34.66,0.0,505.0,25.0,,19.56,20.2,28.0,74.2,9.7,40.0,16.3,16.1,191837.0,299.0,0,,,,,,,,,
1308304,9465241,,,,,2022-12-17,,Container,0.0,153.6,0.0,153.6,0.0,483.99,0.0,483.99,143.1,10.5,0.0,0.0,450.91,0.0,0.0,33.09,0.0,0.0,0.0,0.0,450.91,33.09,0.0,468.0,24.5,,18.82,19.1,29.0,74.4,14.7,30.0,16.3,16.1,191837.0,330.0,0,,,,,,,,,
1308305,9465241,,,,,2022-12-18,,Container,0.0,92.7,0.0,92.7,0.0,292.1,0.0,292.1,80.5,12.2,0.0,0.0,253.66,0.0,0.0,38.44,0.0,0.0,0.0,0.0,253.66,38.44,0.0,373.0,24.0,,15.29,15.54,29.0,60.3,14.4,30.0,16.3,16.1,191057.0,336.0,0,,,,,,,,,
1308306,9465241,,,,,2022-12-19,,Container,0.0,79.25,1.3,80.55,0.0,249.72,4.17,253.88,62.95,16.3,1.3,0.0,198.36,0.0,0.0,51.36,0.0,0.0,0.0,4.17,198.36,51.36,4.17,407.0,32.0,,11.12,11.44,25.0,43.9,13.1,30.0,16.25,16.2,190878.0,208.5,0,,,,,,,,,
1308307,9465241,,,,,2022-12-20,,Container,0.0,8.2,2.2,10.4,0.0,25.84,7.05,32.89,1.3,6.9,2.2,0.0,4.1,0.0,0.0,21.74,0.0,0.0,0.0,7.05,4.1,21.74,7.05,21.0,11.9,,0.0,0.0,0.0,0.0,0.0,0.0,4.06,4.05,47719.5,0.0,0,,,,,,,,,
1308308,9465241,,,,,2022-12-21,,Container,0.0,27.4,2.6,30.0,0.0,86.34,8.34,94.67,17.0,10.4,2.6,0.0,53.57,0.0,0.0,32.77,0.0,0.0,0.0,8.34,53.57,32.77,8.34,109.0,23.6,,1.46,1.46,4.78,5.57,1.44,10.0,5.2,5.17,61526.33,59.56,0,,,,,,,,,
1308309,9465241,,,,,2022-12-22,,Container,0.0,37.0,0.0,37.0,0.0,116.59,0.0,116.59,25.6,11.4,0.0,0.0,80.67,0.0,0.0,35.92,0.0,0.0,0.0,0.0,80.67,35.92,0.0,279.0,25.0,,10.84,11.16,23.0,41.0,9.7,60.0,15.6,15.5,184579.0,280.0,0,,,,,,,,,
1308310,9465241,,,,,2022-12-23,,Container,0.0,36.2,1.4,37.6,0.0,114.07,4.49,118.55,23.6,12.6,1.4,0.0,74.36,0.0,0.0,39.7,0.0,0.0,0.0,4.49,74.36,39.7,4.49,256.0,24.5,,10.41,10.45,15.0,39.4,12.9,70.0,15.6,15.5,184579.0,293.0,0,,,,,,,,,
1308311,9465241,,,,,2022-12-24,,Container,0.0,26.6,3.3,29.9,0.0,83.82,10.58,94.4,15.5,11.1,3.3,0.0,48.84,0.0,0.0,34.98,0.0,0.0,0.0,10.58,48.84,34.98,10.58,229.0,24.0,,9.33,9.54,15.0,35.0,9.5,80.0,15.6,15.5,184579.0,245.0,0,,,,,,,,,
846558,9465241,,,,,2020-12-22,357.0,Container,102.9,,0.0,102.9,320.43,,0.0,320.43,75.7,25.5,1.7,235.73,,0.0,79.41,,0.0,5.29,,0.0,235.73,79.41,5.29,275.0,22.2,50.0,6.06,6.09,9.33,25.07,6.47,10.0,14.8,14.8,168686.67,34.67,148342,7.85,6.17,14.8,,E,,,E,5.81
846560,9465241,,,,,2020-12-24,359.0,Container,23.6,,0.0,23.6,73.49,,0.0,73.49,4.4,15.7,3.5,13.7,,0.0,48.89,,0.0,10.9,,0.0,13.7,48.89,10.9,32.0,1.4,35.7,0.0,0.0,6.67,0.0,0.0,0.33,11.73,9.6,113538.0,60.0,148342,15.48,6.18,10.67,,E,,,E,5.81
846561,9465241,,,,,2020-12-25,360.0,Container,152.1,,0.0,152.1,473.64,,0.0,473.64,140.5,11.6,0.0,437.52,,0.0,36.12,,0.0,0.0,,0.0,437.52,36.12,0.0,405.0,19.0,19.0,21.26,21.32,29.0,0.0,12.6,20.0,10.2,7.0,85767.0,91.0,148342,7.88,6.19,8.6,,E,,,E,5.81
846562,9465241,,,,,2020-12-26,361.0,Container,189.6,,0.0,189.6,590.41,,0.0,590.41,175.3,14.3,0.0,545.88,,0.0,44.53,,0.0,0.0,,0.0,545.88,44.53,0.0,515.0,23.5,23.5,21.83,21.91,27.0,81.0,10.2,30.0,10.2,7.0,85560.0,89.0,148342,7.73,6.2,8.6,,E,,,E,5.81
846563,9465241,,,,,2020-12-27,362.0,Container,192.6,,0.0,192.6,599.76,,0.0,599.76,178.1,14.5,0.0,554.6,,0.0,45.15,,0.0,0.0,,0.0,554.6,45.15,0.0,505.0,23.0,23.5,21.87,21.96,28.0,81.3,10.4,10.0,10.2,7.0,85360.0,134.0,148342,8.01,6.21,8.6,,E,,,E,5.81
846564,9465241,,,,,2020-12-28,363.0,Container,202.8,,0.0,202.8,631.52,,0.0,631.52,187.7,15.1,0.0,584.5,,0.0,47.02,,0.0,0.0,,0.0,584.5,47.02,0.0,518.0,24.0,24.0,21.54,21.58,32.0,80.8,11.3,1.0,10.2,7.0,85150.0,45.0,148342,8.22,6.22,8.6,,E,,,E,5.81
846565,9465241,,,,,2020-12-29,364.0,Container,195.2,,0.0,195.2,607.85,,0.0,607.85,180.0,15.2,0.0,560.52,,0.0,47.33,,0.0,0.0,,0.0,560.52,47.33,0.0,507.0,24.0,24.0,21.08,21.12,38.0,80.7,11.4,1.0,10.2,7.0,84950.0,36.0,148342,8.08,6.23,8.6,,E,,,E,5.81
846566,9465241,,,,,2020-12-30,365.0,Container,193.8,,0.0,193.8,603.49,,0.0,603.49,178.4,15.3,0.1,555.54,,0.0,47.64,,0.0,0.31,,0.0,555.54,47.64,0.31,505.0,24.0,24.8,21.0,21.04,44.0,79.9,12.5,1.0,10.2,7.0,84750.0,36.0,148342,8.06,6.24,8.6,,E,,,E,5.81
846567,9465241,,,,,2020-12-31,,Container,188.2,,0.0,188.2,586.05,,0.0,586.05,173.6,14.6,0.0,540.59,,0.0,45.46,,0.0,0.0,,0.0,540.59,45.46,0.0,421.0,24.0,24.4,17.58,17.54,40.0,76.9,24.2,30.0,10.2,7.0,84750.0,25.0,148342,9.38,6.25,8.6,,E,,,E,5.81
1159729,9465241,,,,,2021-01-01,,Container,0.0,85.3,0.0,85.3,0.0,268.78,0.0,268.78,71.2,13.6,0.5,0.0,224.35,0.0,0.0,42.85,0.0,0.0,1.58,0.0,224.35,42.85,1.58,335.0,24.0,,14.04,13.96,10.0,54.3,14.7,20.0,10.2,7.0,84450.0,62.0,0,,,,,,,,,
1159730,9465241,,,,,2021-01-02,,Container,0.0,73.7,0.0,73.7,0.0,232.23,0.0,232.23,53.7,19.0,1.0,0.0,169.21,0.0,0.0,59.87,0.0,0.0,3.15,0.0,169.21,59.87,3.15,415.0,33.3,,8.75,8.68,12.0,31.8,6.33,66.67,10.2,7.0,84381.67,193.33,0,,,,,,,,,
1159731,9465241,,,,,2021-01-03,,Container,0.0,34.65,0.0,34.65,0.0,109.18,0.0,109.18,17.2,12.1,5.35,0.0,54.2,0.0,0.0,38.13,0.0,0.0,16.86,0.0,54.2,38.13,16.86,57.0,6.5,,0.0,0.0,3.75,0.0,0.0,30.0,9.95,7.6,91436.25,26.5,0,,,,,,,,,
1159732,9465241,,,,,2021-01-04,,Container,0.0,128.0,0.0,128.0,0.0,403.33,0.0,403.33,116.8,11.1,0.1,0.0,368.04,0.0,0.0,34.98,0.0,0.0,0.32,0.0,368.04,34.98,0.32,423.0,21.3,,13.08,13.15,5.0,47.97,5.9,79.67,10.7,8.5,98378.33,149.0,0,,,,,,,,,
1159733,9465241,,,,,2021-01-05,,Container,0.0,13.3,0.0,13.3,0.0,41.91,0.0,41.91,5.0,7.6,0.7,0.0,15.76,0.0,0.0,23.95,0.0,0.0,2.21,0.0,15.76,23.95,2.21,73.0,8.3,,0.0,0.0,0.0,0.0,0.0,0.0,10.7,8.5,98320.0,0.0,0,,,,,,,,,
1159734,9465241,,,,,2021-01-06,,Container,0.0,40.93,0.0,40.93,0.0,128.97,0.0,128.97,24.1,13.9,2.93,0.0,75.94,0.0,0.0,43.8,0.0,0.0,9.23,0.0,75.94,43.8,9.23,145.0,11.9,,3.39,3.33,2.67,12.07,0.92,25.0,11.0,9.2,105453.5,51.33,0,,,,,,,,,
1159736,9465241,,,,,2021-01-08,,Container,0.0,17.3,0.0,17.3,0.0,54.51,0.0,54.51,5.3,8.7,3.3,0.0,16.7,0.0,0.0,27.41,0.0,0.0,10.4,0.0,16.7,27.41,10.4,31.0,2.7,,0.0,0.0,9.0,0.0,0.0,15.0,14.1,14.1,160349.5,67.5,0,,,,,,,,,
1159737,9465241,,,,,2021-01-09,,Container,0.0,93.0,0.0,93.0,0.0,293.04,0.0,293.04,81.9,10.8,0.3,0.0,258.07,0.0,0.0,34.03,0.0,0.0,0.95,0.0,258.07,34.03,0.95,418.0,24.0,,17.38,17.42,20.0,63.5,9.0,150.0,14.1,14.1,160245.0,230.0,0,,,,,,,,,
1159738,9465241,,,,,2021-01-10,,Container,0.0,57.79,0.0,57.79,0.0,182.1,0.0,182.1,42.9,14.09,0.8,0.0,135.18,0.0,0.0,44.4,0.0,0.0,2.52,0.0,135.18,44.4,2.52,312.0,24.1,,6.92,6.92,6.0,25.35,4.7,60.0,14.1,14.1,160205.0,147.5,0,,,,,,,,,
1159739,9465241,,,,,2021-01-11,,Container,0.0,19.7,0.0,19.7,0.0,62.07,0.0,62.07,7.1,7.9,4.7,0.0,22.37,0.0,0.0,24.89,0.0,0.0,14.81,0.0,22.37,24.89,14.81,98.0,23.1,,6.89,7.11,10.0,25.1,1.97,16.67,14.3,14.3,163085.67,96.33,0,,,,,,,,,
1159742,9465241,,,,,2021-01-14,,Container,0.0,0.0,0.0,0.0,0.0,0.0,0.0,0.0,0.0,0.0,0.0,0.0,0.0,0.0,0.0,0.0,0.0,0.0,0.0,0.0,0.0,0.0,0.0,426.0,24.0,,17.71,17.75,18.0,64.7,8.9,40.0,14.3,14.3,162800.0,243.0,0,,,,,,,,,
1159743,9465241,,,,,2021-01-15,,Container,0.0,72.0,0.0,72.0,0.0,226.87,0.0,226.87,59.0,12.3,0.7,0.0,185.91,0.0,0.0,38.76,0.0,0.0,2.21,0.0,185.91,38.76,2.21,306.0,22.2,,5.74,5.72,5.0,21.33,3.53,10.0,14.3,14.3,162700.0,86.0,0,,,,,,,,,
1159744,9465241,,,,,2021-01-16,,Container,0.0,26.7,0.0,26.7,0.0,84.13,0.0,84.13,7.4,15.4,3.9,0.0,23.32,0.0,0.0,48.53,0.0,0.0,12.29,0.0,23.32,48.53,12.29,17.0,23.2,,0.0,0.0,2.5,0.0,0.0,2.5,11.02,11.02,126460.0,69.5,0,,,,,,,,,
1159745,9465241,,,,,2021-01-17,,Container,0.0,0.0,0.0,0.0,0.0,0.0,0.0,0.0,0.0,0.0,0.0,0.0,0.0,0.0,0.0,0.0,0.0,0.0,0.0,0.0,0.0,0.0,0.0,432.0,20.5,,21.12,21.07,12.0,78.5,10.8,10.0,14.9,14.9,171430.0,308.0,0,,,,,,,,,
1159746,9465241,,,,,2021-01-18,,Container,0.0,0.0,0.0,0.0,0.0,0.0,0.0,0.0,0.0,0.0,0.0,0.0,0.0,0.0,0.0,0.0,0.0,0.0,0.0,0.0,0.0,0.0,0.0,558.0,25.0,,22.24,22.32,13.0,81.1,9.1,10.0,14.9,14.9,171230.0,267.0,0,,,,,,,,,
1159747,9465241,,,,,2021-01-19,,Container,0.0,0.0,0.0,0.0,0.0,0.0,0.0,0.0,0.0,0.0,0.0,0.0,0.0,0.0,0.0,0.0,0.0,0.0,0.0,0.0,0.0,0.0,0.0,527.0,25.0,,21.08,21.08,20.0,77.1,9.3,40.0,14.9,14.9,171030.0,294.0,0,,,,,,,,,
1159748,9465241,,,,,2021-01-20,,Container,0.0,0.0,0.0,0.0,0.0,0.0,0.0,0.0,0.0,0.0,0.0,0.0,0.0,0.0,0.0,0.0,0.0,0.0,0.0,0.0,0.0,0.0,0.0,456.0,24.5,,18.69,18.61,17.0,68.4,9.6,20.0,14.9,14.9,170910.0,330.0,0,,,,,,,,,
1159749,9465241,,,,,2021-01-21,,Container,0.0,14.9,0.0,14.9,0.0,46.95,0.0,46.95,10.4,4.2,0.3,0.0,32.77,0.0,0.0,13.23,0.0,0.0,0.95,0.0,32.77,13.23,0.95,505.0,29.2,,11.04,10.92,7.33,41.87,9.13,10.0,14.8,14.7,170763.33,149.67,0,,,,,,,,,
1159750,9465241,,,,,2021-01-22,,Container,0.0,13.6,0.0,13.6,0.0,42.85,0.0,42.85,2.5,8.6,2.5,0.0,7.88,0.0,0.0,27.1,0.0,0.0,7.88,0.0,7.88,27.1,7.88,53.0,5.0,,4.33,4.44,6.67,14.27,4.07,10.67,13.4,13.3,149799.67,181.33,0,,,,,,,,,
1159751,9465241,,,,,2021-01-23,,Container,0.0,89.88,0.0,89.88,0.0,283.21,0.0,283.21,76.7,12.98,0.2,0.0,241.68,0.0,0.0,40.9,0.0,0.0,0.63,0.0,241.68,40.9,0.63,366.0,24.0,,5.43,5.46,3.33,20.37,4.03,3.33,13.4,13.3,149686.67,27.0,0,,,,,,,,,
1159752,9465241,,,,,2021-01-24,,Container,0.0,25.0,0.0,25.0,0.0,78.78,0.0,78.78,0.8,19.8,4.4,0.0,2.52,0.0,0.0,62.39,0.0,0.0,13.86,0.0,2.52,62.39,13.86,8.0,25.1,,0.0,0.0,0.0,0.0,0.0,0.0,13.97,13.9,158606.33,0.0,0,,,,,,,,,
1159753,9465241,,,,,2021-01-25,,Container,0.0,2.6,0.0,2.6,0.0,8.19,0.0,8.19,1.8,0.7,0.1,0.0,5.67,0.0,0.0,2.21,0.0,0.0,0.32,0.0,5.67,2.21,0.32,252.3,12.1,,10.48,10.83,22.5,39.95,4.95,32.5,15.1,15.1,176460.0,238.0,0,,,,,,,,,
1159754,9465241,,,,,2021-01-26,,Container,0.0,69.7,0.0,69.7,0.0,219.62,0.0,219.62,59.5,9.8,0.4,0.0,187.48,0.0,0.0,30.88,0.0,0.0,1.26,0.0,187.48,30.88,1.26,729.9,36.7,,13.53,13.9,12.0,54.93,10.87,16.67,15.1,15.1,176106.67,180.33,0,,,,,,,,,
1159755,9465241,,,,,2021-01-27,,Container,0.0,22.5,0.0,22.5,0.0,70.9,0.0,70.9,5.2,14.3,3.0,0.0,16.39,0.0,0.0,45.06,0.0,0.0,9.45,0.0,16.39,45.06,9.45,28.9,21.0,,2.58,2.6,4.4,9.74,2.26,5.0,13.78,13.42,155554.0,63.74,0,,,,,,,,,
1159756,9465241,,,,,2021-01-28,,Container,0.0,13.0,0.0,13.0,0.0,40.96,0.0,40.96,3.2,8.1,1.7,0.0,10.08,0.0,0.0,25.52,0.0,0.0,5.36,0.0,10.08,25.52,5.36,23.0,12.5,,0.0,0.0,0.0,0.0,0.0,0.0,13.4,12.6,147683.0,0.0,0,,,,,,,,,
1159757,9465241,,,,,2021-01-29,,Container,0.0,71.7,0.0,71.7,0.0,225.93,0.0,225.93,55.3,14.1,2.3,0.0,174.25,0.0,0.0,44.43,0.0,0.0,7.25,0.0,174.25,44.43,7.25,183.9,24.3,,4.88,5.06,8.5,18.85,2.7,16.25,13.1,13.1,152660.25,151.25,0,,,,,,,,,
1159758,9465241,,,,,2021-01-30,,Container,0.0,22.0,0.0,22.0,0.0,69.32,0.0,69.32,6.8,12.5,2.7,0.0,21.43,0.0,0.0,39.39,0.0,0.0,8.51,0.0,21.43,39.39,8.51,37.6,19.5,,0.0,0.0,4.0,0.0,0.0,11.25,12.9,12.75,144313.25,6.5,0,,,,,,,,,
1159759,9465241,,,,,2021-01-31,,Container,0.0,81.8,0.0,81.8,0.0,257.75,0.0,257.75,70.7,9.6,1.5,0.0,222.78,0.0,0.0,30.25,0.0,0.0,4.73,0.0,222.78,30.25,4.73,222.0,16.4,,5.89,5.95,4.67,23.77,5.63,3.33,12.3,12.3,135947.33,54.33,0,,,,,,,,,
1159760,9465241,,,,,2021-02-01,,Container,0.0,73.8,0.0,73.8,0.0,232.54,0.0,232.54,56.2,14.9,2.7,0.0,177.09,0.0,0.0,46.95,0.0,0.0,8.51,0.0,177.09,46.95,8.51,215.3,29.8,,7.91,8.54,17.5,31.95,5.62,18.75,10.23,9.62,104533.5,183.0,0,,,,,,,,,
1159761,9465241,,,,,2021-02-02,,Container,0.0,22.6,0.0,22.6,0.0,71.21,0.0,71.21,11.7,8.8,2.1,0.0,36.87,0.0,0.0,27.73,0.0,0.0,6.62,0.0,36.87,27.73,6.62,86.2,18.0,,0.0,0.0,0.0,0.0,0.0,0.0,10.0,10.0,104495.0,0.0,0,,,,,,,,,
1159763,9465241,,,,,2021-02-04,,Container,0.0,33.4,0.0,33.4,0.0,105.24,0.0,105.24,14.3,14.9,4.2,0.0,45.06,0.0,0.0,46.95,0.0,0.0,13.23,0.0,45.06,46.95,13.23,84.0,6.7,,0.0,0.0,4.0,0.0,0.0,6.67,9.87,7.53,88804.33,49.33,0,,,,,,,,,
1159764,9465241,,,,,2021-02-05,,Container,0.0,76.5,0.0,76.5,0.0,241.05,0.0,241.05,70.1,6.4,0.0,0.0,220.89,0.0,0.0,20.17,0.0,0.0,0.0,0.0,220.89,20.17,0.0,295.0,13.6,,21.1,21.69,16.0,71.2,7.1,45.0,9.8,6.3,80860.0,125.0,0,,,,,,,,,
1159765,9465241,,,,,2021-02-06,,Container,0.0,126.1,0.0,126.1,0.0,397.34,0.0,397.34,115.1,11.0,0.0,0.0,362.68,0.0,0.0,34.66,0.0,0.0,0.0,0.0,362.68,34.66,0.0,491.0,23.0,,20.91,21.35,14.0,74.6,5.0,40.0,9.8,6.3,80730.0,99.0,0,,,,,,,,,
1159766,9465241,,,,,2021-02-07,,Container,0.0,97.5,0.0,97.5,0.0,307.22,0.0,307.22,80.0,16.7,0.8,0.0,252.08,0.0,0.0,52.62,0.0,0.0,2.52,0.0,252.08,52.62,2.52,516.0,32.0,,10.15,10.15,8.67,37.53,7.13,16.67,9.4,6.5,77990.0,51.33,0,,,,,,,,,
1159767,9465241,,,,,2021-02-08,,Container,0.0,6.3,0.0,6.3,0.0,19.85,0.0,19.85,0.5,4.8,1.0,0.0,1.58,0.0,0.0,15.12,0.0,0.0,3.15,0.0,1.58,15.12,3.15,7.2,3.9,,0.0,0.0,0.0,0.0,0.0,0.0,9.4,6.5,77980.0,0.0,0,,,,,,,,,
1159768,9465241,,,,,2021-02-09,,Container,0.0,22.31,0.0,22.31,0.0,70.3,0.0,70.3,7.9,11.2,3.21,0.0,24.89,0.0,0.0,35.29,0.0,0.0,10.11,0.0,24.89,35.29,10.11,30.2,23.5,,6.36,6.39,8.67,21.77,0.83,11.67,12.1,12.1,131251.33,183.67,0,,,,,,,,,
1159769,9465241,,,,,2021-02-10,,Container,0.0,177.9,0.0,177.9,0.0,560.56,0.0,560.56,164.4,13.5,0.0,0.0,518.02,0.0,0.0,42.54,0.0,0.0,0.0,0.0,518.02,42.54,0.0,540.0,24.0,,22.29,22.5,16.0,81.5,8.3,30.0,12.1,12.1,131065.0,148.0,0,,,,,,,,,
1159770,9465241,,,,,2021-02-11,,Container,0.0,185.1,0.0,185.1,0.0,583.25,0.0,583.25,170.8,14.3,0.0,0.0,538.19,0.0,0.0,45.06,0.0,0.0,0.0,0.0,538.19,45.06,0.0,536.0,24.0,,22.04,22.33,26.0,82.8,10.4,30.0,10.9,10.3,110720.0,122.0,0,,,,,,,,,
1159771,9465241,,,,,2021-02-12,,Container,0.0,170.8,0.0,170.8,0.0,538.19,0.0,538.19,157.1,13.5,0.2,0.0,495.02,0.0,0.0,42.54,0.0,0.0,0.63,0.0,495.02,42.54,0.63,471.0,23.0,,20.91,20.48,22.0,77.9,12.7,10.0,10.9,10.3,110540.0,82.0,0,,,,,,,,,
1159772,9465241,,,,,2021-02-13,,Container,0.0,184.5,0.0,184.5,0.0,581.36,0.0,581.36,171.2,13.3,0.0,0.0,539.45,0.0,0.0,41.91,0.0,0.0,0.0,0.0,539.45,41.91,0.0,520.0,23.5,,21.79,22.13,20.0,83.3,9.9,60.0,10.9,10.3,110360.0,88.0,0,,,,,,,,,
1159773,9465241,,,,,2021-02-14,,Container,0.0,246.8,0.0,246.8,0.0,777.67,0.0,777.67,225.7,20.9,0.2,0.0,711.18,0.0,0.0,65.86,0.0,0.0,0.63,0.0,711.18,65.86,0.63,708.2,33.4,,14.05,14.38,9.33,54.5,9.03,15.0,10.9,10.3,110136.67,83.67,0,,,,,,,,,
1159774,9465241,,,,,2021-02-15,,Container,0.0,30.0,0.0,30.0,0.0,94.53,0.0,94.53,16.6,11.0,2.4,0.0,52.31,0.0,0.0,34.66,0.0,0.0,7.56,0.0,52.31,34.66,7.56,72.0,18.1,,0.0,0.0,8.5,0.0,0.0,20.0,9.4,6.1,74720.5,26.5,0,,,,,,,,,
1159775,9465241,,,,,2021-02-16,,Container,0.0,142.5,0.0,142.5,0.0,449.02,0.0,449.02,130.1,12.3,0.1,0.0,409.95,0.0,0.0,38.76,0.0,0.0,0.32,0.0,409.95,38.76,0.32,373.0,18.4,,19.89,20.27,15.0,72.7,9.8,30.0,9.4,6.1,74550.0,36.0,0,,,,,,,,,
1159776,9465241,,,,,2021-02-17,,Container,0.0,169.9,0.0,169.9,0.0,535.35,0.0,535.35,155.4,14.5,0.0,0.0,489.67,0.0,0.0,45.69,0.0,0.0,0.0,0.0,489.67,45.69,0.0,509.0,24.0,,20.88,21.21,20.0,77.0,8.5,30.0,10.2,6.5,83519.0,39.0,0,,,,,,,,,
1159777,9465241,,,,,2021-02-18,,Container,0.0,183.5,0.0,183.5,0.0,578.21,0.0,578.21,169.1,14.4,0.0,0.0,532.83,0.0,0.0,45.37,0.0,0.0,0.0,0.0,532.83,45.37,0.0,483.0,24.0,,19.75,20.12,35.0,76.6,12.8,35.0,10.2,6.5,83330.0,33.0,0,,,,,,,,,
1159778,9465241,,,,,2021-02-19,,Container,0.0,125.7,0.0,125.7,0.0,396.08,0.0,396.08,110.4,15.1,0.2,0.0,347.87,0.0,0.0,47.58,0.0,0.0,0.63,0.0,347.87,47.58,0.63,404.0,24.0,,16.25,16.83,20.0,62.9,11.2,50.0,10.2,6.5,83200.0,32.0,0,,,,,,,,,
1159779,9465241,,,,,2021-02-20,,Container,0.0,62.6,0.0,62.6,0.0,197.25,0.0,197.25,45.4,15.4,1.8,0.0,143.06,0.0,0.0,48.53,0.0,0.0,5.67,0.0,143.06,48.53,5.67,288.0,24.0,,4.4,4.75,4.67,15.9,0.27,10.0,10.2,6.5,83140.0,115.67,0,,,,,,,,,
1159780,9465241,,,,,2021-02-21,,Container,0.0,42.2,0.0,42.2,0.0,132.97,0.0,132.97,25.9,13.4,2.9,0.0,81.61,0.0,0.0,42.22,0.0,0.0,9.14,0.0,81.61,42.22,9.14,100.0,24.0,,5.93,6.02,9.33,23.1,4.47,15.0,11.1,9.3,106434.67,122.33,0,,,,,,,,,
1159781,9465241,,,,,2021-02-22,,Container,0.0,96.7,0.0,96.7,0.0,304.7,0.0,304.7,80.7,16.0,0.0,0.0,254.29,0.0,0.0,50.42,0.0,0.0,0.0,0.0,254.29,50.42,0.0,363.0,24.0,,15.62,15.12,10.0,59.4,15.4,5.0,11.1,9.3,106310.0,231.0,0,,,,,,,,,
1159782,9465241,,,,,2021-02-23,,Container,0.0,76.1,0.0,76.1,0.0,239.79,0.0,239.79,59.6,15.4,1.1,0.0,187.8,0.0,0.0,48.53,0.0,0.0,3.47,0.0,187.8,48.53,3.47,279.1,23.0,,5.06,4.98,5.0,19.23,4.67,15.0,10.9,9.4,104644.0,111.67,0,,,,,,,,,
1159783,9465241,,,,,2021-02-24,,Container,0.0,28.7,0.0,28.7,0.0,90.43,0.0,90.43,13.7,12.4,2.6,0.0,43.17,0.0,0.0,39.07,0.0,0.0,8.19,0.0,43.17,39.07,8.19,72.6,23.7,,4.29,4.37,12.0,18.1,2.17,35.0,10.9,10.1,109407.0,120.67,0,,,,,,,,,
1159784,9465241,,,,,2021-02-25,,Container,0.0,82.0,0.0,82.0,0.0,258.38,0.0,258.38,68.1,13.9,0.0,0.0,214.58,0.0,0.0,43.8,0.0,0.0,0.0,0.0,214.58,43.8,0.0,380.0,24.0,,15.5,15.83,15.0,57.8,9.0,60.0,10.9,10.1,109315.0,208.0,0,,,,,,,,,
1159785,9465241,,,,,2021-02-26,,Container,0.0,82.4,0.0,82.4,0.0,259.64,0.0,259.64,68.5,13.9,0.0,0.0,215.84,0.0,0.0,43.8,0.0,0.0,0.0,0.0,215.84,43.8,0.0,370.0,24.0,,15.62,15.42,12.0,58.0,11.7,50.0,10.9,10.1,109225.0,207.0,0,,,,,,,,,
1159786,9465241,,,,,2021-02-27,,Container,0.0,70.6,0.0,70.6,0.0,222.46,0.0,222.46,57.1,13.5,0.0,0.0,179.92,0.0,0.0,42.54,0.0,0.0,0.0,0.0,179.92,42.54,0.0,362.0,24.0,,14.79,15.08,12.0,54.6,8.2,60.0,10.9,10.1,109150.0,219.0,0,,,,,,,,,
1159787,9465241,,,,,2021-02-28,,Container,0.0,64.51,0.0,64.51,0.0,203.27,0.0,203.27,50.4,13.41,0.7,0.0,158.81,0.0,0.0,42.25,0.0,0.0,2.21,0.0,158.81,42.25,2.21,307.0,22.7,,5.17,5.29,4.0,19.03,2.57,6.67,11.0,10.1,109103.33,87.0,0,,,,,,,,,
1159788,9465241,,,,,2021-03-01,,Container,0.0,28.11,0.0,28.11,0.0,88.57,0.0,88.57,4.2,19.2,4.71,0.0,13.23,0.0,0.0,60.5,0.0,0.0,14.84,0.0,13.23,60.5,14.84,14.8,11.7,,0.0,0.0,3.33,0.0,0.0,6.67,13.2,12.57,144572.67,38.67,0,,,,,,,,,
1159789,9465241,,,,,2021-03-02,,Container,0.0,27.27,0.0,27.27,0.0,85.94,0.0,85.94,14.28,11.69,1.3,0.0,45.0,0.0,0.0,36.84,0.0,0.0,4.11,0.0,45.0,36.84,4.11,60.9,18.9,,2.23,2.23,4.0,5.03,1.42,6.67,11.92,11.67,135253.0,58.0,0,,,,,,,,,
1159790,9465241,,,,,2021-03-03,,Container,0.0,88.7,0.0,88.7,0.0,279.49,0.0,279.49,78.7,10.0,0.0,0.0,247.98,0.0,0.0,31.51,0.0,0.0,0.0,0.0,247.98,31.51,0.0,329.0,17.4,,18.22,18.91,12.0,69.2,9.3,40.0,14.3,14.3,162232.0,304.0,0,,,,,,,,,
1159791,9465241,,,,,2021-03-04,,Container,0.0,113.5,0.0,113.5,0.0,357.64,0.0,357.64,98.1,15.4,0.0,0.0,309.11,0.0,0.0,48.53,0.0,0.0,0.0,0.0,309.11,48.53,0.0,467.0,25.0,,18.0,18.68,14.0,68.5,5.9,110.0,14.3,14.3,162130.0,267.0,0,,,,,,,,,
1159792,9465241,,,,,2021-03-05,,Container,0.0,91.8,0.0,91.8,0.0,289.26,0.0,289.26,77.1,14.7,0.0,0.0,242.94,0.0,0.0,46.32,0.0,0.0,0.0,0.0,242.94,46.32,0.0,456.0,25.0,,17.36,18.24,15.0,64.3,5.8,60.0,14.3,14.3,162030.0,269.0,0,,,,,,,,,
1159793,9465241,,,,,2021-03-06,,Container,0.0,110.9,0.0,110.9,0.0,349.45,0.0,349.45,96.6,14.3,0.0,0.0,304.39,0.0,0.0,45.06,0.0,0.0,0.0,0.0,304.39,45.06,0.0,448.0,25.0,,17.36,17.92,14.0,95.7,9.4,50.0,14.3,14.3,161915.0,285.0,0,,,,,,,,,
1159794,9465241,,,,,2021-03-07,,Container,0.0,111.7,0.0,111.7,0.0,351.97,0.0,351.97,97.3,14.4,0.0,0.0,306.59,0.0,0.0,45.37,0.0,0.0,0.0,0.0,306.59,45.37,0.0,439.0,24.0,,17.71,18.29,12.0,66.9,9.2,60.0,13.9,13.9,154180.0,287.0,0,,,,,,,,,
1159795,9465241,,,,,2021-03-08,,Container,0.0,119.0,0.0,119.0,0.0,374.97,0.0,374.97,104.5,14.5,0.0,0.0,329.28,0.0,0.0,45.69,0.0,0.0,0.0,0.0,329.28,45.69,0.0,452.0,25.0,,18.04,18.08,12.0,67.5,11.0,60.0,13.9,13.9,154060.0,286.0,0,,,,,,,,,
1159796,9465241,,,,,2021-03-09,,Container,0.0,114.2,0.0,114.2,0.0,359.84,0.0,359.84,100.9,13.3,0.0,0.0,317.94,0.0,0.0,41.91,0.0,0.0,0.0,0.0,317.94,41.91,0.0,435.0,24.0,,17.92,18.12,8.0,67.5,10.9,70.0,13.9,13.9,153940.0,285.0,0,,,,,,,,,
1159797,9465241,,,,,2021-03-10,,Container,0.0,117.4,0.0,117.4,0.0,369.93,0.0,369.93,103.5,13.9,0.0,0.0,326.13,0.0,0.0,43.8,0.0,0.0,0.0,0.0,326.13,43.8,0.0,452.0,25.0,,18.04,18.08,15.0,67.3,10.8,50.0,13.9,13.9,153820.0,264.0,0,,,,,,,,,
1159798,9465241,,,,,2021-03-11,,Container,0.0,103.8,0.0,103.8,0.0,327.07,0.0,327.07,89.8,14.0,0.0,0.0,282.96,0.0,0.0,44.11,0.0,0.0,0.0,0.0,282.96,44.11,0.0,437.0,24.0,,17.62,18.21,25.0,62.2,3.5,70.0,13.9,13.9,153710.0,324.0,0,,,,,,,,,
1159799,9465241,,,,,2021-03-12,,Container,0.0,109.7,0.0,109.7,0.0,345.66,0.0,345.66,95.4,14.3,0.0,0.0,300.61,0.0,0.0,45.06,0.0,0.0,0.0,0.0,300.61,45.06,0.0,444.0,25.0,,17.4,17.76,32.0,64.0,7.8,20.0,13.9,13.9,153600.0,329.0,0,,,,,,,,,
1159800,9465241,,,,,2021-03-13,,Container,0.0,178.7,0.0,178.7,0.0,563.08,0.0,563.08,160.0,18.7,0.0,0.0,504.16,0.0,0.0,58.92,0.0,0.0,0.0,0.0,504.16,58.92,0.0,590.0,33.5,,17.19,17.51,31.0,68.65,15.3,20.0,13.9,13.9,153450.0,164.0,0,,,,,,,,,
1159801,9465241,,,,,2021-03-14,,Container,0.0,27.9,1.3,29.2,0.0,87.91,4.17,92.08,14.4,13.5,1.3,0.0,45.37,0.0,0.0,42.54,0.0,0.0,0.0,4.17,45.37,42.54,4.17,110.8,12.9,,0.0,0.0,15.0,0.0,0.0,40.0,13.9,13.9,153380.0,303.0,0,,,,,,,,,
1159802,9465241,,,,,2021-03-15,,Container,0.0,119.1,0.0,119.1,0.0,375.28,0.0,375.28,109.6,9.5,0.0,0.0,345.35,0.0,0.0,29.93,0.0,0.0,0.0,0.0,345.35,29.93,0.0,356.0,17.3,,20.23,20.58,35.0,74.6,11.0,30.0,13.9,13.9,153260.0,285.0,0,,,,,,,,,
1159803,9465241,,,,,2021-03-16,,Container,0.0,184.6,0.0,184.6,0.0,581.67,0.0,581.67,171.4,13.2,0.0,0.0,540.08,0.0,0.0,41.59,0.0,0.0,0.0,0.0,540.08,41.59,0.0,483.0,24.0,,19.75,20.12,42.0,79.1,15.5,5.0,13.8,13.8,154886.0,287.0,0,,,,,,,,,
1159804,9465241,,,,,2021-03-17,,Container,0.0,195.6,0.0,195.6,0.0,616.34,0.0,616.34,181.0,14.6,0.0,0.0,570.33,0.0,0.0,46.0,0.0,0.0,0.0,0.0,570.33,46.0,0.0,512.0,25.0,,20.2,20.48,36.0,79.2,14.1,50.0,13.8,13.8,154685.0,266.0,0,,,,,,,,,
1159805,9465241,,,,,2021-03-18,,Container,0.0,80.2,1.2,81.4,0.0,252.71,3.85,256.56,66.8,13.4,1.2,0.0,210.49,0.0,0.0,42.22,0.0,0.0,0.0,3.85,210.49,42.22,3.85,334.0,24.0,,13.96,13.92,22.0,52.8,12.5,42.0,13.8,13.8,154600.0,258.0,0,,,,,,,,,
1159806,9465241,,,,,2021-03-19,,Container,0.0,29.4,2.0,31.4,0.0,92.64,6.41,99.05,16.6,12.8,2.0,0.0,52.31,0.0,0.0,40.33,0.0,0.0,0.0,6.41,52.31,40.33,6.41,195.0,24.0,,7.96,8.12,20.0,25.1,2.9,25.0,13.8,13.8,154560.0,257.0,0,,,,,,,,,
1159807,9465241,,,,,2021-03-20,,Container,0.0,28.6,1.9,30.5,0.0,90.12,6.09,96.21,15.7,12.9,1.9,0.0,49.47,0.0,0.0,40.65,0.0,0.0,0.0,6.09,49.47,40.65,6.09,122.0,24.0,,5.21,5.08,25.0,19.0,11.3,48.0,13.8,13.8,154520.0,289.0,0,,,,,,,,,
1159808,9465241,,,,,2021-03-21,,Container,0.0,36.3,1.9,38.2,0.0,114.38,6.09,120.47,22.3,14.0,1.9,0.0,70.27,0.0,0.0,44.11,0.0,0.0,0.0,6.09,70.27,44.11,6.09,196.7,20.1,,2.63,2.66,3.5,10.55,4.15,6.25,13.7,13.4,154468.0,0.75,0,,,,,,,,,
1159810,9465241,,,,,2021-03-23,,Container,0.0,51.4,1.9,53.3,0.0,161.96,6.09,168.05,38.6,12.8,1.9,0.0,121.63,0.0,0.0,40.33,0.0,0.0,0.0,6.09,121.63,40.33,6.09,183.0,23.7,,5.62,5.72,8.0,21.33,3.67,30.0,14.4,14.1,163090.67,223.0,0,,,,,,,,,
1159811,9465241,,,,,2021-03-24,,Container,0.0,88.5,0.0,88.5,0.0,278.86,0.0,278.86,76.0,12.5,0.0,0.0,239.48,0.0,0.0,39.39,0.0,0.0,0.0,0.0,239.48,39.39,0.0,395.0,23.0,,16.91,17.17,14.0,64.3,11.3,60.0,14.4,14.1,162995.0,28.0,0,,,,,,,,,
1159812,9465241,,,,,2021-03-25,,Container,0.0,66.22,2.28,68.5,0.0,208.66,7.31,215.97,49.5,16.72,2.28,0.0,155.97,0.0,0.0,52.68,0.0,0.0,0.0,7.31,155.97,52.68,7.31,353.4,30.3,,7.39,7.33,10.67,29.43,8.47,43.33,14.4,14.1,162921.33,64.33,0,,,,,,,,,
1159813,9465241,,,,,2021-03-26,,Container,0.0,18.3,3.12,21.42,0.0,57.66,10.0,67.67,4.6,13.7,3.12,0.0,14.49,0.0,0.0,43.17,0.0,0.0,0.0,10.0,14.49,43.17,10.0,34.3,21.3,,0.0,0.0,0.0,0.0,0.0,0.0,14.4,14.1,162895.0,0.0,0,,,,,,,,,
1159817,9465241,,,,,2021-03-30,,Container,0.0,40.8,2.7,43.5,0.0,128.56,8.66,137.22,28.2,12.6,2.7,0.0,88.86,0.0,0.0,39.7,0.0,0.0,0.0,8.66,88.86,39.7,8.66,121.2,23.5,,6.42,6.55,7.33,23.73,1.63,40.0,14.2,14.0,160891.67,121.67,0,,,,,,,,,
1159818,9465241,,,,,2021-03-31,,Container,0.0,92.8,1.05,93.85,0.0,292.41,3.37,295.78,77.2,15.6,1.05,0.0,243.26,0.0,0.0,49.16,0.0,0.0,0.0,3.37,243.26,49.16,3.37,413.0,26.1,,7.61,7.84,6.0,29.2,5.4,15.0,14.2,14.0,160762.0,131.0,0,,,,,,,,,
1159821,9465241,,,,,2021-04-03,,Container,0.0,26.0,4.5,30.5,0.0,81.93,14.43,96.35,9.7,16.3,4.5,0.0,30.56,0.0,0.0,51.36,0.0,0.0,0.0,14.43,30.56,51.36,14.43,54.0,8.4,,0.0,0.0,4.0,0.0,0.0,15.0,14.13,13.93,157318.0,111.67,0,,,,,,,,,
1159822,9465241,,,,,2021-04-04,,Container,0.0,47.9,7.5,55.4,0.0,150.93,24.04,174.98,47.0,8.4,0.0,0.0,126.99,21.48,0.0,23.95,2.56,0.0,0.0,0.0,148.47,26.51,0.0,234.0,16.5,,13.87,14.1,11.0,54.0,8.95,27.5,14.1,13.9,155535.0,190.5,0,,,,,,,,,
1159823,9465241,,,,,2021-04-05,,Container,0.0,0.0,42.4,42.4,0.0,0.0,135.93,135.93,25.0,15.1,2.3,0.0,0.0,80.15,0.0,0.0,48.41,0.0,0.0,7.37,80.15,48.41,7.37,112.0,19.5,,0.0,0.0,0.0,0.0,0.0,0.0,7.05,6.95,77757.5,0.0,0,,,,,,,,,
1159826,9465241,,,,,2021-04-08,,Container,0.0,26.1,56.6,82.7,0.0,82.24,181.46,263.7,71.2,10.7,0.8,0.0,63.02,164.15,0.0,16.7,17.31,0.0,2.52,0.0,227.17,34.01,2.52,239.0,15.0,,9.76,9.88,22.0,37.2,5.9,55.0,14.8,14.8,165200.0,259.5,0,,,,,,,,,
1159827,9465241,,,,,2021-04-09,,Container,0.0,110.94,73.2,184.14,0.0,349.57,234.68,584.25,171.54,12.6,0.0,0.0,332.87,211.28,0.0,16.7,23.4,0.0,0.0,0.0,544.15,40.1,0.0,528.0,25.0,,20.56,21.12,35.0,79.5,11.8,45.0,14.8,14.8,165022.0,266.0,0,,,,,,,,,
1159828,9465241,,,,,2021-04-10,,Container,0.0,180.1,0.1,180.2,0.0,567.5,0.32,567.82,165.3,14.8,0.1,0.0,520.86,0.0,0.0,46.63,0.0,0.0,0.0,0.32,520.86,46.63,0.32,518.0,25.0,,20.4,20.72,28.0,77.8,11.5,79.0,14.8,14.8,164830.0,261.0,0,,,,,,,,,
1159829,9465241,,,,,2021-04-11,,Container,0.0,154.0,0.0,154.0,0.0,485.25,0.0,485.25,139.2,14.8,0.0,0.0,438.62,0.0,0.0,46.63,0.0,0.0,0.0,0.0,438.62,46.63,0.0,485.0,25.0,,19.0,19.4,26.0,74.2,13.2,120.0,14.8,14.8,164677.0,248.0,0,,,,,,,,,
1159830,9465241,,,,,2021-04-12,,Container,0.0,181.9,0.0,181.9,0.0,573.17,0.0,573.17,167.0,14.9,0.0,0.0,526.22,0.0,0.0,46.95,0.0,0.0,0.0,0.0,526.22,46.95,0.0,505.0,25.0,,19.76,20.2,22.0,77.7,13.7,60.0,14.8,14.8,164493.0,249.0,0,,,,,,,,,
1159831,9465241,,,,,2021-04-13,,Container,0.0,199.8,0.0,199.8,0.0,629.57,0.0,629.57,184.0,15.8,0.0,0.0,579.78,0.0,0.0,49.79,0.0,0.0,0.0,0.0,579.78,49.79,0.0,522.0,25.0,,20.6,20.88,22.0,80.7,14.1,50.0,14.5,14.2,164292.0,260.0,0,,,,,,,,,
1159832,9465241,,,,,2021-04-14,,Container,0.0,182.6,0.0,182.6,0.0,575.37,0.0,575.37,165.9,16.7,0.0,0.0,522.75,0.0,0.0,52.62,0.0,0.0,0.0,0.0,522.75,52.62,0.0,572.0,30.0,,17.64,18.4,18.5,70.0,13.7,37.5,14.5,14.2,164120.0,271.0,0,,,,,,,,,
1159833,9465241,,,,,2021-04-15,,Container,0.0,21.3,13.05,34.35,0.0,67.12,41.84,108.95,4.8,16.5,13.05,0.0,15.12,0.0,0.0,51.99,0.0,0.0,0.0,41.84,15.12,51.99,41.84,53.0,18.1,,0.0,0.0,0.0,0.0,0.0,0.0,14.5,14.2,164105.0,0.0,0,,,,,,,,,
1159835,9465241,,,,,2021-04-17,,Container,0.0,17.0,4.6,21.6,0.0,53.57,14.75,68.31,4.1,12.9,4.6,0.0,12.92,0.0,0.0,40.65,0.0,0.0,0.0,14.75,12.92,40.65,14.75,26.3,25.8,,0.0,0.0,4.0,0.0,0.0,10.0,13.3,11.2,135153.5,90.0,0,,,,,,,,,
1159836,9465241,,,,,2021-04-18,,Container,0.0,32.2,2.3,34.5,0.0,101.46,7.37,108.84,20.5,11.7,2.3,0.0,64.6,0.0,0.0,36.87,0.0,0.0,0.0,7.37,64.6,36.87,7.37,217.0,21.6,,9.68,10.05,9.0,41.3,6.9,5.0,13.3,11.2,135110.0,218.0,0,,,,,,,,,
1159837,9465241,,,,,2021-04-19,,Container,0.0,17.6,2.9,20.5,0.0,55.46,9.3,64.76,4.8,12.8,2.9,0.0,15.12,0.0,0.0,40.33,0.0,0.0,0.0,9.3,15.12,40.33,9.3,76.0,23.5,,0.83,0.85,3.33,14.0,2.3,3.33,13.3,11.2,135093.33,81.33,0,,,,,,,,,
1159838,9465241,,,,,2021-04-20,,Container,0.0,22.52,3.88,26.4,0.0,70.96,12.44,83.4,4.7,17.82,3.88,0.0,14.81,0.0,0.0,56.15,0.0,0.0,0.0,12.44,14.81,56.15,12.44,33.4,4.6,,0.0,0.0,4.0,0.0,0.0,8.33,12.7,11.07,129513.67,40.67,0,,,,,,,,,
1159839,9465241,,,,,2021-04-21,,Container,0.0,140.93,1.48,142.41,0.0,444.07,4.74,448.82,123.2,17.73,1.48,0.0,388.2,0.0,0.0,55.87,0.0,0.0,0.0,4.74,388.2,55.87,4.74,421.7,24.3,,6.47,6.65,3.33,25.63,4.63,3.33,12.4,12.0,134378.67,82.67,0,,,,,,,,,
1159841,9465241,,,,,2021-04-23,,Container,0.0,73.26,0.48,73.74,0.0,230.84,1.54,232.38,66.2,7.06,0.48,0.0,208.6,0.0,0.0,22.25,0.0,0.0,0.0,1.54,208.6,22.25,1.54,241.5,12.4,,10.51,10.82,18.5,39.4,4.45,35.0,11.6,9.9,114726.0,137.5,0,,,,,,,,,
1159842,9465241,,,,,2021-04-24,,Container,0.0,190.9,0.03,190.93,0.0,601.53,0.1,601.62,176.7,14.2,0.03,0.0,556.78,0.0,0.0,44.74,0.0,0.0,0.0,0.1,556.78,44.74,0.1,512.0,24.0,,21.25,21.33,28.0,81.0,12.5,30.0,12.6,10.2,124056.0,141.0,0,,,,,,,,,
1159843,9465241,,,,,2021-04-25,,Container,0.0,155.61,0.43,156.04,0.0,490.33,1.38,491.71,140.0,15.61,0.43,0.0,441.14,0.0,0.0,49.19,0.0,0.0,0.0,1.38,441.14,49.19,1.38,438.6,22.4,,6.85,6.91,5.0,26.87,4.13,6.67,12.6,10.2,123898.0,97.0,0,,,,,,,,,
1159845,9465241,,,,,2021-04-27,,Container,0.0,49.17,2.69,51.86,0.0,154.93,8.62,163.56,36.74,12.43,2.69,0.0,115.77,0.0,0.0,39.17,0.0,0.0,0.0,8.62,115.77,39.17,8.62,147.6,24.0,,6.71,6.76,7.0,23.93,2.1,30.0,10.6,8.3,97871.67,133.33,0,,,,,,,,,
1159846,9465241,,,,,2021-04-28,,Container,0.0,167.24,0.0,167.24,0.0,526.97,0.0,526.97,148.19,19.05,0.0,0.0,466.95,0.0,0.0,60.03,0.0,0.0,0.0,0.0,466.95,60.03,0.0,649.0,33.1,,19.02,19.24,11.0,68.1,6.15,30.0,10.6,8.4,97694.5,215.5,0,,,,,,,,,
1159847,9465241,,,,,2021-04-29,,Container,0.0,18.23,2.31,20.54,0.0,57.44,7.41,64.85,7.6,10.63,2.31,0.0,23.95,0.0,0.0,33.5,0.0,0.0,0.0,7.41,23.95,33.5,7.41,60.0,9.4,,0.0,0.0,11.0,0.0,0.0,20.0,10.6,8.5,97645.0,167.0,0,,,,,,,,,
1159848,9465241,,,,,2021-04-30,,Container,0.0,152.03,0.09,152.12,0.0,479.05,0.29,479.34,139.18,12.85,0.09,0.0,438.56,0.0,0.0,40.49,0.0,0.0,0.0,0.29,438.56,40.49,0.29,490.0,21.8,,21.47,22.48,20.0,77.8,3.6,50.0,10.6,8.5,97492.0,293.0,0,,,,,,,,,
1159849,9465241,,,,,2021-05-01,,Container,0.0,181.58,0.08,181.66,0.0,572.16,0.26,572.42,166.3,15.28,0.08,0.0,524.01,0.0,0.0,48.15,0.0,0.0,0.0,0.26,524.01,48.15,0.26,554.0,25.0,,21.6,22.16,12.0,78.4,6.1,55.0,10.6,8.5,97310.0,294.0,0,,,,,,,,,
1159850,9465241,,,,,2021-05-02,,Container,0.0,179.54,0.07,179.61,0.0,565.73,0.22,565.95,164.84,14.7,0.07,0.0,519.41,0.0,0.0,46.32,0.0,0.0,0.0,0.22,519.41,46.32,0.22,513.0,24.0,,21.17,21.38,35.0,77.9,8.9,30.0,10.6,8.5,97130.0,305.0,0,,,,,,,,,
1159851,9465241,,,,,2021-05-03,,Container,0.0,186.34,0.08,186.42,0.0,587.16,0.26,587.41,171.17,15.17,0.08,0.0,539.36,0.0,0.0,47.8,0.0,0.0,0.0,0.26,539.36,47.8,0.26,533.0,25.0,,21.0,21.32,38.0,78.2,9.4,30.0,10.6,8.5,96943.0,285.0,0,,,,,,,,,
1159852,9465241,,,,,2021-05-04,,Container,0.0,183.69,0.0,183.69,0.0,578.81,0.0,578.81,169.02,14.67,0.0,0.0,532.58,0.0,0.0,46.23,0.0,0.0,0.0,0.0,532.58,46.23,0.0,529.0,25.0,,21.08,21.16,32.0,77.3,9.1,40.0,10.6,8.5,96759.0,282.0,0,,,,,,,,,
1159853,9465241,,,,,2021-05-05,,Container,0.0,148.4,0.0,148.4,0.0,467.61,0.0,467.61,134.82,13.58,0.0,0.0,424.82,0.0,0.0,42.79,0.0,0.0,0.0,0.0,424.82,42.79,0.0,487.0,24.0,,20.04,20.29,28.0,73.1,7.9,35.0,10.6,8.5,96609.0,295.0,0,,,,,,,,,
1159854,9465241,,,,,2021-05-06,,Container,0.0,151.27,0.0,151.27,0.0,476.65,0.0,476.65,137.17,14.1,0.0,0.0,432.22,0.0,0.0,44.43,0.0,0.0,0.0,0.0,432.22,44.43,0.0,509.0,25.0,,20.2,20.36,22.0,73.1,7.5,50.0,10.6,8.5,96458.0,294.0,0,,,,,,,,,
1159855,9465241,,,,,2021-05-07,,Container,0.0,137.0,0.0,137.0,0.0,431.69,0.0,431.69,123.47,13.53,0.0,0.0,389.05,0.0,0.0,42.63,0.0,0.0,0.0,0.0,389.05,42.63,0.0,485.0,24.0,,20.08,20.21,12.0,71.5,6.2,60.0,10.6,8.5,96320.0,284.0,0,,,,,,,,,
1159856,9465241,,,,,2021-05-08,,Container,0.0,119.13,0.0,119.13,0.0,375.38,0.0,375.38,104.9,14.23,0.0,0.0,330.54,0.0,0.0,44.84,0.0,0.0,0.0,0.0,330.54,44.84,0.0,480.0,25.0,,19.04,19.2,30.0,67.4,5.4,40.0,10.6,8.5,96200.0,284.0,0,,,,,,,,,
1159857,9465241,,,,,2021-05-09,,Container,0.0,171.57,0.16,171.73,0.0,540.62,0.51,541.13,158.16,13.41,0.16,0.0,498.36,0.0,0.0,42.25,0.0,0.0,0.0,0.51,498.36,42.25,0.51,512.0,24.0,,21.21,21.33,30.0,78.1,9.4,30.0,10.6,8.5,96020.0,278.0,0,,,,,,,,,
1159858,9465241,,,,,2021-05-10,,Container,0.0,174.83,0.1,174.93,0.0,550.89,0.32,551.21,160.74,14.09,0.1,0.0,506.49,0.0,0.0,44.4,0.0,0.0,0.0,0.32,506.49,44.4,0.32,533.0,25.0,,21.24,21.32,38.0,78.0,9.2,50.0,10.6,8.5,95848.0,270.0,0,,,,,,,,,
1159859,9465241,,,,,2021-05-12,,Container,0.0,180.03,0.09,180.12,0.0,567.27,0.29,567.56,166.0,14.03,0.09,0.0,523.07,0.0,0.0,44.21,0.0,0.0,0.0,0.29,523.07,44.21,0.29,519.0,25.0,,20.88,20.76,36.0,77.9,11.5,35.0,10.6,8.5,95667.0,272.0,0,,,,,,,,,
1159860,9465241,,,,,2021-05-13,,Container,0.0,177.62,0.0,177.62,0.0,559.68,0.0,559.68,163.4,14.22,0.0,0.0,514.87,0.0,0.0,44.81,0.0,0.0,0.0,0.0,514.87,44.81,0.0,521.0,25.0,,21.0,20.84,15.0,77.9,11.2,65.0,10.6,8.5,95488.0,261.0,0,,,,,,,,,
1159861,9465241,,,,,2021-05-14,,Container,0.0,157.0,0.09,157.09,0.0,494.71,0.29,495.0,143.1,13.9,0.09,0.0,450.91,0.0,0.0,43.8,0.0,0.0,0.0,0.29,450.91,43.8,0.29,535.0,25.0,,21.12,21.4,24.0,75.4,5.8,60.0,10.6,8.5,95330.0,261.0,0,,,,,,,,,
1159862,9465241,,,,,2021-05-15,,Container,0.0,166.46,0.08,166.54,0.0,524.52,0.26,524.77,152.61,13.85,0.08,0.0,480.87,0.0,0.0,43.64,0.0,0.0,0.0,0.26,480.87,43.64,0.26,528.0,25.0,,20.8,21.12,12.0,76.0,7.7,30.0,10.6,8.5,95164.0,261.0,0,,,,,,,,,
1159863,9465241,,,,,2021-05-16,,Container,0.0,150.97,0.01,150.98,0.0,475.71,0.03,475.74,136.87,14.1,0.01,0.0,431.28,0.0,0.0,44.43,0.0,0.0,0.0,0.03,431.28,44.43,0.03,499.0,25.0,,20.32,19.96,30.0,74.1,10.0,45.0,11.0,7.9,95248.0,255.0,0,,,,,,,,,
1159864,9465241,,,,,2021-05-17,,Container,0.0,57.0,0.1,57.1,0.0,179.61,0.32,179.93,42.6,14.4,0.1,0.0,134.23,0.0,0.0,45.37,0.0,0.0,0.0,0.32,134.23,45.37,0.32,297.0,24.0,,12.58,12.38,30.0,49.2,16.5,10.0,11.0,7.9,95190.0,269.0,0,,,,,,,,,
1159865,9465241,,,,,2021-05-18,,Container,0.0,35.9,1.6,37.5,0.0,113.12,5.13,118.25,22.0,13.9,1.6,0.0,69.32,0.0,0.0,43.8,0.0,0.0,0.0,5.13,69.32,43.8,5.13,193.0,23.6,,4.1,4.12,4.0,14.87,2.63,8.33,11.0,7.9,95156.67,86.67,0,,,,,,,,,
1159866,9465241,,,,,2021-05-19,,Container,0.0,13.2,3.6,16.8,0.0,41.59,11.54,53.13,1.4,11.8,3.6,0.0,4.41,0.0,0.0,37.18,0.0,0.0,0.0,11.54,4.41,37.18,11.54,8.2,1.2,,0.0,0.0,0.0,0.0,0.0,0.0,11.0,7.9,95134.0,0.0,0,,,,,,,,,
1159867,9465241,,,,,2021-05-20,,Container,0.0,24.5,2.8,27.3,0.0,77.2,8.98,86.18,12.1,12.4,2.8,0.0,38.13,0.0,0.0,39.07,0.0,0.0,0.0,8.98,38.13,39.07,8.98,76.0,11.7,,0.0,0.0,0.0,0.0,0.0,0.0,11.0,7.9,95110.0,0.0,0,,,,,,,,,
1159869,9465241,,,,,2021-05-22,,Container,0.0,44.0,0.4,44.4,0.0,138.64,1.28,139.93,36.0,8.0,0.4,0.0,113.44,0.0,0.0,25.21,0.0,0.0,0.0,1.28,113.44,25.21,1.28,217.0,13.7,,8.05,8.3,17.0,28.65,1.9,47.5,11.0,7.9,92635.0,33.5,0,,,,,,,,,
1159870,9465241,,,,,2021-05-23,,Container,0.0,52.1,1.7,53.8,0.0,164.17,5.45,169.62,40.8,12.1,0.9,0.0,128.56,0.0,0.0,35.61,2.56,0.0,0.0,2.89,128.56,38.17,2.89,284.0,22.6,,5.19,5.09,3.33,18.27,2.5,5.0,10.47,7.63,92566.0,9.33,0,,,,,,,,,
1159871,9465241,,,,,2021-05-24,,Container,0.0,44.6,9.1,53.7,0.0,140.53,29.17,169.71,38.9,12.6,2.2,0.0,122.57,0.0,0.0,17.96,22.12,0.0,0.0,7.05,122.57,40.08,7.05,150.8,8.6,,6.1,6.15,14.33,22.17,2.63,18.33,11.0,8.3,100424.33,141.0,0,,,,,,,,,
1159872,9465241,,,,,2021-05-25,,Container,0.0,183.1,0.2,183.3,0.0,576.95,0.64,577.59,161.5,21.6,0.2,0.0,508.89,0.0,0.0,68.06,0.0,0.0,0.0,0.64,508.89,68.06,0.64,583.0,30.9,,11.43,11.37,8.67,43.6,9.2,25.0,11.0,8.3,100216.33,183.67,0,,,,,,,,,
1159875,9465241,,,,,2021-05-28,,Container,0.0,16.8,2.3,19.1,0.0,52.94,7.37,60.31,6.1,10.7,2.3,0.0,19.22,0.0,0.0,33.72,0.0,0.0,0.0,7.37,19.22,33.72,7.37,30.0,23.2,,0.0,0.0,7.5,0.0,0.0,10.0,15.2,15.2,175574.5,48.0,0,,,,,,,,,
1159876,9465241,,,,,2021-05-29,,Container,0.0,51.2,0.5,51.7,0.0,161.33,1.6,162.93,40.6,10.6,0.5,0.0,127.93,0.0,0.0,33.4,0.0,0.0,0.0,1.6,127.93,33.4,1.6,292.0,23.0,,12.7,12.7,12.0,47.9,12.1,50.0,15.2,15.2,175520.0,158.0,0,,,,,,,,,
1159877,9465241,,,,,2021-05-30,,Container,0.0,74.8,1.2,76.0,0.0,235.69,3.85,239.54,59.2,15.9,0.9,0.0,186.54,0.0,0.0,49.16,0.96,0.0,0.0,2.89,186.54,50.12,2.89,418.5,33.5,,8.38,8.62,7.33,33.03,8.9,33.33,15.2,15.2,175450.67,44.0,0,,,,,,,,,
1159879,9465241,,,,,2021-06-01,,Container,0.0,13.4,7.1,20.5,0.0,42.22,22.76,64.99,9.8,7.7,3.0,0.0,30.88,0.0,0.0,11.34,13.14,0.0,0.0,9.62,30.88,24.49,9.62,77.4,23.2,,3.56,3.41,7.33,13.3,5.0,26.67,15.55,15.4,182072.33,153.33,0,,,,,,,,,
1159880,9465241,,,,,2021-06-02,,Container,0.0,65.0,1.5,66.5,0.0,204.82,4.81,209.62,46.3,18.7,1.5,0.0,145.89,0.0,0.0,58.92,0.0,0.0,0.0,4.81,145.89,58.92,4.81,377.0,36.6,,6.95,7.09,15.67,29.4,13.3,31.67,15.55,15.4,182005.33,150.0,0,,,,,,,,,
1159885,9465241,,,,,2021-06-07,,Container,0.0,22.7,0.0,22.7,0.0,71.53,0.0,71.53,7.3,11.3,4.1,0.0,23.0,0.0,0.0,35.61,0.0,0.0,12.92,0.0,23.0,35.61,12.92,50.0,5.3,,0.0,0.0,0.0,0.0,0.0,0.0,15.55,15.6,181880.0,0.0,0,,,,,,,,,
1159887,9465241,,,,,2021-06-09,,Container,0.0,36.6,0.41,37.01,0.0,115.33,1.31,116.64,21.3,12.4,3.31,0.0,67.12,0.0,0.0,39.07,0.0,0.0,9.14,1.31,67.12,39.07,10.45,97.0,29.7,,4.18,3.98,8.0,16.15,3.32,18.75,11.9,10.7,119787.25,110.25,0,,,,,,,,,
1159891,9465241,,,,,2021-06-13,,Container,0.0,21.8,0.6,22.4,0.0,68.69,1.92,70.62,6.4,12.0,4.0,0.0,20.17,0.0,0.0,37.81,0.0,0.0,10.71,1.92,20.17,37.81,12.64,49.0,4.5,,0.0,0.0,0.0,0.0,0.0,0.0,11.9,10.7,119705.0,0.0,0,,,,,,,,,
1159892,9465241,,,,,2021-06-14,,Container,0.0,43.5,0.0,43.5,0.0,137.07,0.0,137.07,29.6,11.4,2.5,0.0,93.27,0.0,0.0,35.92,0.0,0.0,7.88,0.0,93.27,35.92,7.88,144.0,23.5,,5.38,5.43,7.33,20.07,3.4,30.0,12.45,12.45,134638.0,99.0,0,,,,,,,,,
1159893,9465241,,,,,2021-06-15,,Container,0.0,125.0,0.0,125.0,0.0,393.88,0.0,393.88,112.1,12.9,0.0,0.0,353.23,0.0,0.0,40.65,0.0,0.0,0.0,0.0,353.23,40.65,0.0,408.0,24.0,,17.21,17.0,36.0,67.8,16.7,10.0,12.45,12.45,134490.0,241.0,0,,,,,,,,,
1159894,9465241,,,,,2021-06-16,,Container,0.0,76.0,0.3,76.3,0.0,239.48,0.96,240.44,57.0,17.7,1.6,0.0,179.61,0.0,0.0,55.77,0.0,0.0,4.1,0.96,179.61,55.77,5.06,333.0,31.6,,5.92,5.96,8.0,25.7,15.73,23.33,12.7,12.7,136705.33,213.0,0,,,,,,,,,
1159896,9465241,,,,,2021-06-18,,Container,0.0,34.1,0.0,34.1,0.0,107.45,0.0,107.45,23.2,8.7,2.2,0.0,73.1,0.0,0.0,27.41,0.0,0.0,6.93,0.0,73.1,27.41,6.93,116.1,9.1,,4.05,4.12,5.5,16.32,4.03,18.75,14.2,14.2,155831.25,90.0,0,,,,,,,,,
1159897,9465241,,,,,2021-06-19,,Container,0.0,39.9,0.0,39.9,0.0,125.72,0.0,125.72,26.3,10.8,2.8,0.0,82.87,0.0,0.0,34.03,0.0,0.0,8.82,0.0,82.87,34.03,8.82,88.0,22.6,,6.43,6.43,16.67,24.53,4.33,18.33,15.5,15.5,179122.33,130.33,0,,,,,,,,,
1159898,9465241,,,,,2021-06-20,,Container,0.0,173.0,0.0,173.0,0.0,545.12,0.0,545.12,159.8,13.2,0.0,0.0,503.53,0.0,0.0,41.59,0.0,0.0,0.0,0.0,503.53,41.59,0.0,469.0,24.0,,19.25,19.54,40.0,76.7,15.4,5.0,15.5,15.5,178930.0,209.0,0,,,,,,,,,
1159899,9465241,,,,,2021-06-21,,Container,0.0,143.6,0.0,143.6,0.0,452.48,0.0,452.48,130.3,13.3,0.0,0.0,410.58,0.0,0.0,41.91,0.0,0.0,0.0,0.0,410.58,41.91,0.0,414.0,24.0,,17.58,17.25,28.0,71.9,20.4,20.0,15.5,15.5,178790.0,224.0,0,,,,,,,,,
1159900,9465241,,,,,2021-06-22,,Container,0.0,130.1,0.0,130.1,0.0,409.95,0.0,409.95,108.8,20.0,1.3,0.0,342.83,0.0,0.0,63.02,0.0,0.0,4.1,0.0,342.83,63.02,4.1,488.0,35.3,,9.12,9.11,8.33,37.43,13.23,8.33,15.5,15.5,178667.67,136.33,0,,,,,,,,,
1159902,9465241,,,,,2021-06-24,,Container,0.0,20.94,2.93,23.86,0.0,65.97,9.38,75.35,11.1,9.84,2.93,0.0,34.98,0.0,0.0,30.99,0.0,0.0,0.0,9.38,34.98,30.99,9.38,47.0,23.3,,0.0,0.0,6.0,0.0,0.0,25.0,16.2,15.9,186674.0,152.0,0,,,,,,,,,
1159903,9465241,,,,,2021-06-25,,Container,0.0,193.1,0.0,193.1,0.0,608.46,0.0,608.46,179.2,13.9,0.0,0.0,564.66,0.0,0.0,43.8,0.0,0.0,0.0,0.0,564.66,43.8,0.0,501.0,25.0,,19.84,20.04,22.0,78.8,15.6,55.0,16.2,15.9,186472.0,282.0,0,,,,,,,,,
1159904,9465241,,,,,2021-06-26,,Container,0.0,202.1,0.0,202.1,0.0,636.82,0.0,636.82,188.3,13.8,0.0,0.0,593.33,0.0,0.0,43.48,0.0,0.0,0.0,0.0,593.33,43.48,0.0,501.0,24.0,,19.92,20.88,40.0,80.9,14.4,30.0,16.2,15.9,186267.0,232.0,0,,,,,,,,,
1159905,9465241,,,,,2021-06-27,,Container,0.0,212.1,0.0,212.1,0.0,668.33,0.0,668.33,198.3,13.8,0.0,0.0,624.84,0.0,0.0,43.48,0.0,0.0,0.0,0.0,624.84,43.48,0.0,500.0,25.0,,19.72,20.0,40.0,80.9,17.9,5.0,16.1,15.9,186723.0,233.0,0,,,,,,,,,
1159906,9465241,,,,,2021-06-28,,Container,0.0,200.6,0.0,200.6,0.0,632.09,0.0,632.09,187.5,13.1,0.0,0.0,590.81,0.0,0.0,41.28,0.0,0.0,0.0,0.0,590.81,41.28,0.0,485.0,24.0,,19.83,20.21,18.0,80.9,17.1,85.0,16.1,15.9,186521.0,230.0,0,,,,,,,,,
1159907,9465241,,,,,2021-06-29,,Container,0.0,207.9,0.0,207.9,0.0,655.09,0.0,655.09,194.4,13.5,0.0,0.0,612.55,0.0,0.0,42.54,0.0,0.0,0.0,0.0,612.55,42.54,0.0,514.0,25.0,,19.72,20.56,20.0,81.0,15.7,80.0,16.1,15.9,186312.0,251.0,0,,,,,,,,,
1159908,9465241,,,,,2021-06-30,,Container,0.0,178.0,0.0,178.0,0.0,560.88,0.0,560.88,165.1,12.9,0.0,0.0,520.23,0.0,0.0,40.65,0.0,0.0,0.0,0.0,520.23,40.65,0.0,485.0,24.0,,19.62,20.21,18.0,78.4,14.4,100.0,16.1,15.9,186670.0,252.0,0,,,,,,,,,
1159909,9465241,,,,,2021-07-01,,Container,0.0,200.6,0.0,200.6,0.0,632.09,0.0,632.09,187.7,12.9,0.0,0.0,591.44,0.0,0.0,40.65,0.0,0.0,0.0,0.0,591.44,40.65,0.0,517.0,25.0,,20.28,20.68,15.0,80.4,14.6,95.0,16.1,15.9,186468.0,245.0,0,,,,,,,,,
1159910,9465241,,,,,2021-07-02,,Container,0.0,191.6,0.0,191.6,0.0,603.73,0.0,603.73,179.3,12.3,0.0,0.0,564.97,0.0,0.0,38.76,0.0,0.0,0.0,0.0,564.97,38.76,0.0,501.0,24.0,,20.42,20.88,26.0,80.5,13.9,40.0,16.1,15.9,186276.0,249.0,0,,,,,,,,,
1159911,9465241,,,,,2021-07-03,,Container,0.0,198.4,0.0,198.4,0.0,625.16,0.0,625.16,185.7,12.7,0.0,0.0,585.14,0.0,0.0,40.02,0.0,0.0,0.0,0.0,585.14,40.02,0.0,497.0,25.0,,19.4,19.88,26.0,79.2,16.7,70.0,16.1,15.9,186077.0,249.0,0,,,,,,,,,
1159912,9465241,,,,,2021-07-04,,Container,0.0,196.1,0.0,196.1,0.0,617.91,0.0,617.91,183.8,12.3,0.0,0.0,579.15,0.0,0.0,38.76,0.0,0.0,0.0,0.0,579.15,38.76,0.0,503.0,25.0,,19.2,20.12,30.0,78.1,14.5,35.0,16.1,15.9,186531.0,226.0,0,,,,,,,,,
1159913,9465241,,,,,2021-07-05,,Container,0.0,202.9,0.0,202.9,0.0,639.34,0.0,639.34,191.1,11.8,0.0,0.0,602.16,0.0,0.0,37.18,0.0,0.0,0.0,0.0,602.16,37.18,0.0,430.0,24.0,,18.0,17.92,40.0,79.4,25.1,30.0,16.1,15.9,186328.0,262.0,0,,,,,,,,,
1159914,9465241,,,,,2021-07-06,,Container,0.0,197.1,0.0,197.1,0.0,621.06,0.0,621.06,185.6,11.5,0.0,0.0,584.83,0.0,0.0,36.24,0.0,0.0,0.0,0.0,584.83,36.24,0.0,501.0,25.0,,19.72,20.04,12.0,79.3,16.1,100.0,16.1,15.9,186130.0,339.0,0,,,,,,,,,
1159915,9465241,,,,,2021-07-07,,Container,0.0,170.0,0.0,170.0,0.0,535.67,0.0,535.67,159.0,11.0,0.0,0.0,501.01,0.0,0.0,34.66,0.0,0.0,0.0,0.0,501.01,34.66,0.0,485.0,24.0,,6.61,6.74,10.67,25.97,4.63,6.67,5.37,5.3,61986.67,112.67,0,,,,,,,,,
1159916,9465241,,,,,2021-07-08,,Container,0.0,165.5,0.0,165.5,0.0,521.49,0.0,521.49,154.3,11.2,0.0,0.0,486.2,0.0,0.0,35.29,0.0,0.0,0.0,0.0,486.2,35.29,0.0,485.0,24.0,,19.88,20.21,28.0,77.2,13.1,35.0,16.1,15.9,186671.0,336.0,0,,,,,,,,,
1159917,9465241,,,,,2021-07-09,,Container,0.0,170.4,0.0,170.4,0.0,536.93,0.0,536.93,158.3,12.1,0.0,0.0,498.8,0.0,0.0,38.13,0.0,0.0,0.0,0.0,498.8,38.13,0.0,501.0,25.0,,19.8,20.04,12.0,76.9,13.5,20.0,16.1,15.9,185591.0,337.0,0,,,,,,,,,
1159918,9465241,,,,,2021-07-10,,Container,0.0,156.4,0.2,156.6,0.0,492.82,0.64,493.46,144.3,12.1,0.2,0.0,454.69,0.0,0.0,38.13,0.0,0.0,0.0,0.64,454.69,38.13,0.64,476.0,24.0,,19.71,19.83,12.0,75.5,12.8,30.0,16.0,15.8,185434.0,336.0,0,,,,,,,,,
1159919,9465241,,,,,2021-07-11,,Container,0.0,133.5,0.3,133.8,0.0,420.66,0.96,421.62,121.2,11.8,0.8,0.0,381.9,0.0,0.0,37.18,0.0,0.0,1.58,0.96,381.9,37.18,2.54,386.1,22.6,,6.46,6.55,4.0,25.63,5.1,10.0,16.0,15.8,185301.0,114.33,0,,,,,,,,,
1159921,9465241,,,,,2021-07-13,,Container,0.0,15.3,0.0,15.3,0.0,48.21,0.0,48.21,3.0,10.0,2.3,0.0,9.45,0.0,0.0,31.51,0.0,0.0,7.25,0.0,9.45,31.51,7.25,12.9,8.6,,0.0,0.0,0.0,0.0,0.0,0.0,16.0,15.8,185270.0,0.0,0,,,,,,,,,
1159923,9465241,,,,,2021-07-15,,Container,0.0,15.3,0.0,15.3,0.0,48.21,0.0,48.21,2.5,10.9,1.9,0.0,7.88,0.0,0.0,34.35,0.0,0.0,5.99,0.0,7.88,34.35,5.99,16.5,3.6,,0.0,0.0,0.0,0.0,0.0,0.0,15.13,14.87,171604.67,0.0,0,,,,,,,,,
1159924,9465241,,,,,2021-07-16,,Container,0.0,10.8,0.0,10.8,0.0,34.03,0.0,34.03,2.2,1.2,7.4,0.0,6.93,0.0,0.0,3.78,0.0,0.0,23.32,0.0,6.93,3.78,23.32,13.3,1.6,,0.0,0.0,0.0,0.0,0.0,0.0,14.7,14.4,164755.0,0.0,0,,,,,,,,,
1159925,9465241,,,,,2021-07-17,,Container,0.0,17.4,0.0,17.4,0.0,54.83,0.0,54.83,5.9,9.7,1.8,0.0,18.59,0.0,0.0,30.56,0.0,0.0,5.67,0.0,18.59,30.56,5.67,33.9,3.5,,0.0,0.0,0.0,0.0,0.0,0.0,14.7,14.4,164730.0,0.0,0,,,,,,,,,
1159926,9465241,,,,,2021-07-18,,Container,0.0,37.8,0.2,38.0,0.0,119.11,0.64,119.75,21.1,15.0,1.9,0.0,66.49,0.0,0.0,47.26,0.0,0.0,5.36,0.64,66.49,47.26,6.0,112.4,9.6,,5.53,5.47,7.33,20.83,4.27,36.67,14.7,14.4,164702.67,48.0,0,,,,,,,,,
1159931,9465241,,,,,2021-07-23,,Container,0.0,14.4,0.0,14.4,0.0,45.37,0.0,45.37,2.2,10.7,1.5,0.0,6.93,0.0,0.0,33.72,0.0,0.0,4.73,0.0,6.93,33.72,4.73,9.7,23.7,,0.0,0.0,0.0,0.0,0.0,0.0,16.0,16.0,184282.5,0.0,0,,,,,,,,,
1159933,9465241,,,,,2021-07-25,,Container,0.0,37.79,1.0,38.79,0.0,119.08,3.21,122.28,25.4,10.39,3.0,0.0,80.04,0.0,0.0,32.74,0.0,0.0,6.3,3.21,80.04,32.74,9.51,77.0,5.2,,10.0,10.17,23.0,36.9,4.25,20.0,16.0,16.0,184232.5,167.0,0,,,,,,,,,
1159934,9465241,,,,,2021-07-26,,Container,0.0,205.4,0.0,205.4,0.0,647.22,0.0,647.22,193.0,12.4,0.0,0.0,608.14,0.0,0.0,39.07,0.0,0.0,0.0,0.0,608.14,39.07,0.0,504.0,24.0,,20.62,21.0,32.0,81.5,14.4,25.0,16.0,16.0,184015.0,160.0,0,,,,,,,,,
1159935,9465241,,,,,2021-07-27,,Container,0.0,197.0,0.0,197.0,0.0,620.75,0.0,620.75,185.5,11.5,0.0,0.0,584.51,0.0,0.0,36.24,0.0,0.0,0.0,0.0,584.51,36.24,0.0,478.0,23.0,,10.17,10.39,15.0,41.05,8.0,10.0,8.0,8.0,91908.5,79.5,0,,,,,,,,,
1159936,9465241,,,,,2021-07-28,,Container,0.0,204.2,0.2,204.4,0.0,643.43,0.64,644.08,192.7,11.5,0.2,0.0,607.2,0.0,0.0,36.24,0.0,0.0,0.0,0.64,607.2,36.24,0.64,491.0,24.0,,20.29,20.46,36.0,81.4,16.6,40.0,16.0,16.0,183615.0,160.0,0,,,,,,,,,
1159937,9465241,,,,,2021-07-29,,Container,0.0,208.7,0.0,208.7,0.0,657.61,0.0,657.61,197.9,10.8,0.0,0.0,623.58,0.0,0.0,34.03,0.0,0.0,0.0,0.0,623.58,34.03,0.0,463.0,24.0,,19.25,19.29,45.0,80.8,20.7,5.0,16.0,16.0,183405.0,161.0,0,,,,,,,,,
1159938,9465241,,,,,2021-07-30,,Container,0.0,202.1,0.1,202.2,0.0,636.82,0.32,637.14,192.1,10.0,0.1,0.0,605.31,0.0,0.0,31.51,0.0,0.0,0.0,0.32,605.31,31.51,0.32,436.0,23.0,,19.13,18.96,42.0,80.7,22.0,30.0,16.0,16.0,183195.0,153.0,0,,,,,,,,,
1159939,9465241,,,,,2021-07-31,,Container,0.0,211.4,0.1,211.5,0.0,666.12,0.32,666.44,200.8,10.6,0.1,0.0,632.72,0.0,0.0,33.4,0.0,0.0,0.0,0.32,632.72,33.4,0.32,481.0,24.0,,20.08,20.04,12.0,82.0,18.8,150.0,16.0,16.0,182983.0,82.0,0,,,,,,,,,
1159940,9465241,,,,,2021-08-01,,Container,0.0,187.7,0.2,187.9,0.0,591.44,0.64,592.08,176.5,11.2,0.2,0.0,556.15,0.0,0.0,35.29,0.0,0.0,0.0,0.64,556.15,35.29,0.64,437.0,24.0,,18.42,18.21,25.0,75.7,20.1,30.0,16.0,16.0,184077.0,65.0,0,,,,,,,,,
67648,9465241,,,,,2019-01-02,2.0,Container,64.0,,0.0,64.0,199.3,,0.0,199.3,51.03,12.44,0.53,158.91,,0.0,38.74,,0.0,1.65,,0.0,158.91,38.74,1.65,325.95,22.4,29.5,4.89,4.95,5.0,0.0,0.0,50.0,15.75,15.55,182374.0,8.67,148342,4.12,4.15,15.65,A,,,,A,5.87
67649,9465241,,,,,2019-01-03,3.0,Container,31.97,,0.0,31.97,99.55,,0.0,99.55,16.48,11.16,4.33,51.32,,0.0,34.75,,0.0,13.48,,0.0,51.32,34.75,13.48,68.2,4.4,31.2,5.5,5.5,9.0,21.4,5.0,125.0,16.05,16.05,190791.0,131.67,148342,9.84,4.73,16.05,E,,,,E,5.87
67650,9465241,,,,,2019-01-04,4.0,Container,89.19,,0.0,89.19,277.74,,0.0,277.74,78.34,10.85,0.0,243.95,,0.0,33.79,,0.0,0.0,,0.0,243.95,33.79,0.0,380.0,24.0,24.7,15.62,15.83,32.0,59.7,12.3,10.0,16.05,16.05,190698.0,146.0,148342,4.93,4.8,16.05,B,,,,B,5.87
67651,9465241,,,,,2019-01-05,5.0,Container,120.34,,0.0,120.34,374.74,,0.0,374.74,109.95,10.39,0.0,342.38,,0.0,32.35,,0.0,0.0,,0.0,342.38,32.35,0.0,386.0,23.0,23.0,17.0,16.78,20.0,68.2,18.7,20.0,16.05,16.05,190589.0,86.0,148342,6.54,5.27,16.05,D,,,,D,5.87
67652,9465241,,,,,2019-01-06,6.0,Container,127.41,,0.0,127.41,396.75,,0.0,396.75,116.76,10.65,0.0,363.59,,0.0,33.16,,0.0,0.0,,0.0,363.59,33.16,0.0,408.0,24.0,24.0,17.46,17.0,32.0,68.9,18.5,1.0,16.05,16.05,190473.0,81.0,148342,6.56,5.55,16.05,D,,,,D,5.87
67653,9465241,,,,,2019-01-07,7.0,Container,137.1,,0.0,137.1,426.93,,0.0,426.93,126.58,10.52,0.0,394.17,,0.0,32.76,,0.0,0.0,,0.0,394.17,32.76,0.0,419.0,24.0,24.0,17.62,17.46,29.0,70.8,18.5,10.0,16.05,16.05,190349.0,102.0,148342,6.87,5.8,16.05,D,,,,D,5.87
67654,9465241,,,,,2019-01-08,8.0,Container,129.79,,0.0,129.79,404.17,,0.0,404.17,119.51,10.28,0.0,372.15,,0.0,32.01,,0.0,0.0,,0.0,372.15,32.01,0.0,407.0,23.0,23.0,17.52,17.7,30.0,70.0,16.4,30.0,16.05,16.05,190228.0,103.0,148342,6.69,5.93,16.05,D,,,,D,5.87
67655,9465241,,,,,2019-01-09,9.0,Container,134.21,,0.0,134.21,417.93,,0.0,417.93,123.6,10.61,0.0,384.89,,0.0,33.04,,0.0,0.0,,0.0,384.89,33.04,0.0,420.0,23.5,23.5,17.83,17.87,26.0,70.8,16.6,20.0,16.0,16.0,190105.0,103.0,148342,6.71,6.04,16.0,D,,,,D,5.87
67656,9465241,,,,,2019-01-10,10.0,Container,127.15,,0.0,127.15,395.95,,0.0,395.95,111.94,14.23,0.98,348.58,,0.0,44.31,,0.0,3.05,,0.0,348.58,44.31,3.05,414.74,25.0,37.0,8.5,8.74,16.0,34.55,8.2,50.0,16.0,16.0,189995.0,49.5,148342,6.44,6.09,16.0,D,,,,D,5.87
67658,9465241,,,,,2019-01-12,12.0,Container,50.25,,0.0,50.25,156.48,,0.0,156.48,33.94,12.27,4.04,105.69,,0.0,38.21,,0.0,12.58,,0.0,105.69,38.21,12.58,128.4,7.8,31.3,5.42,5.67,20.33,22.1,5.2,60.0,14.7,14.7,167915.0,194.0,148342,8.22,6.24,14.7,E,,,,E,5.87
67659,9465241,,,,,2019-01-13,13.0,Container,91.8,,0.0,91.8,285.87,,0.0,285.87,79.3,12.5,0.0,246.94,,0.0,38.92,,0.0,0.0,,0.0,246.94,38.92,0.0,377.0,24.0,24.0,15.54,15.71,14.0,58.7,11.5,20.0,14.6,14.6,164957.0,336.0,148342,5.11,6.14,14.6,B,,,,B,5.87
67660,9465241,,,,,2019-01-14,14.0,Container,100.15,,0.0,100.15,311.87,,0.0,311.87,81.94,16.67,1.54,255.16,,0.0,51.91,,0.0,4.8,,0.0,255.16,51.91,4.8,407.0,28.4,40.4,7.43,7.55,11.0,28.8,6.65,30.0,14.6,14.6,164865.0,175.5,148342,5.17,6.05,14.6,B,,,,B,5.87
67662,9465241,,,,,2019-01-16,16.0,Container,64.44,,0.0,64.44,200.67,,0.0,200.67,46.67,13.78,3.99,145.33,,0.0,42.91,,0.0,12.42,,0.0,145.33,42.91,12.42,155.9,8.9,30.4,6.42,6.52,10.33,24.47,3.97,17.5,14.55,14.55,165695.0,199.0,148342,8.68,6.2,14.55,E,,,,E,5.87
67663,9465241,,,,,2019-01-17,17.0,Container,96.94,,0.0,96.94,301.87,,0.0,301.87,79.9,14.62,2.42,248.81,,0.0,45.53,,0.0,7.54,,0.0,248.81,45.53,7.54,272.0,15.5,37.0,6.3,6.4,5.33,24.07,4.03,60.0,14.55,14.55,165695.0,34.0,148342,7.48,6.27,14.55,E,,,,E,5.87
67664,9465241,,,,,2019-01-18,18.0,Container,25.11,,0.0,25.11,78.19,,0.0,78.19,3.21,15.46,6.44,10.0,,0.0,48.14,,0.0,20.05,,0.0,10.0,48.14,20.05,10.0,1.0,32.8,0.0,0.0,4.0,0.0,0.0,120.0,15.68,15.68,182789.67,93.33,148342,52.71,6.36,15.68,E,,,,E,5.87
67665,9465241,,,,,2019-01-19,19.0,Container,124.41,,0.0,124.41,387.41,,0.0,387.41,112.51,11.9,0.0,350.36,,0.0,37.06,,0.0,0.0,,0.0,350.36,37.06,0.0,388.0,21.0,21.6,18.19,18.48,12.0,70.4,13.2,40.0,16.25,16.25,191337.0,245.0,148342,6.73,6.39,16.25,D,,,,D,5.87
67666,9465241,,,,,2019-01-20,20.0,Container,147.68,,0.0,147.68,459.88,,0.0,459.88,133.36,14.32,0.0,415.28,,0.0,44.59,,0.0,0.0,,0.0,415.28,44.59,0.0,463.0,25.0,25.0,18.28,18.52,15.0,70.8,11.7,50.0,16.25,16.25,191337.0,245.0,148342,6.7,6.42,16.25,D,,,,D,5.87
67667,9465241,,,,,2019-01-21,21.0,Container,137.53,,0.0,137.53,428.27,,0.0,428.27,123.66,13.87,0.0,385.08,,0.0,43.19,,0.0,0.0,,0.0,385.08,43.19,0.0,442.0,24.0,24.0,18.25,18.42,10.0,70.3,13.4,70.0,16.25,16.25,191337.0,249.0,148342,6.53,6.42,16.25,D,,,,D,5.87
67668,9465241,,,,,2019-01-22,22.0,Container,131.8,,0.0,131.8,410.43,,0.0,410.43,117.44,14.36,0.0,365.71,,0.0,44.72,,0.0,0.0,,0.0,365.71,44.72,0.0,444.0,24.0,27.7,17.92,18.5,12.0,68.5,10.7,80.0,16.25,16.25,191337.0,333.0,148342,6.23,6.41,16.25,C,,,,C,5.87
67669,9465241,,,,,2019-01-23,23.0,Container,185.81,,0.0,185.81,578.61,,0.0,578.61,162.96,22.23,0.62,507.46,,0.0,69.22,,0.0,1.93,,0.0,507.46,69.22,1.93,601.0,33.7,51.2,11.86,12.2,5.67,46.77,9.13,40.0,16.25,16.08,191337.0,234.67,148342,6.49,6.42,16.17,D,,,,D,5.87
67670,9465241,,,,,2019-01-24,24.0,Container,25.34,,0.0,25.34,78.91,,0.0,78.91,14.02,8.75,2.57,43.66,,0.0,27.25,,0.0,8.0,,0.0,43.66,27.25,8.0,62.0,4.3,18.0,5.24,5.24,6.67,19.6,3.9,55.0,15.7,15.7,184684.0,216.33,148342,8.58,6.44,15.7,E,,,,E,5.87
67671,9465241,,,,,2019-01-25,25.0,Container,126.83,,0.0,126.83,394.95,,0.0,394.95,107.41,19.42,0.0,334.47,,0.0,60.47,,0.0,0.0,,0.0,334.47,60.47,0.0,527.0,33.7,36.3,15.39,15.56,11.0,58.7,12.4,60.0,15.7,15.7,184684.0,324.5,148342,5.05,6.34,15.7,B,,,,B,5.87
67672,9465241,,,,,2019-01-26,26.0,Container,32.96,,0.0,32.96,102.64,,0.0,102.64,14.79,13.53,4.64,46.06,,0.0,42.13,,0.0,14.45,,0.0,46.06,42.13,14.45,117.0,12.9,49.4,0.0,0.0,15.0,0.0,0.0,60.0,15.7,15.7,184684.0,300.0,148342,5.91,6.34,15.7,C,,,,C,5.87
67673,9465241,,,,,2019-01-27,27.0,Container,115.0,,0.0,115.0,358.11,,0.0,358.11,105.79,9.21,0.0,329.43,,0.0,28.68,,0.0,0.0,,0.0,329.43,28.68,0.0,335.0,19.2,19.2,17.24,17.45,18.0,69.7,17.2,65.0,15.7,15.7,184684.0,288.0,148342,7.21,6.37,15.7,E,,,,E,5.87
67674,9465241,,,,,2019-01-28,28.0,Container,137.29,,0.0,137.29,427.52,,0.0,427.52,125.71,11.58,0.0,391.46,,0.0,36.06,,0.0,0.0,,0.0,391.46,36.06,0.0,424.0,24.0,24.9,17.5,17.67,18.0,69.4,15.9,60.0,15.7,15.7,184684.0,288.0,148342,6.8,6.39,15.7,D,,,,D,5.87
67675,9465241,,,,,2019-01-29,29.0,Container,148.67,,0.0,148.67,462.96,,0.0,462.96,136.51,12.16,0.0,425.09,,0.0,37.87,,0.0,0.0,,0.0,425.09,37.87,0.0,431.0,25.0,25.4,17.2,17.24,33.0,69.8,18.4,50.0,15.7,15.7,184684.0,299.0,148342,7.24,6.43,15.7,E,,,,E,5.87
67676,9465241,,,,,2019-01-30,30.0,Container,130.76,,0.0,130.76,407.19,,0.0,407.19,116.54,13.49,0.73,362.91,,0.0,42.01,,0.0,2.27,,0.0,362.91,42.01,2.27,401.0,24.9,32.7,8.23,8.34,10.0,33.55,8.9,50.0,15.7,15.7,184684.0,148.0,148342,6.85,6.45,15.7,D,,,,D,5.87
67677,9465241,,,,,2019-01-31,31.0,Container,8.08,,17.82,25.9,25.16,,57.13,82.29,7.11,13.89,4.9,22.14,,0.0,3.02,,41.42,0.0,,15.71,22.14,44.44,15.71,40.0,3.0,27.7,4.92,5.56,10.0,17.57,-1.53,50.0,15.1,15.1,176159.0,135.0,148342,13.87,6.48,15.1,E,,,,E,5.87
67678,9465241,,,,,2019-02-01,32.0,Container,81.28,,0.0,81.28,253.11,,0.0,253.11,68.74,12.54,0.0,214.06,,0.0,39.05,,0.0,0.0,,0.0,214.06,39.05,0.0,314.0,24.0,24.0,12.96,13.08,35.0,54.3,20.3,30.0,15.1,15.1,176159.0,229.0,148342,5.43,6.45,15.1,B,,,,B,5.87
67679,9465241,,,,,2019-02-02,33.0,Container,112.84,,0.0,112.84,351.38,,0.0,351.38,101.0,11.84,0.0,314.51,,0.0,36.87,,0.0,0.0,,0.0,314.51,36.87,0.0,341.0,24.0,45.4,14.71,14.21,30.0,62.1,24.3,40.0,15.1,15.1,176159.0,287.0,148342,6.95,6.46,15.1,D,,,,D,5.87
67680,9465241,,,,,2019-02-03,34.0,Container,165.48,,0.0,165.48,515.3,,0.0,515.3,154.86,10.62,0.0,482.23,,0.0,33.07,,0.0,0.0,,0.0,482.23,33.07,0.0,431.0,24.0,24.0,17.83,17.96,15.0,74.5,20.3,70.0,15.1,15.1,176159.0,28.0,148342,8.06,6.53,15.1,E,,,,E,5.87
67681,9465241,,,,,2019-02-04,35.0,Container,165.6,,0.0,165.6,515.68,,0.0,515.68,153.8,11.8,0.0,478.93,,0.0,36.75,,0.0,0.0,,0.0,478.93,36.75,0.0,499.0,24.0,25.9,20.21,20.79,10.0,77.5,11.3,40.0,15.0,14.9,174100.0,74.0,148342,6.97,6.55,14.95,D,,,,D,5.87
67682,9465241,,,,,2019-02-05,36.0,Container,66.6,,0.0,66.6,207.39,,0.0,207.39,44.3,16.2,6.1,137.95,,0.0,50.45,,0.0,19.0,,0.0,137.95,50.45,19.0,312.0,28.9,41.8,5.18,5.02,5.0,19.75,7.95,110.0,15.0,14.9,174100.0,32.0,148342,4.48,6.49,14.95,A,,,,A,5.87
67683,9465241,,,,,2019-02-06,37.0,Container,42.6,,0.0,42.6,132.66,,0.0,132.66,19.2,17.1,6.3,59.79,,0.0,53.25,,0.0,19.62,,0.0,59.79,53.25,19.62,76.0,11.4,41.0,0.0,0.0,3.75,0.0,0.0,90.0,14.2,12.97,153416.0,66.75,148342,11.77,6.53,10.19,E,,,,E,5.87
67684,9465241,,,,,2019-02-07,38.0,Container,42.9,,0.0,42.9,133.59,,0.0,133.59,27.1,11.3,4.5,84.39,,0.0,35.19,,0.0,14.01,,0.0,84.39,35.19,14.01,86.0,15.2,33.7,1.81,1.9,10.0,10.4,10.43,50.0,13.8,12.0,143074.0,110.0,148342,10.47,6.56,12.9,E,,,,E,5.87
67687,9465241,,,,,2019-02-10,41.0,Container,28.4,,0.0,28.4,88.44,,0.0,88.44,5.9,14.5,8.0,18.37,,0.0,45.15,,0.0,24.91,,0.0,18.37,45.15,24.91,21.0,1.8,42.4,0.0,0.0,5.0,0.0,0.0,40.0,13.53,12.2,142962.67,35.0,148342,28.39,6.64,12.87,E,,,,E,5.87
67688,9465241,,,,,2019-02-11,42.0,Container,17.12,,0.0,17.12,53.31,,0.0,53.31,9.9,4.72,2.5,30.83,,0.0,14.7,,0.0,7.78,,0.0,30.83,14.7,7.78,74.0,10.0,13.7,3.68,3.79,9.0,14.05,5.35,60.0,13.4,12.3,142907.0,37.0,148342,4.86,6.63,12.85,A,,,,A,5.87
67689,9465241,,,,,2019-02-12,43.0,Container,25.6,,0.0,25.6,79.72,,0.0,79.72,9.8,10.3,5.5,30.52,,0.0,32.07,,0.0,17.13,,0.0,30.52,32.07,17.13,26.0,7.2,31.3,0.0,0.0,0.0,0.0,0.0,0.0,13.2,11.6,142907.0,0.0,148342,20.67,6.66,12.4,E,,,,E,5.87
67690,9465241,,,,,2019-02-13,44.0,Container,32.7,,0.0,32.7,101.83,,0.0,101.83,12.3,13.2,7.2,38.3,,0.0,41.1,,0.0,22.42,,0.0,38.3,41.1,22.42,47.0,3.2,40.4,3.89,4.03,7.5,16.7,3.75,55.0,11.25,10.7,118448.75,113.0,148342,14.61,6.69,10.98,E,,,,E,5.87
67691,9465241,,,,,2019-02-14,45.0,Container,34.7,,0.0,34.7,108.06,,0.0,108.06,25.0,7.1,2.6,77.85,,0.0,22.11,,0.0,8.1,,0.0,77.85,22.11,8.1,94.0,7.2,24.6,0.0,0.0,0.0,0.0,0.0,0.0,9.9,9.3,110296.0,0.0,148342,7.75,6.7,9.6,E,,,,E,5.87
67693,9465241,,,,,2019-02-16,47.0,Container,51.0,,0.0,51.0,158.81,,0.0,158.81,39.1,8.9,3.0,121.76,,0.0,27.71,,0.0,9.34,,0.0,121.76,27.71,9.34,124.0,9.5,32.9,2.91,3.09,5.8,9.22,0.42,95.0,13.4,13.2,148412.0,10.8,148342,8.63,6.75,10.64,E,,,,E,5.87
67694,9465241,,,,,2019-02-17,48.0,Container,40.2,,0.0,40.2,125.18,,0.0,125.18,25.0,10.9,4.3,77.85,,0.0,33.94,,0.0,13.39,,0.0,77.85,33.94,13.39,80.0,23.5,30.4,5.42,5.5,12.67,21.37,4.97,60.0,15.1,15.1,175750.0,171.0,148342,10.55,6.78,15.1,E,,,,E,5.87
67695,9465241,,,,,2019-02-18,49.0,Container,133.35,,0.0,133.35,415.25,,0.0,415.25,121.73,11.62,0.0,379.07,,0.0,36.18,,0.0,0.0,,0.0,379.07,36.18,0.0,392.0,24.0,24.0,16.25,16.33,25.0,67.1,19.5,60.0,15.1,15.1,175749.0,201.0,148342,7.14,6.79,15.1,E,,,,E,5.87
67696,9465241,,,,,2019-02-19,50.0,Container,110.28,,0.0,110.28,343.41,,0.0,343.41,98.84,11.44,0.0,307.79,,0.0,35.62,,0.0,0.0,,0.0,307.79,35.62,0.0,384.0,24.0,25.4,15.92,16.0,20.0,63.2,16.3,50.0,15.1,15.1,175749.0,181.0,148342,6.03,6.77,15.1,C,,,,C,5.87
67697,9465241,,,,,2019-02-20,51.0,Container,105.34,,0.0,105.34,328.03,,0.0,328.03,94.28,11.06,0.0,293.59,,0.0,34.44,,0.0,0.0,,0.0,293.59,34.44,0.0,398.0,24.0,24.0,16.5,16.58,30.0,63.6,13.5,30.0,15.1,15.1,175749.0,107.0,148342,5.56,6.73,15.1,C,,,,C,5.87
67698,9465241,,,,,2019-02-21,52.0,Container,110.61,,0.0,110.61,344.44,,0.0,344.44,100.01,10.6,0.0,311.43,,0.0,33.01,,0.0,0.0,,0.0,311.43,33.01,0.0,387.0,24.0,24.0,16.0,16.12,25.0,63.9,16.5,40.0,15.1,15.1,175749.0,81.0,148342,6.0,6.71,15.1,C,,,,C,5.87
67699,9465241,,,,,2019-02-22,53.0,Container,105.91,,0.0,105.91,329.8,,0.0,329.8,95.07,10.84,0.0,296.05,,0.0,33.76,,0.0,0.0,,0.0,296.05,33.76,0.0,407.0,24.0,24.0,16.75,16.96,15.0,64.4,12.5,70.0,15.1,15.1,175749.0,84.0,148342,5.46,6.67,15.1,B,,,,B,5.87
67700,9465241,,,,,2019-02-23,54.0,Container,97.52,,0.0,97.52,303.68,,0.0,303.68,85.87,11.65,0.0,267.4,,0.0,36.28,,0.0,0.0,,0.0,267.4,36.28,0.0,392.0,24.0,24.0,16.42,16.33,30.0,62.4,13.5,30.0,15.1,15.1,175749.0,110.0,148342,5.22,6.63,15.1,B,,,,B,5.87
67701,9465241,,,,,2019-02-24,55.0,Container,117.01,,0.0,117.01,364.37,,0.0,364.37,106.42,10.59,0.0,331.39,,0.0,32.98,,0.0,0.0,,0.0,331.39,32.98,0.0,380.0,24.0,24.0,15.75,15.83,35.0,65.8,20.4,40.0,15.1,15.1,175749.0,108.0,148342,6.46,6.63,15.1,D,,,,D,5.87
67702,9465241,,,,,2019-02-25,56.0,Container,161.48,,0.0,161.48,502.85,,0.0,502.85,147.49,13.99,0.0,459.28,,0.0,43.56,,0.0,0.0,,0.0,459.28,43.56,0.0,518.0,31.0,31.5,16.72,16.85,31.5,68.4,18.5,30.0,15.1,15.1,175749.0,122.0,148342,6.54,6.63,15.1,D,,,,D,5.87
67703,9465241,,,,,2019-02-26,57.0,Container,42.55,,0.0,42.55,132.5,,0.0,132.5,25.26,12.7,4.59,78.66,,0.0,39.55,,0.0,14.29,,0.0,78.66,39.55,14.29,114.0,13.6,49.5,0.0,0.0,15.0,0.0,0.0,60.0,15.1,15.1,175749.0,168.0,148342,7.84,6.63,15.1,E,,,,E,5.87
67704,9465241,,,,,2019-02-27,58.0,Container,136.04,,0.0,136.04,423.63,,0.0,423.63,127.7,8.34,0.0,397.66,,0.0,25.97,,0.0,0.0,,0.0,397.66,25.97,0.0,389.0,18.7,18.7,20.53,20.8,10.0,78.4,12.3,40.0,15.2,14.85,175749.0,142.0,148342,7.34,6.65,15.02,E,,,,E,5.87
67705,9465241,,,,,2019-02-28,59.0,Container,60.97,,0.0,60.97,189.86,,0.0,189.86,45.78,11.6,3.59,142.56,,0.0,36.12,,0.0,11.18,,0.0,142.56,36.12,11.18,204.0,21.4,29.0,4.46,4.55,7.33,16.83,3.5,40.0,15.2,14.85,175749.0,8.0,148342,6.27,6.65,15.02,C,,,,C,5.87
67706,9465241,,,,,2019-03-01,60.0,Container,71.71,,0.0,71.71,223.3,,0.0,223.3,58.48,9.64,3.59,182.11,,0.0,30.02,,0.0,11.18,,0.0,182.11,30.02,11.18,191.0,23.7,27.4,6.52,6.63,5.67,25.87,5.07,90.0,15.6,15.6,183713.0,126.0,148342,7.88,6.66,15.6,E,,,,E,5.87
67707,9465241,,,,,2019-03-02,61.0,Container,146.46,,0.0,146.46,456.08,,0.0,456.08,136.58,9.88,0.0,425.31,,0.0,30.77,,0.0,0.0,,0.0,425.31,30.77,0.0,461.0,24.0,24.7,19.21,19.21,12.0,73.9,14.0,70.0,15.6,15.6,183713.0,154.0,148342,6.67,6.66,15.6,D,,,,D,5.87
67708,9465241,,,,,2019-03-03,62.0,Container,148.38,,0.0,148.38,462.06,,0.0,462.06,138.22,10.16,0.0,430.42,,0.0,31.64,,0.0,0.0,,0.0,430.42,31.64,0.0,476.0,24.0,24.4,19.42,19.83,25.0,74.2,11.6,40.0,15.6,15.6,183713.0,81.0,148342,6.54,6.66,15.6,D,,,,D,5.87
67709,9465241,,,,,2019-03-04,63.0,Container,151.03,,0.0,151.03,470.31,,0.0,470.31,141.3,9.73,0.0,440.01,,0.0,30.3,,0.0,0.0,,0.0,440.01,30.3,0.0,444.0,22.5,22.5,19.47,19.73,20.0,76.6,14.8,40.0,15.6,15.6,183713.0,102.0,148342,7.14,6.67,15.6,E,,,,E,5.87
67710,9465241,,,,,2019-03-05,64.0,Container,151.94,,0.0,151.94,473.14,,0.0,473.14,141.79,10.15,0.0,441.53,,0.0,31.61,,0.0,0.0,,0.0,441.53,31.61,0.0,471.0,24.0,24.0,19.29,19.63,22.0,75.0,13.5,40.0,15.6,15.6,183713.0,103.0,148342,6.77,6.67,15.6,D,,,,D,5.87
67711,9465241,,,,,2019-03-06,65.0,Container,151.23,,0.0,151.23,470.93,,0.0,470.93,141.42,9.81,0.0,440.38,,0.0,30.55,,0.0,0.0,,0.0,440.38,30.55,0.0,448.0,23.0,23.7,19.52,19.48,25.0,76.0,15.3,40.0,15.6,15.6,183713.0,106.0,148342,7.09,6.68,15.6,E,,,,E,5.87
67712,9465241,,,,,2019-03-07,66.0,Container,110.11,,0.0,110.11,342.88,,0.0,342.88,94.43,14.09,1.59,294.06,,0.0,43.88,,0.0,4.95,,0.0,294.06,43.88,4.95,415.0,27.0,38.6,8.25,8.29,5.0,31.1,5.9,60.0,15.6,15.6,183713.0,52.0,148342,5.57,6.66,15.6,C,,,,C,5.87
67714,9465241,,,,,2019-03-09,68.0,Container,35.19,,0.0,35.19,109.58,,0.0,109.58,21.09,9.86,4.24,65.67,,0.0,30.7,,0.0,13.2,,0.0,65.67,30.7,13.2,85.0,5.1,27.8,5.63,5.63,13.0,22.03,5.07,35.0,14.85,14.85,170953.0,194.0,148342,8.69,6.68,14.85,E,,,,E,5.87
67715,9465241,,,,,2019-03-10,69.0,Container,110.89,,0.0,110.89,345.31,,0.0,345.31,100.35,10.54,0.0,312.49,,0.0,32.82,,0.0,0.0,,0.0,312.49,32.82,0.0,413.0,24.0,24.0,17.21,17.21,20.0,66.3,13.8,50.0,14.85,14.85,170953.0,336.0,148342,5.64,6.66,14.85,C,,,,C,5.87
67716,9465241,,,,,2019-03-11,70.0,Container,116.14,,0.0,116.14,361.66,,0.0,361.66,102.81,12.54,0.79,320.15,,0.0,39.05,,0.0,2.46,,0.0,320.15,39.05,2.46,421.0,26.1,31.9,8.48,8.46,10.0,33.3,7.85,40.0,14.85,14.85,170953.0,45.0,148342,5.79,6.64,14.85,C,,,,C,5.87
67718,9465241,,,,,2019-03-13,72.0,Container,71.7,,0.0,71.7,223.27,,0.0,223.27,54.0,13.74,3.96,168.16,,0.0,42.79,,0.0,12.33,,0.0,168.16,42.79,12.33,171.0,9.1,37.5,7.04,6.99,18.33,25.9,3.47,35.0,14.45,14.15,161732.0,201.0,148342,8.8,6.67,14.3,E,,,,E,5.87
67719,9465241,,,,,2019-03-14,73.0,Container,96.75,,0.0,96.75,301.28,,0.0,301.28,80.38,14.63,1.74,250.3,,0.0,45.56,,0.0,5.42,,0.0,250.3,45.56,5.42,254.0,23.2,36.7,6.29,6.19,10.0,24.57,5.5,20.0,14.45,14.15,161732.0,30.0,148342,8.0,6.69,14.3,E,,,,E,5.87
67720,9465241,,,,,2019-03-15,74.0,Container,25.31,,0.0,25.31,78.82,,0.0,78.82,1.53,17.06,6.72,4.76,,0.0,53.12,,0.0,20.93,,0.0,4.76,53.12,20.93,4.0,5.8,33.3,0.0,0.0,4.0,0.0,0.0,20.0,15.62,15.45,181024.67,62.0,148342,132.83,6.71,15.53,E,,,,E,5.87
67721,9465241,,,,,2019-03-16,75.0,Container,104.84,,0.0,104.84,326.47,,0.0,326.47,94.96,9.88,0.0,295.71,,0.0,30.77,,0.0,0.0,,0.0,295.71,30.77,0.0,323.0,17.7,21.2,18.31,18.25,15.0,71.6,15.5,50.0,16.2,16.1,190671.0,245.0,148342,6.81,6.72,16.15,D,,,,D,5.87
67722,9465241,,,,,2019-03-17,76.0,Container,146.98,,0.0,146.98,457.7,,0.0,457.7,133.25,13.73,0.0,414.94,,0.0,42.76,,0.0,0.0,,0.0,414.94,42.76,0.0,469.0,25.0,25.0,18.72,18.76,26.0,72.6,14.2,40.0,16.2,16.1,190671.0,245.0,148342,6.58,6.71,16.15,D,,,,D,5.87
67723,9465241,,,,,2019-03-18,77.0,Container,156.38,,0.0,156.38,486.97,,0.0,486.97,142.87,13.51,0.0,444.9,,0.0,42.07,,0.0,0.0,,0.0,444.9,42.07,0.0,450.0,24.0,24.0,18.96,18.75,15.0,75.2,16.4,50.0,16.2,16.1,190671.0,249.0,148342,7.3,6.73,16.15,E,,,,E,5.87
67724,9465241,,,,,2019-03-19,78.0,Container,139.5,,0.0,139.5,434.4,,0.0,434.4,124.95,14.55,0.0,389.09,,0.0,45.31,,0.0,0.0,,0.0,389.09,45.31,0.0,481.0,25.0,25.0,18.52,19.24,10.0,71.0,10.1,100.0,16.2,16.1,190671.0,309.0,148342,6.09,6.71,16.15,C,,,,C,5.87
67725,9465241,,,,,2019-03-20,79.0,Container,179.41,,0.0,179.41,558.68,,0.0,558.68,158.58,20.83,0.0,493.82,,0.0,64.86,,0.0,0.0,,0.0,493.82,64.86,0.0,606.0,34.5,40.0,17.48,17.48,20.0,67.5,14.05,50.0,16.15,16.05,190671.0,187.0,148342,6.21,6.7,16.1,C,,,,C,5.87
67726,9465241,,,,,2019-03-21,80.0,Container,24.2,,0.0,24.2,75.36,,0.0,75.36,12.26,9.8,2.14,38.18,,0.0,30.52,,0.0,6.66,,0.0,38.18,30.52,6.66,58.0,12.5,25.0,4.27,4.27,11.25,14.58,0.7,40.0,15.88,15.62,185515.5,138.0,148342,8.76,6.7,15.75,E,,,,E,5.87
67727,9465241,,,,,2019-03-22,81.0,Container,151.78,,0.0,151.78,472.64,,0.0,472.64,132.64,19.14,0.0,413.04,,0.0,59.6,,0.0,0.0,,0.0,413.04,59.6,0.0,539.0,33.0,35.4,16.05,16.05,36.0,64.35,17.25,10.0,15.8,15.5,183797.0,322.0,148342,5.91,6.68,15.65,C,,,,C,5.87
67728,9465241,,,,,2019-03-23,82.0,Container,39.66,,0.0,39.66,123.5,,0.0,123.5,19.99,15.23,4.44,62.25,,0.0,47.43,,0.0,13.83,,0.0,62.25,47.43,13.83,112.0,12.7,49.0,0.0,0.0,20.0,0.0,0.0,30.0,15.8,15.5,183797.0,304.0,148342,7.43,6.69,15.65,E,,,,E,5.87
67729,9465241,,,,,2019-03-24,83.0,Container,97.87,,0.0,97.87,304.77,,0.0,304.77,88.43,9.44,0.0,275.37,,0.0,29.4,,0.0,0.0,,0.0,275.37,29.4,0.0,320.0,18.6,18.6,17.2,17.2,35.0,67.7,15.7,35.0,15.8,15.5,183797.0,288.0,148342,6.42,6.68,15.65,D,,,,D,5.87
67730,9465241,,,,,2019-03-25,84.0,Container,128.14,,0.0,128.14,399.03,,0.0,399.03,115.68,12.46,0.0,360.23,,0.0,38.8,,0.0,0.0,,0.0,360.23,38.8,0.0,424.0,24.0,24.0,17.5,17.67,32.0,68.3,14.1,30.0,15.8,15.5,183797.0,288.0,148342,6.34,6.68,15.65,D,,,,D,5.87
67731,9465241,,,,,2019-03-26,85.0,Container,142.88,,0.0,142.88,444.93,,0.0,444.93,124.22,18.66,0.0,386.82,,0.0,58.11,,0.0,0.0,,0.0,386.82,58.11,0.0,432.0,25.0,25.5,17.2,17.28,40.0,69.7,17.8,30.0,15.8,15.5,183797.0,299.0,148342,6.94,6.68,15.65,D,,,,D,5.87
67732,9465241,,,,,2019-03-27,86.0,Container,148.78,,0.0,148.78,463.3,,0.0,463.3,140.43,7.97,0.38,437.3,,0.0,24.82,,0.0,1.18,,0.0,437.3,24.82,1.18,417.0,24.6,29.9,8.76,8.82,10.0,36.25,9.6,50.0,15.8,15.5,183797.0,147.0,148342,7.49,6.7,15.65,E,,,,E,5.87
67733,9465241,,,,,2019-03-28,87.0,Container,21.07,,16.7,37.77,65.61,,53.54,119.15,17.46,14.11,6.2,54.37,,0.0,11.24,,33.66,0.0,,19.88,54.37,44.9,19.88,76.0,22.3,29.1,4.79,4.93,9.0,18.53,3.9,60.0,15.3,15.0,177288.0,139.0,148342,10.57,6.71,15.15,E,,,,E,5.87
67734,9465241,,,,,2019-03-29,88.0,Container,42.64,,0.0,42.64,132.78,,0.0,132.78,28.77,12.51,1.36,89.59,,0.0,38.96,,0.0,4.24,,0.0,89.59,38.96,4.24,251.0,24.0,24.0,10.33,10.46,9.0,39.3,11.8,160.0,15.3,15.0,177288.0,222.0,148342,3.57,6.68,15.15,A,,,,A,5.87
67735,9465241,,,,,2019-03-30,89.0,Container,57.19,,0.0,57.19,178.09,,0.0,178.09,38.71,13.29,5.19,120.54,,0.0,41.39,,0.0,16.16,,0.0,120.54,41.39,16.16,305.0,25.0,25.0,12.4,12.2,15.0,46.2,12.3,40.0,15.3,15.0,177288.0,289.0,148342,3.94,6.64,15.15,A,,,,A,5.87
67736,9465241,,,,,2019-03-31,90.0,Container,37.4,,0.0,37.4,116.46,,0.0,116.46,19.44,13.16,4.8,60.54,,0.0,40.98,,0.0,14.95,,0.0,60.54,40.98,14.95,164.0,18.8,30.6,3.29,3.33,1.67,12.73,4.4,170.0,15.3,15.0,177288.0,3.33,148342,4.79,6.63,15.15,A,,,,A,5.87
67737,9465241,,,,,2019-04-01,91.0,Container,45.37,,9.6,54.97,141.28,,30.78,172.06,42.14,9.43,3.4,131.22,,0.0,10.06,,19.88,0.0,,10.9,131.22,29.94,10.9,141.0,6.4,27.5,7.57,7.68,15.0,26.07,0.87,37.5,12.85,11.35,132189.0,101.0,148342,8.23,6.64,12.1,E,,,,E,5.87
67738,9465241,,,,,2019-04-02,92.0,Container,180.68,,0.0,180.68,562.64,,0.0,562.64,169.18,11.5,0.0,526.83,,0.0,35.81,,0.0,0.0,,0.0,526.83,35.81,0.0,492.0,24.0,24.7,20.29,20.5,35.0,78.5,13.7,130.0,12.85,11.35,132189.0,28.0,148342,7.71,6.66,12.1,E,,,,E,5.87
67739,9465241,,,,,2019-04-03,93.0,Container,145.72,,24.35,170.07,453.77,,78.07,531.84,154.12,15.15,0.8,415.16,,66.68,36.12,,11.38,2.49,,0.0,481.84,47.5,2.49,500.0,27.7,35.5,12.06,12.03,10.33,46.27,9.33,60.0,12.85,11.35,132189.0,113.67,148342,7.17,6.67,12.1,E,,,,E,5.87
67741,9465241,,,,,2019-04-05,95.0,Container,23.4,,0.0,23.4,72.87,,0.0,72.87,14.3,6.4,2.7,44.53,,0.0,19.93,,0.0,8.41,,0.0,44.53,19.93,8.41,104.0,11.4,15.8,2.76,2.87,13.0,10.93,5.4,30.0,12.1,10.9,123238.0,65.67,148342,4.72,6.68,11.5,A,,,,A,5.87
67742,9465241,,,,,2019-04-06,96.0,Container,34.6,,0.0,34.6,107.74,,0.0,107.74,8.6,18.1,7.9,26.78,,0.0,56.36,,0.0,24.6,,0.0,26.78,56.36,24.6,24.0,14.7,46.0,0.0,0.0,3.0,0.0,0.0,40.0,11.27,9.98,111813.5,4.0,148342,30.26,6.7,8.5,E,,,,E,5.87
67743,9465241,,,,,2019-04-07,97.0,Container,67.1,,0.0,67.1,208.95,,0.0,208.95,55.1,10.2,1.8,171.58,,0.0,31.76,,0.0,5.61,,0.0,171.58,31.76,5.61,292.0,20.5,32.3,11.61,12.25,15.0,42.87,3.83,40.0,10.45,9.05,100389.0,52.67,148342,4.82,6.68,9.75,A,,,,A,5.87
67745,9465241,,,,,2019-04-09,99.0,Container,107.8,,0.0,107.8,335.69,,0.0,335.69,93.6,12.0,2.2,291.47,,0.0,37.37,,0.0,6.85,,0.0,291.47,37.37,6.85,428.0,25.2,42.6,8.4,8.44,8.75,29.92,2.8,96.67,11.4,9.8,109094.0,164.75,148342,5.29,6.67,10.6,B,,,,B,5.87
67747,9465241,,,,,2019-04-11,101.0,Container,48.0,,0.0,48.0,149.47,,0.0,149.47,27.7,14.6,5.7,86.26,,0.0,45.46,,0.0,17.75,,0.0,86.26,45.46,17.75,93.0,7.2,45.3,4.0,4.0,11.25,16.32,4.7,35.0,13.58,13.18,147395.0,11.75,148342,10.83,6.69,13.38,E,,,,E,5.87
67748,9465241,,,,,2019-04-12,102.0,Container,8.6,,0.0,8.6,26.78,,0.0,26.78,0.7,5.4,2.5,2.18,,0.0,16.82,,0.0,7.78,,0.0,2.18,16.82,7.78,15.0,12.2,13.9,0.0,0.0,0.0,0.0,0.0,0.0,14.3,14.3,160162.0,0.0,148342,12.04,6.69,14.3,E,,,,E,5.87
67749,9465241,,,,,2019-04-13,103.0,Container,22.7,,0.0,22.7,70.69,,0.0,70.69,5.7,11.5,5.5,17.75,,0.0,35.81,,0.0,17.13,,0.0,17.75,35.81,17.13,16.0,2.9,30.3,0.0,0.0,0.0,0.0,0.0,0.0,14.25,14.2,160162.0,0.0,148342,29.78,6.71,14.23,E,,,,E,5.87
67750,9465241,,,,,2019-04-14,104.0,Container,18.9,,0.0,18.9,58.85,,0.0,58.85,3.6,10.6,4.7,11.21,,0.0,33.01,,0.0,14.64,,0.0,11.21,33.01,14.64,8.0,23.0,27.7,0.0,0.0,5.0,0.0,0.0,60.0,15.55,15.55,181664.0,90.0,148342,49.59,6.72,10.37,E,,,,E,5.87
67751,9465241,,,,,2019-04-15,105.0,Container,95.3,,0.0,95.3,296.76,,0.0,296.76,85.5,9.7,0.1,266.25,,0.0,30.21,,0.0,0.31,,0.0,266.25,30.21,0.31,351.0,21.5,25.0,16.33,16.33,26.1,63.7,14.9,70.0,15.55,15.55,181664.0,244.0,148342,5.7,6.7,15.55,C,,,,C,5.87
67752,9465241,,,,,2019-04-16,106.0,Container,124.78,,0.0,124.78,388.56,,0.0,388.56,113.73,10.91,0.14,354.16,,0.0,33.97,,0.0,0.44,,0.0,354.16,33.97,0.44,403.0,24.0,24.3,16.79,16.79,42.0,68.2,18.3,20.0,15.55,15.55,181664.0,208.0,148342,6.5,6.7,15.55,D,,,,D,5.87
67753,9465241,,,,,2019-04-17,107.0,Container,125.21,,0.0,125.21,389.9,,0.0,389.9,113.93,11.28,0.0,354.78,,0.0,35.13,,0.0,0.0,,0.0,354.78,35.13,0.0,408.0,24.0,24.7,16.67,17.0,40.0,68.0,17.1,30.0,15.55,15.55,181664.0,165.0,148342,6.44,6.7,15.55,D,,,,D,5.87
67754,9465241,,,,,2019-04-18,108.0,Container,105.29,,0.0,105.29,327.87,,0.0,327.87,94.17,11.12,0.0,293.25,,0.0,34.63,,0.0,0.0,,0.0,293.25,34.63,0.0,412.0,24.0,24.0,16.79,17.17,4.0,65.2,12.6,80.0,15.55,15.55,181664.0,79.0,148342,5.36,6.68,15.55,B,,,,B,5.87
67755,9465241,,,,,2019-04-19,109.0,Container,97.0,,0.0,97.0,302.06,,0.0,302.06,85.35,11.65,0.0,265.78,,0.0,36.28,,0.0,0.0,,0.0,265.78,36.28,0.0,406.0,24.0,24.0,16.63,16.92,17.0,63.1,11.1,50.0,15.55,15.55,181664.0,84.0,148342,5.02,6.66,15.55,B,,,,B,5.87
67756,9465241,,,,,2019-04-20,110.0,Container,111.0,,0.0,111.0,345.65,,0.0,345.65,99.2,11.63,0.17,308.91,,0.0,36.22,,0.0,0.53,,0.0,308.91,36.22,0.53,396.0,24.0,24.9,16.42,16.5,42.0,65.0,15.7,0.0,15.55,15.55,181664.0,109.0,148342,5.88,6.65,15.55,C,,,,C,5.87
67757,9465241,,,,,2019-04-21,111.0,Container,113.59,,0.0,113.59,353.72,,0.0,353.72,102.25,11.34,0.0,318.41,,0.0,35.31,,0.0,0.0,,0.0,318.41,35.31,0.0,406.0,24.0,24.0,16.75,16.92,35.0,66.4,15.5,20.0,15.55,15.55,181664.0,106.0,148342,5.87,6.64,15.55,C,,,,C,5.87
67758,9465241,,,,,2019-04-22,112.0,Container,134.46,,0.0,134.46,418.71,,0.0,418.71,118.37,16.09,0.0,368.6,,0.0,50.1,,0.0,0.0,,0.0,368.6,50.1,0.0,544.0,32.5,32.8,16.12,16.46,13.0,62.05,11.9,30.0,15.55,15.55,181664.0,120.5,148342,5.19,6.61,15.55,B,,,,B,5.87
67759,9465241,,,,,2019-04-23,113.0,Container,38.05,,0.0,38.05,118.49,,0.0,118.49,22.64,11.15,4.26,70.5,,0.0,34.72,,0.0,13.27,,0.0,70.5,34.72,13.27,115.0,12.8,35.5,0.0,0.0,15.0,0.0,0.0,40.0,15.55,15.55,181664.0,150.0,148342,6.95,6.61,15.55,D,,,,D,5.87
67760,9465241,,,,,2019-04-24,114.0,Container,198.71,,0.0,198.71,618.78,,0.0,618.78,182.69,16.02,0.0,568.9,,0.0,49.89,,0.0,0.0,,0.0,568.9,49.89,0.0,584.0,29.1,30.2,19.69,19.74,19.0,75.55,13.3,45.0,15.55,15.55,181664.0,83.5,148342,7.14,6.62,15.55,E,,,,E,5.87
67761,9465241,,,,,2019-04-25,115.0,Container,18.87,,0.0,18.87,58.76,,0.0,58.76,5.7,9.58,3.59,17.75,,0.0,29.83,,0.0,11.18,,0.0,17.75,29.83,11.18,24.0,16.7,25.8,0.0,0.0,4.5,0.0,0.0,40.0,15.62,15.62,183491.0,51.25,148342,16.5,6.63,15.62,E,,,,E,5.87
67762,9465241,,,,,2019-04-26,116.0,Container,101.84,,0.0,101.84,317.13,,0.0,317.13,92.01,9.83,0.0,286.52,,0.0,30.61,,0.0,0.0,,0.0,286.52,30.61,0.0,359.0,20.5,22.8,17.56,17.51,20.0,66.1,12.1,50.0,15.7,15.7,185318.0,107.0,148342,5.95,6.62,15.7,C,,,,C,5.87
67763,9465241,,,,,2019-04-27,117.0,Container,144.97,,0.0,144.97,451.44,,0.0,451.44,134.08,10.89,0.0,417.53,,0.0,33.91,,0.0,0.0,,0.0,417.53,33.91,0.0,399.0,23.0,23.0,17.57,17.35,55.0,73.2,21.4,40.0,15.7,15.7,185318.0,116.0,148342,7.63,6.63,15.7,E,,,,E,5.87
67764,9465241,,,,,2019-04-28,118.0,Container,138.39,,0.0,138.39,430.95,,0.0,430.95,127.03,11.24,0.12,395.57,,0.0,35.0,,0.0,0.37,,0.0,395.57,35.0,0.37,443.0,24.0,24.0,18.42,18.46,20.0,72.3,15.4,50.0,15.7,15.7,185318.0,81.0,148342,6.56,6.63,15.7,D,,,,D,5.87
67765,9465241,,,,,2019-04-29,119.0,Container,128.52,,0.0,128.52,400.21,,0.0,400.21,117.76,10.76,0.0,366.7,,0.0,33.51,,0.0,0.0,,0.0,366.7,33.51,0.0,431.0,23.0,23.0,18.61,18.74,15.0,71.6,13.1,50.0,15.7,15.7,185318.0,101.0,148342,6.26,6.63,15.7,C,,,,C,5.87
67766,9465241,,,,,2019-04-30,120.0,Container,142.73,,0.0,142.73,444.46,,0.0,444.46,131.32,11.41,0.0,408.93,,0.0,35.53,,0.0,0.0,,0.0,408.93,35.53,0.0,454.0,24.0,24.0,18.79,18.92,15.0,73.8,15.0,40.0,15.7,15.7,185318.0,103.0,148342,6.6,6.63,15.7,D,,,,D,5.87
67767,9465241,,,,,2019-05-01,121.0,Container,120.6,,0.0,120.6,375.55,,0.0,375.55,109.3,11.1,0.2,340.36,,0.0,34.57,,0.0,0.62,,0.0,340.36,34.57,0.62,431.0,23.5,23.5,18.17,18.34,10.0,69.4,12.6,50.0,15.7,15.7,185318.0,105.0,148342,5.87,6.62,15.7,C,,,,C,5.87
67768,9465241,,,,,2019-05-02,122.0,Container,103.8,,0.0,103.8,323.23,,0.0,323.23,89.7,13.2,0.9,279.33,,0.0,41.1,,0.0,2.8,,0.0,279.33,41.1,2.8,381.0,23.2,33.8,8.66,8.76,7.5,33.2,6.4,50.0,15.7,15.7,185318.0,55.0,148342,5.72,6.61,15.7,C,,,,C,5.87
67769,9465241,,,,,2019-05-03,123.0,Container,24.5,,0.0,24.5,76.29,,0.0,76.29,3.4,14.3,6.8,10.59,,0.0,44.53,,0.0,21.18,,0.0,10.59,44.53,21.18,6.0,28.9,36.2,0.0,0.0,0.0,0.0,0.0,0.0,14.5,14.5,166512.0,0.0,148342,85.71,6.62,14.5,E,,,,E,5.87
67770,9465241,,,,,2019-05-04,124.0,Container,51.4,,0.0,51.4,160.06,,0.0,160.06,41.8,7.8,1.8,130.17,,0.0,24.29,,0.0,5.61,,0.0,130.17,24.29,5.61,156.0,10.0,19.3,8.1,8.1,25.0,32.4,8.45,30.0,13.9,13.9,157109.0,298.0,148342,6.92,6.62,13.9,D,,,,D,5.87
67771,9465241,,,,,2019-05-05,125.0,Container,108.2,,0.0,108.2,336.93,,0.0,336.93,97.3,10.9,0.0,302.99,,0.0,33.94,,0.0,0.0,,0.0,302.99,33.94,0.0,394.0,24.0,24.0,16.54,16.42,31.0,64.9,16.1,2.0,13.9,13.9,157109.0,337.0,148342,5.76,6.61,13.9,C,,,,C,5.87
67772,9465241,,,,,2019-05-06,126.0,Container,90.1,,0.0,90.1,280.57,,0.0,280.57,75.6,13.4,1.1,235.42,,0.0,41.73,,0.0,3.43,,0.0,235.42,41.73,3.43,353.0,24.5,30.3,7.7,7.63,10.0,30.25,8.15,60.0,13.9,13.9,157109.0,12.5,148342,5.36,6.6,13.9,B,,,,B,5.87
67773,9465241,,,,,2019-05-07,127.0,Container,29.0,,0.0,29.0,90.31,,0.0,90.31,4.6,17.1,7.3,14.32,,0.0,53.25,,0.0,22.73,,0.0,14.32,53.25,22.73,15.0,33.7,39.7,0.0,0.0,8.33,0.0,0.0,5.0,13.63,13.43,152143.67,92.0,148342,40.59,6.62,13.53,E,,,,E,5.87
67774,9465241,,,,,2019-05-08,128.0,Container,53.5,,0.0,53.5,166.6,,0.0,166.6,47.0,6.5,0.0,146.36,,0.0,20.24,,0.0,0.0,,0.0,146.36,20.24,0.0,210.0,12.5,12.5,16.64,16.8,20.0,63.3,12.0,50.0,13.5,13.2,149661.0,324.0,148342,5.35,6.61,13.35,B,,,,B,5.87
67775,9465241,,,,,2019-05-09,129.0,Container,56.6,,0.0,56.6,176.25,,0.0,176.25,41.3,13.0,2.3,128.61,,0.0,40.48,,0.0,7.16,,0.0,128.61,40.48,7.16,196.0,23.0,29.3,5.07,5.12,5.0,20.1,5.13,80.0,13.5,13.2,149661.0,31.33,148342,6.06,6.61,13.35,C,,,,C,5.87
67776,9465241,,,,,2019-05-10,130.0,Container,31.9,,0.0,31.9,99.34,,0.0,99.34,14.8,12.9,4.2,46.09,,0.0,40.17,,0.0,13.08,,0.0,46.09,40.17,13.08,68.0,23.6,30.7,6.25,6.46,18.33,24.03,3.6,35.0,14.7,14.7,170976.0,150.67,148342,9.85,6.61,14.7,E,,,,E,5.87
67777,9465241,,,,,2019-05-11,131.0,Container,129.8,,0.0,129.8,404.2,,0.0,404.2,117.6,12.2,0.0,366.21,,0.0,37.99,,0.0,0.0,,0.0,366.21,37.99,0.0,431.0,24.0,24.1,17.88,17.96,35.0,69.7,14.5,10.0,14.7,14.7,170976.0,245.0,148342,6.32,6.61,14.7,D,,,,D,5.87
67778,9465241,,,,,2019-05-12,132.0,Container,124.8,,0.0,124.8,388.63,,0.0,388.63,111.9,12.9,0.0,348.46,,0.0,40.17,,0.0,0.0,,0.0,348.46,40.17,0.0,449.0,25.5,25.5,17.53,17.61,21.2,67.8,13.8,10.0,14.7,14.7,170976.0,241.0,148342,5.83,6.6,14.7,C,,,,C,5.87
67779,9465241,,,,,2019-05-13,133.0,Container,121.1,,0.0,121.1,377.11,,0.0,377.11,109.0,12.1,0.0,339.43,,0.0,37.68,,0.0,0.0,,0.0,339.43,37.68,0.0,433.0,24.0,24.0,18.17,18.04,5.0,68.8,13.0,40.0,14.7,14.7,170976.0,248.0,148342,5.87,6.59,14.7,C,,,,C,5.87
67780,9465241,,,,,2019-05-14,134.0,Container,99.9,,0.0,99.9,311.09,,0.0,311.09,85.6,14.3,0.0,266.56,,0.0,44.53,,0.0,0.0,,0.0,266.56,44.53,0.0,444.0,25.0,25.0,17.68,17.76,10.0,62.7,6.1,120.0,14.7,14.7,170976.0,332.0,148342,4.72,6.57,14.7,A,,,,A,5.87
67781,9465241,,,,,2019-05-15,135.0,Container,121.2,,0.0,121.2,377.42,,0.0,377.42,100.2,20.3,0.7,312.02,,0.0,63.21,,0.0,2.18,,0.0,312.02,63.21,2.18,526.0,32.6,46.5,10.91,10.99,11.33,40.3,6.37,35.0,14.7,14.7,170976.0,124.67,148342,4.84,6.55,14.7,A,,,,A,5.87
67782,9465241,,,,,2019-05-16,136.0,Container,11.6,,0.0,11.6,36.12,,0.0,36.12,1.0,7.9,2.7,3.11,,0.0,24.6,,0.0,8.41,,0.0,3.11,24.6,8.41,3.0,14.0,18.0,0.0,0.0,7.5,0.0,0.0,120.0,12.95,12.95,144149.0,102.0,148342,81.16,6.55,12.95,E,,,,E,5.87
67783,9465241,,,,,2019-05-17,137.0,Container,156.6,,0.0,156.6,487.65,,0.0,487.65,139.9,16.5,0.2,435.65,,0.0,51.38,,0.0,0.62,,0.0,435.65,51.38,0.62,581.0,32.5,34.6,17.78,17.78,28.0,67.35,17.85,15.0,12.95,12.95,144149.0,160.5,148342,5.66,6.54,12.95,C,,,,C,5.87
67784,9465241,,,,,2019-05-18,138.0,Container,31.3,,0.0,31.3,97.47,,0.0,97.47,15.3,12.4,3.6,47.64,,0.0,38.61,,0.0,11.21,,0.0,47.64,38.61,11.21,110.0,12.4,39.6,0.0,0.0,18.0,0.0,0.0,40.0,12.95,12.95,144149.0,318.0,148342,5.97,6.54,12.95,C,,,,C,5.87
67785,9465241,,,,,2019-05-19,139.0,Container,89.0,,0.0,89.0,277.15,,0.0,277.15,80.0,8.9,0.1,249.12,,0.0,27.71,,0.0,0.31,,0.0,249.12,27.71,0.31,333.0,18.6,19.7,17.8,17.9,20.0,66.7,11.0,60.0,12.95,12.95,144149.0,287.0,148342,5.61,6.53,12.95,C,,,,C,5.87
67786,9465241,,,,,2019-05-20,140.0,Container,111.8,,0.0,111.8,348.15,,0.0,348.15,100.3,11.5,0.0,312.33,,0.0,35.81,,0.0,0.0,,0.0,312.33,35.81,0.0,426.0,24.0,24.0,17.67,17.75,25.0,66.6,11.6,50.0,12.95,12.95,144149.0,287.0,148342,5.51,6.52,12.95,B,,,,B,5.87
67787,9465241,,,,,2019-05-21,141.0,Container,113.4,,0.0,113.4,353.13,,0.0,353.13,102.5,10.9,0.0,319.18,,0.0,33.94,,0.0,0.0,,0.0,319.18,33.94,0.0,425.0,24.0,24.0,17.71,17.71,19.0,66.7,11.9,60.0,12.95,12.95,144149.0,300.0,148342,5.6,6.51,12.95,C,,,,C,5.87
67788,9465241,,,,,2019-05-22,142.0,Container,108.4,,7.5,115.9,337.56,,24.04,361.6,94.0,19.1,2.8,292.72,,0.0,42.35,,17.63,2.49,,6.41,292.72,59.98,8.9,414.0,34.8,45.0,5.88,5.89,6.67,22.13,4.03,50.0,12.52,12.52,138308.33,97.0,148342,5.89,6.5,12.52,C,,,,C,5.87
67789,9465241,,,,,2019-05-23,143.0,Container,47.5,,0.2,47.7,147.92,,0.64,148.56,41.2,6.3,0.2,128.3,,0.0,19.62,,0.0,0.0,,0.64,128.3,19.62,0.64,194.0,12.0,14.1,8.33,8.33,20.0,30.6,4.85,50.0,11.65,11.65,126627.0,210.5,148342,5.16,6.5,11.65,B,,,,B,5.87
67790,9465241,,,,,2019-05-24,144.0,Container,103.2,,0.0,103.2,321.36,,0.0,321.36,91.9,11.3,0.0,286.18,,0.0,35.19,,0.0,0.0,,0.0,286.18,35.19,0.0,384.0,24.0,24.0,16.0,16.0,35.0,63.7,16.7,22.0,11.65,11.65,126627.0,289.0,148342,5.64,6.49,11.65,C,,,,C,5.87
67792,9465241,,,,,2019-05-26,146.0,Container,109.1,,0.0,109.1,339.74,,0.0,339.74,96.9,11.7,0.5,301.75,,0.0,36.43,,0.0,1.56,,0.0,301.75,36.43,1.56,395.0,24.0,31.1,16.46,16.46,20.0,64.3,15.0,60.0,11.65,11.65,126627.0,40.0,148342,5.8,6.48,11.65,C,,,,C,5.87
67793,9465241,,,,,2019-05-27,147.0,Container,88.8,,0.0,88.8,276.52,,0.0,276.52,72.4,15.3,1.1,225.45,,0.0,47.64,,0.0,3.43,,0.0,225.45,47.64,3.43,361.0,25.5,33.6,7.55,7.59,5.0,29.0,6.6,60.0,11.88,11.88,126627.0,56.0,148342,5.16,6.47,11.88,B,,,,B,5.87
67794,9465241,,,,,2019-05-28,148.0,Container,47.8,,0.0,47.8,148.85,,0.0,148.85,27.3,15.2,5.3,85.01,,0.0,47.33,,0.0,16.5,,0.0,85.01,47.33,16.5,192.0,30.7,35.9,5.46,5.49,10.5,21.4,7.48,83.33,10.7,10.7,113304.0,173.5,148342,5.23,6.46,10.7,B,,,,B,5.87
67795,9465241,,,,,2019-05-29,149.0,Container,17.6,,0.0,17.6,54.81,,0.0,54.81,5.9,8.2,3.5,18.37,,0.0,25.53,,0.0,10.9,,0.0,18.37,25.53,10.9,40.0,14.8,25.3,0.0,0.0,0.0,0.0,0.0,0.0,10.7,10.7,113304.0,0.0,148342,9.24,6.47,10.7,E,,,,E,5.87
67796,9465241,,,,,2019-05-30,150.0,Container,24.5,,0.0,24.5,76.29,,0.0,76.29,12.4,6.9,5.2,38.61,,0.0,21.49,,0.0,16.19,,0.0,38.61,21.49,16.19,90.0,21.8,33.2,2.42,2.42,10.75,8.9,2.48,40.0,10.45,10.45,110588.0,45.0,148342,5.71,6.47,10.45,C,,,,C,5.87
67797,9465241,,,,,2019-05-31,151.0,Container,29.8,,0.0,29.8,92.8,,0.0,92.8,5.9,16.0,7.9,18.37,,0.0,49.82,,0.0,24.6,,0.0,18.37,49.82,24.6,20.0,3.4,42.0,0.0,0.0,0.0,0.0,0.0,0.0,10.45,10.45,110588.0,0.0,148342,31.28,6.48,10.45,E,,,,E,5.87
67798,9465241,,,,,2019-06-01,152.0,Container,71.8,,0.0,71.8,223.59,,0.0,223.59,58.4,10.6,2.8,181.86,,0.0,33.01,,0.0,8.72,,0.0,181.86,33.01,8.72,208.0,21.8,29.8,8.85,8.88,13.75,31.65,3.4,40.0,10.5,8.3,95514.0,115.0,148342,7.25,6.48,9.4,E,,,,E,5.87
67799,9465241,,,,,2019-06-02,153.0,Container,23.7,,0.0,23.7,73.8,,0.0,73.8,13.7,8.1,1.9,42.66,,0.0,25.22,,0.0,5.92,,0.0,42.66,25.22,5.92,98.0,13.3,25.9,0.0,0.0,0.0,0.0,0.0,0.0,10.5,8.3,95514.0,0.0,148342,5.08,6.48,9.4,B,,,,B,5.87
67800,9465241,,,,,2019-06-03,154.0,Container,29.5,,0.0,29.5,91.86,,0.0,91.86,15.3,10.6,3.6,47.64,,0.0,33.01,,0.0,11.21,,0.0,47.64,33.01,11.21,82.0,23.6,33.7,0.0,0.0,10.0,0.0,0.0,15.0,10.4,10.4,106509.0,139.0,148342,7.55,6.48,10.4,E,,,,E,5.87
67801,9465241,,,,,2019-06-04,155.0,Container,38.5,,0.0,38.5,119.89,,0.0,119.89,24.1,11.7,2.7,75.05,,0.0,36.43,,0.0,8.41,,0.0,75.05,36.43,8.41,238.0,24.9,26.0,8.33,8.33,13.5,31.3,11.3,115.0,10.4,10.4,106509.0,189.0,148342,3.4,6.46,10.4,A,,,,A,5.87
67802,9465241,,,,,2019-06-05,156.0,Container,38.2,,0.0,38.2,118.95,,0.0,118.95,23.2,10.9,4.1,72.24,,0.0,33.94,,0.0,12.77,,0.0,72.24,33.94,12.77,110.0,19.7,33.8,0.0,0.0,0.0,0.0,0.0,0.0,10.4,10.4,106509.0,0.0,148342,7.29,6.47,6.93,E,,,,E,5.87
67804,9465241,,,,,2019-06-07,158.0,Container,44.6,,0.0,44.6,138.88,,0.0,138.88,28.6,11.4,4.6,89.06,,0.0,35.5,,0.0,14.32,,0.0,89.06,35.5,14.32,98.0,22.3,36.3,4.0,4.0,12.25,15.75,3.92,47.5,14.4,14.4,162183.0,15.5,148342,9.55,6.48,14.4,E,,,,E,5.87
67805,9465241,,,,,2019-06-08,159.0,Container,23.6,,0.0,23.6,73.49,,0.0,73.49,4.8,13.8,5.0,14.95,,0.0,42.97,,0.0,15.57,,0.0,14.95,42.97,15.57,28.0,11.4,53.9,0.0,0.0,0.0,0.0,0.0,0.0,14.4,14.4,162183.0,0.0,148342,17.69,6.49,14.4,E,,,,E,5.87
67806,9465241,,,,,2019-06-09,160.0,Container,25.8,,0.0,25.8,80.35,,0.0,80.35,8.8,12.0,5.0,27.4,,0.0,37.38,,0.0,15.57,,0.0,27.4,37.38,15.57,31.0,2.5,44.0,0.0,0.0,6.0,0.0,0.0,2.0,15.35,15.35,179136.0,89.0,148342,17.47,6.49,10.23,E,,,,E,5.87
67807,9465241,,,,,2019-06-10,161.0,Container,145.03,,0.0,145.03,451.62,,0.0,451.62,134.2,10.73,0.1,417.9,,0.0,33.41,,0.0,0.31,,0.0,417.9,33.41,0.31,443.0,23.9,29.1,18.49,18.54,20.0,71.2,13.7,45.0,15.35,15.35,179136.0,208.0,148342,6.87,6.5,15.35,D,,,,D,5.87
67808,9465241,,,,,2019-06-11,162.0,Container,131.4,,0.0,131.4,409.18,,0.0,409.18,121.4,10.0,0.0,378.04,,0.0,31.14,,0.0,0.0,,0.0,378.04,31.14,0.0,461.0,24.0,24.9,19.21,19.21,8.0,71.3,10.6,100.0,15.35,15.35,179136.0,180.0,148342,5.98,6.49,15.35,C,,,,C,5.87
67809,9465241,,,,,2019-06-12,163.0,Container,135.2,,0.0,135.2,421.01,,0.0,421.01,125.0,10.2,0.0,389.25,,0.0,31.76,,0.0,0.0,,0.0,389.25,31.76,0.0,455.0,24.0,24.0,18.79,18.96,35.0,72.3,13.0,40.0,15.35,15.35,179136.0,90.0,148342,6.24,6.49,15.35,C,,,,C,5.87
67810,9465241,,,,,2019-06-13,164.0,Container,145.4,,0.0,145.4,452.78,,0.0,452.78,134.9,10.5,0.0,420.08,,0.0,32.7,,0.0,0.0,,0.0,420.08,32.7,0.0,455.0,24.0,26.8,18.79,18.96,45.0,73.3,14.1,10.0,15.35,15.35,179136.0,79.0,148342,6.71,6.49,15.35,D,,,,D,5.87
67811,9465241,,,,,2019-06-14,165.0,Container,155.9,,0.0,155.9,485.47,,0.0,485.47,145.3,10.6,0.0,452.46,,0.0,33.01,,0.0,0.0,,0.0,452.46,33.01,0.0,459.0,24.0,24.0,18.88,19.12,35.0,74.5,14.8,40.0,15.35,15.35,179136.0,118.0,148342,7.13,6.5,15.35,E,,,,E,5.87
67812,9465241,,,,,2019-06-15,166.0,Container,146.2,,0.0,146.2,455.27,,0.0,455.27,135.6,10.6,0.0,422.26,,0.0,33.01,,0.0,0.0,,0.0,422.26,33.01,0.0,467.0,24.0,24.0,19.46,19.46,25.0,74.5,13.3,50.0,15.35,15.35,179136.0,106.0,148342,6.57,6.5,15.35,D,,,,D,5.87
67813,9465241,,,,,2019-06-16,167.0,Container,172.2,,0.0,172.2,536.23,,0.0,536.23,158.5,13.4,0.3,493.57,,0.0,41.73,,0.0,0.93,,0.0,493.57,41.73,0.93,567.0,29.3,34.3,19.11,19.38,18.5,73.3,12.25,62.5,15.35,15.35,179136.0,120.5,148342,6.38,6.5,15.35,D,,,,D,5.87
67814,9465241,,,,,2019-06-17,168.0,Container,35.7,,0.0,35.7,111.17,,0.0,111.17,19.1,11.9,4.7,59.48,,0.0,37.06,,0.0,14.64,,0.0,59.48,37.06,14.64,115.0,13.9,40.5,0.0,0.0,15.0,0.0,0.0,30.0,15.35,15.35,179136.0,170.0,148342,6.52,6.5,15.35,D,,,,D,5.87
67815,9465241,,,,,2019-06-18,169.0,Container,70.3,,0.0,70.3,218.91,,0.0,218.91,60.0,10.2,0.1,186.84,,0.0,31.76,,0.0,0.31,,0.0,186.84,31.76,0.31,321.0,20.5,20.8,15.61,15.66,5.0,58.5,11.2,60.0,15.35,15.35,179136.0,141.0,148342,4.6,6.48,15.35,A,,,,A,5.87
67816,9465241,,,,,2019-06-19,170.0,Container,57.6,,0.0,57.6,179.37,,0.0,179.37,43.8,12.9,0.9,136.39,,0.0,40.17,,0.0,2.8,,0.0,136.39,40.17,2.8,282.0,22.0,29.7,4.9,5.06,5.0,18.57,3.2,60.0,15.35,15.35,179136.0,26.67,148342,4.29,6.47,15.35,A,,,,A,5.87
67817,9465241,,,,,2019-06-20,171.0,Container,55.1,,0.0,55.1,171.58,,0.0,171.58,39.9,12.1,3.1,124.25,,0.0,37.68,,0.0,9.65,,0.0,124.25,37.68,9.65,187.0,23.6,29.6,5.7,5.76,12.0,20.73,2.63,45.0,15.45,15.45,180854.0,123.0,148342,6.19,6.47,15.45,C,,,,C,5.87
67818,9465241,,,,,2019-06-21,172.0,Container,98.7,,0.0,98.7,307.35,,0.0,307.35,86.8,11.8,0.1,270.3,,0.0,36.75,,0.0,0.31,,0.0,270.3,36.75,0.31,404.0,24.0,25.7,16.67,16.83,20.0,63.1,11.5,60.0,15.45,15.45,180854.0,156.0,148342,5.13,6.46,15.45,B,,,,B,5.87
67819,9465241,,,,,2019-06-22,173.0,Container,99.9,,0.0,99.9,311.09,,0.0,311.09,87.8,12.1,0.0,273.41,,0.0,37.68,,0.0,0.0,,0.0,273.41,37.68,0.0,410.0,24.0,24.0,16.96,17.08,23.0,63.6,10.9,50.0,15.45,15.45,180854.0,85.0,148342,5.11,6.45,15.45,B,,,,B,5.87
67820,9465241,,,,,2019-06-23,174.0,Container,112.4,,0.0,112.4,350.01,,0.0,350.01,101.2,11.1,0.1,315.14,,0.0,34.57,,0.0,0.31,,0.0,315.14,34.57,0.31,407.0,24.0,24.8,16.71,16.96,23.0,65.0,13.4,80.0,15.45,15.45,180854.0,97.0,148342,5.8,6.44,15.45,C,,,,C,5.87
67821,9465241,,,,,2019-06-24,175.0,Container,92.4,,0.0,92.4,287.73,,0.0,287.73,80.6,11.7,0.1,250.99,,0.0,36.43,,0.0,0.31,,0.0,250.99,36.43,0.31,381.0,23.0,23.0,16.3,16.57,16.0,61.7,11.0,100.0,15.45,15.45,180854.0,100.0,148342,5.09,6.43,15.45,B,,,,B,5.87
67822,9465241,,,,,2019-06-25,176.0,Container,90.4,,0.0,90.4,281.51,,0.0,281.51,78.7,11.7,0.0,245.07,,0.0,36.43,,0.0,0.0,,0.0,245.07,36.43,0.0,386.0,23.0,24.5,16.52,16.78,6.0,62.1,10.3,55.0,15.45,15.45,180854.0,100.0,148342,4.92,6.42,15.45,B,,,,B,5.87
67823,9465241,,,,,2019-06-26,177.0,Container,89.4,,0.0,89.4,278.39,,0.0,278.39,77.6,11.8,0.0,241.65,,0.0,36.75,,0.0,0.0,,0.0,241.65,36.75,0.0,390.0,23.5,23.5,16.38,16.6,1.5,61.7,10.8,34.0,15.45,15.45,180854.0,101.0,148342,4.81,6.41,15.45,A,,,,A,5.87
67824,9465241,,,,,2019-06-27,178.0,Container,76.0,,0.0,76.0,236.66,,0.0,236.66,62.0,13.1,0.9,193.07,,0.0,40.79,,0.0,2.8,,0.0,193.07,40.79,2.8,338.0,22.7,32.7,5.47,5.54,6.67,20.1,2.83,60.0,15.45,15.45,180854.0,34.67,148342,4.72,6.4,15.45,A,,,,A,5.87
67825,9465241,,,,,2019-06-28,179.0,Container,20.9,,0.0,20.9,65.08,,0.0,65.08,1.4,13.3,6.2,4.36,,0.0,41.42,,0.0,19.31,,0.0,4.36,41.42,19.31,4.0,3.8,34.1,0.0,0.0,5.0,0.0,0.0,120.0,14.25,14.22,162596.67,112.0,148342,109.68,6.4,14.23,E,,,,E,5.87
67826,9465241,,,,,2019-06-29,180.0,Container,80.6,,0.0,80.6,250.99,,0.0,250.99,71.0,9.4,0.2,221.09,,0.0,29.27,,0.0,0.62,,0.0,221.09,29.27,0.62,292.0,19.9,20.7,14.57,14.67,30.0,61.0,20.1,70.0,13.65,13.6,153468.0,326.0,148342,5.79,6.4,13.62,C,,,,C,5.87
67827,9465241,,,,,2019-06-30,181.0,Container,87.2,,0.0,87.2,271.54,,0.0,271.54,75.1,12.1,0.0,233.86,,0.0,37.68,,0.0,0.0,,0.0,233.86,37.68,0.0,340.0,24.0,24.7,14.21,14.17,30.0,58.8,20.0,60.0,13.65,13.6,153468.0,335.0,148342,5.38,6.39,13.62,B,,,,B,5.87
67828,9465241,,,,,2019-07-01,182.0,Container,76.0,,0.0,76.0,236.66,,0.0,236.66,53.15,18.25,4.6,165.51,,0.0,56.83,,0.0,14.32,,0.0,165.51,56.83,14.32,307.5,33.0,47.5,5.35,5.4,16.67,30.0,14.73,80.0,13.65,13.6,153468.0,216.33,148342,5.19,6.39,13.62,B,,,,B,5.87
67830,9465241,,,,,2019-07-03,184.0,Container,39.6,,0.0,39.6,123.31,,0.0,123.31,22.8,11.9,4.9,71.0,,0.0,37.06,,0.0,15.26,,0.0,71.0,37.06,15.26,74.0,23.4,30.4,6.67,6.89,18.0,23.97,1.53,17.5,13.65,13.5,152087.0,177.0,148342,11.23,6.4,13.57,E,,,,E,5.87
67831,9465241,,,,,2019-07-04,185.0,Container,144.1,,0.0,144.1,448.73,,0.0,448.73,129.3,13.4,1.4,402.64,,0.0,41.73,,0.0,4.36,,0.0,402.64,41.73,4.36,355.9,23.0,29.4,7.0,6.98,3.33,27.67,5.53,60.0,13.9,12.9,151941.0,25.67,148342,8.5,6.41,13.4,E,,,,E,5.87
67833,9465241,,,,,2019-07-06,187.0,Container,67.7,,0.0,67.7,210.82,,0.0,210.82,50.6,13.6,3.5,157.57,,0.0,42.35,,0.0,10.9,,0.0,157.57,42.35,10.9,164.0,10.7,34.6,5.82,6.03,25.33,23.47,4.9,1.0,15.45,15.45,180843.33,167.33,148342,8.67,6.43,15.45,E,,,,E,5.87
67835,9465241,,,,,2019-07-08,189.0,Container,171.9,,0.0,171.9,535.3,,0.0,535.3,158.9,13.0,0.0,494.81,,0.0,40.48,,0.0,0.0,,0.0,494.81,40.48,0.0,422.0,25.0,25.0,17.24,16.88,42.0,74.4,24.7,10.0,15.45,15.45,180460.0,237.0,148342,8.55,6.46,15.45,E,,,,E,5.87
67836,9465241,,,,,2019-07-09,190.0,Container,194.6,,0.0,194.6,605.98,,0.0,605.98,181.8,12.8,0.0,566.13,,0.0,39.86,,0.0,0.0,,0.0,566.13,39.86,0.0,478.0,24.0,24.0,19.71,19.92,42.0,80.8,18.2,1.0,15.45,15.45,180265.0,249.0,148342,8.55,6.48,15.45,E,,,,E,5.87
67837,9465241,,,,,2019-07-10,191.0,Container,205.5,,0.0,205.5,639.93,,0.0,639.93,191.9,13.6,0.0,597.58,,0.0,42.35,,0.0,0.0,,0.0,597.58,42.35,0.0,493.0,25.0,25.0,19.84,19.72,39.0,80.3,18.5,15.0,15.45,15.45,180059.0,294.0,148342,8.75,6.5,15.45,E,,,,E,5.87
67838,9465241,,,,,2019-07-11,192.0,Container,112.9,,0.0,112.9,351.57,,0.0,351.57,97.9,14.1,0.9,304.86,,0.0,43.91,,0.0,2.8,,0.0,304.86,43.91,2.8,372.0,22.9,32.6,5.9,5.86,10.0,23.4,5.47,5.0,15.4,15.4,179953.0,16.33,148342,6.37,6.5,15.4,D,,,,D,5.87
67839,9465241,,,,,2019-07-12,193.0,Container,40.8,,0.0,40.8,127.05,,0.0,127.05,23.5,13.2,4.1,73.18,,0.0,41.1,,0.0,12.77,,0.0,73.18,41.1,12.77,127.0,23.7,29.4,4.75,4.67,11.33,18.17,4.9,12.5,15.4,15.4,179389.67,175.67,148342,6.74,6.5,15.4,D,,,,D,5.87
67840,9465241,,,,,2019-07-13,194.0,Container,89.5,,0.0,89.5,278.7,,0.0,278.7,70.9,18.5,0.1,220.78,,0.0,57.61,,0.0,0.31,,0.0,220.78,57.61,0.31,454.0,34.2,36.4,13.34,13.3,35.0,51.85,14.85,16.0,15.4,15.4,179309.0,332.0,148342,4.14,6.48,15.4,A,,,,A,5.87
67841,9465241,,,,,2019-07-14,195.0,Container,37.0,,0.0,37.0,115.22,,0.0,115.22,20.2,12.0,4.8,62.9,,0.0,37.37,,0.0,14.95,,0.0,62.9,37.37,14.95,123.0,12.8,39.1,0.0,0.0,24.0,0.0,0.0,1.0,15.4,15.4,179309.0,319.0,148342,6.31,6.48,15.4,D,,,,D,5.87
67842,9465241,,,,,2019-07-15,196.0,Container,114.4,,0.0,114.4,356.24,,0.0,356.24,105.9,8.5,0.0,329.77,,0.0,26.47,,0.0,0.0,,0.0,329.77,26.47,0.0,348.0,18.1,19.3,19.12,19.23,32.0,73.6,13.3,5.0,15.4,15.4,179195.0,287.0,148342,6.9,6.48,15.4,D,,,,D,5.87
67843,9465241,,,,,2019-07-16,197.0,Container,145.7,,0.0,145.7,453.71,,0.0,453.71,133.9,11.8,0.0,416.96,,0.0,36.75,,0.0,0.0,,0.0,416.96,36.75,0.0,461.0,24.0,26.5,19.38,19.21,50.0,73.7,13.6,1.0,15.4,15.4,179049.0,287.0,148342,6.63,6.48,15.4,D,,,,D,5.87
67844,9465241,,,,,2019-07-17,198.0,Container,164.9,,0.0,164.9,513.5,,0.0,513.5,153.5,11.4,0.0,478.0,,0.0,35.5,,0.0,0.0,,0.0,478.0,35.5,0.0,458.0,24.0,24.0,19.29,19.08,30.0,76.1,16.8,1.0,15.4,15.4,178873.0,300.0,148342,7.56,6.49,15.4,E,,,,E,5.87
67845,9465241,,,,,2019-07-18,199.0,Container,96.8,,2.9,99.7,301.44,,9.3,310.73,85.4,12.5,1.8,265.94,,0.0,32.7,,6.41,2.8,,2.89,265.94,39.11,5.69,320.6,22.7,30.7,6.12,6.21,9.33,24.13,4.9,1.0,15.4,15.4,178774.0,99.67,148342,6.53,6.49,15.4,D,,,,D,5.87
67846,9465241,,,,,2019-07-19,200.0,Container,52.7,,7.7,60.4,164.11,,24.69,188.79,44.3,13.5,2.6,137.95,,0.0,26.16,,16.35,0.0,,8.34,137.95,42.51,8.34,185.0,23.9,30.7,6.0,6.11,8.0,22.2,2.93,10.5,14.3,13.9,160534.67,144.33,148342,6.88,6.49,14.1,D,,,,D,5.87
67847,9465241,,,,,2019-07-20,201.0,Container,129.9,,0.0,129.9,404.51,,0.0,404.51,118.6,11.3,0.0,369.32,,0.0,35.19,,0.0,0.0,,0.0,369.32,35.19,0.0,436.0,24.0,25.7,18.42,18.17,21.0,70.2,14.1,30.0,14.3,13.9,160377.0,290.0,148342,6.25,6.49,14.1,C,,,,C,5.87
67848,9465241,,,,,2019-07-21,202.0,Container,146.5,,0.0,146.5,456.2,,0.0,456.2,134.6,11.9,0.0,419.14,,0.0,37.06,,0.0,0.0,,0.0,419.14,37.06,0.0,438.0,24.0,27.5,18.42,18.25,36.0,73.0,17.0,2.0,14.3,13.9,160230.0,4.0,148342,7.02,6.49,14.1,E,,,,E,5.87
67849,9465241,,,,,2019-07-22,203.0,Container,112.2,,0.0,112.2,349.39,,0.0,349.39,98.9,13.0,0.3,307.97,,0.0,40.48,,0.0,0.93,,0.0,307.97,40.48,0.93,423.0,24.0,24.0,17.42,17.62,11.0,67.4,13.3,25.0,14.3,13.9,160118.0,28.0,148342,5.57,6.49,14.1,C,,,,C,5.87
67850,9465241,,,,,2019-07-23,204.0,Container,82.8,,0.0,82.8,257.84,,0.0,257.84,67.8,13.2,1.8,211.13,,0.0,41.1,,0.0,5.61,,0.0,211.13,41.1,5.61,252.0,22.9,31.4,5.56,5.46,7.0,21.17,4.8,5.0,14.3,14.2,160047.0,38.33,148342,6.9,6.49,14.25,D,,,,D,5.87
67851,9465241,,,,,2019-07-24,205.0,Container,78.8,,0.0,78.8,245.38,,0.0,245.38,55.2,18.8,4.8,171.89,,0.0,58.54,,0.0,14.95,,0.0,171.89,58.54,14.95,230.5,33.4,46.0,6.16,5.98,14.6,23.92,6.8,23.33,14.55,14.55,137958.6,139.8,148342,7.18,6.49,14.55,E,,,,E,5.87
67853,9465241,,,,,2019-07-26,207.0,Container,28.7,,0.0,28.7,89.37,,0.0,89.37,9.8,13.5,5.4,30.52,,0.0,42.04,,0.0,16.82,,0.0,30.52,42.04,16.82,87.0,25.6,31.2,3.42,3.23,13.5,12.25,6.3,103.33,12.0,12.0,130474.5,60.75,148342,6.92,6.5,12.0,D,,,,D,5.87
67852,9465241,,,,,2019-07-25,206.0,Container,9.1,,0.0,9.1,28.34,,0.0,28.34,0.0,6.9,2.2,0.0,,0.0,21.49,,0.0,6.85,,0.0,0.0,21.49,6.85,0.0,0.0,14.2,0.0,0.0,0.0,0.0,0.0,0.0,14.55,14.55,137947.0,0.0,148342,,6.49,14.55,E,,,,,5.87
67854,9465241,,,,,2019-07-27,208.0,Container,28.43,,0.0,28.43,88.53,,0.0,88.53,8.0,14.83,5.6,24.91,,0.0,46.18,,0.0,17.44,,0.0,24.91,46.18,17.44,44.4,17.0,40.0,0.0,0.0,4.8,0.0,0.0,30.0,11.62,10.58,118289.0,3.0,148342,13.44,6.5,8.88,E,,,,E,5.87
67855,9465241,,,,,2019-07-28,209.0,Container,81.2,,0.0,81.2,252.86,,0.0,252.86,67.8,12.2,1.2,211.13,,0.0,37.99,,0.0,3.74,,0.0,211.13,37.99,3.74,292.0,20.6,33.8,7.42,7.66,14.0,29.85,7.4,5.0,11.4,9.35,106048.0,38.5,148342,5.84,6.5,10.38,C,,,,C,5.87
67856,9465241,,,,,2019-07-29,210.0,Container,35.3,,0.0,35.3,109.92,,0.0,109.92,19.1,12.0,4.2,59.48,,0.0,37.37,,0.0,13.08,,0.0,59.48,37.37,13.08,77.0,22.1,32.2,0.0,0.0,11.0,0.0,0.0,20.0,11.6,9.3,107381.0,137.5,148342,9.62,6.5,10.45,E,,,,E,5.87
67857,9465241,,,,,2019-07-30,211.0,Container,79.4,,0.0,79.4,247.25,,0.0,247.25,57.8,17.7,3.9,179.99,,0.0,55.12,,0.0,12.14,,0.0,179.99,55.12,12.14,333.0,30.4,44.8,5.28,5.4,10.5,20.05,5.3,1.0,11.6,9.3,107381.0,96.5,148342,5.01,6.49,10.45,B,,,,B,5.87
67859,9465241,,,,,2019-08-01,213.0,Container,34.9,,0.0,34.9,108.68,,0.0,108.68,25.1,7.6,2.2,78.16,,0.0,23.67,,0.0,6.85,,0.0,78.16,23.67,6.85,106.0,13.6,25.9,2.5,2.5,9.0,9.57,3.45,105.0,12.0,12.0,128964.0,13.75,148342,6.91,6.5,12.0,D,,,,D,5.87
67860,9465241,,,,,2019-08-02,214.0,Container,30.8,,0.0,30.8,95.91,,0.0,95.91,4.9,17.6,8.3,15.26,,0.0,54.81,,0.0,25.85,,0.0,15.26,54.81,25.85,30.0,3.9,46.0,0.0,0.0,0.0,0.0,0.0,0.0,12.0,12.0,128952.0,0.0,148342,21.55,6.51,12.0,E,,,,E,5.87
67861,9465241,,,,,2019-08-03,215.0,Container,16.6,,0.0,16.6,51.69,,0.0,51.69,6.0,8.0,2.6,18.68,,0.0,24.91,,0.0,8.1,,0.0,18.68,24.91,8.1,19.7,13.8,20.2,0.0,0.0,8.33,0.0,0.0,20.0,12.95,12.95,144051.0,93.67,148342,17.69,6.51,8.63,E,,,,E,5.87
67862,9465241,,,,,2019-08-04,216.0,Container,173.97,,0.0,173.97,541.74,,0.0,541.74,161.07,12.8,0.1,501.57,,0.0,39.86,,0.0,0.31,,0.0,501.57,39.86,0.31,448.0,22.5,29.3,20.31,19.91,34.0,76.3,13.5,10.0,12.95,12.95,143877.0,208.0,148342,8.15,6.52,12.95,E,,,,E,5.87
67863,9465241,,,,,2019-08-05,217.0,Container,173.7,,0.0,173.7,540.9,,0.0,540.9,161.6,12.1,0.0,503.22,,0.0,37.68,,0.0,0.0,,0.0,503.22,37.68,0.0,487.0,24.0,24.0,20.25,20.29,23.0,76.4,11.9,27.0,12.95,12.95,143703.0,172.0,148342,7.49,6.53,12.95,E,,,,E,5.87
67864,9465241,,,,,2019-08-06,218.0,Container,151.1,,0.0,151.1,470.53,,0.0,470.53,138.4,12.7,0.0,430.98,,0.0,39.55,,0.0,0.0,,0.0,430.98,39.55,0.0,483.0,24.0,27.1,19.58,20.13,7.0,73.9,9.6,90.0,12.95,12.95,143552.0,81.0,148342,6.57,6.53,12.95,D,,,,D,5.87
67865,9465241,,,,,2019-08-07,219.0,Container,148.5,,0.0,148.5,462.43,,0.0,462.43,135.4,13.1,0.0,421.64,,0.0,40.79,,0.0,0.0,,0.0,421.64,40.79,0.0,474.0,24.0,24.5,19.54,19.75,15.0,72.7,9.8,22.0,12.95,12.95,143404.0,77.0,148342,6.58,6.53,12.95,D,,,,D,5.87
67866,9465241,,,,,2019-08-08,220.0,Container,168.6,,0.0,168.6,525.02,,0.0,525.02,149.7,18.5,0.4,466.17,,0.0,57.61,,0.0,1.25,,0.0,466.17,57.61,1.25,539.2,29.6,42.9,11.55,11.67,13.0,44.77,9.17,10.5,12.95,12.5,143245.33,54.33,148342,6.56,6.53,12.72,D,,,,D,5.87
67868,9465241,,,,,2019-08-10,222.0,Container,17.2,,12.8,30.0,53.56,,41.04,94.6,11.7,14.2,4.1,36.43,,0.0,15.88,,29.17,1.25,,11.86,36.43,45.06,13.11,62.0,23.5,30.7,5.0,5.0,7.83,17.13,1.1,89.0,14.6,14.6,169058.0,100.67,148342,10.29,6.54,14.6,E,,,,E,5.87
67869,9465241,,,,,2019-08-11,223.0,Container,93.1,,0.0,93.1,289.91,,0.0,289.91,79.0,14.0,0.1,246.01,,0.0,43.6,,0.0,0.31,,0.0,246.01,43.6,0.31,373.0,24.0,24.0,15.54,15.54,35.0,60.3,14.5,50.0,14.6,14.6,168965.0,114.0,148342,5.24,6.53,14.6,B,,,,B,5.87
67870,9465241,,,,,2019-08-12,224.0,Container,115.9,,0.0,115.9,360.91,,0.0,360.91,97.5,18.3,0.1,303.62,,0.0,56.99,,0.0,0.31,,0.0,303.62,56.99,0.31,489.0,31.0,31.7,15.84,16.01,17.5,60.35,12.0,22.5,14.6,14.6,168878.0,118.5,148342,4.98,6.52,14.6,B,,,,B,5.87
67871,9465241,,,,,2019-08-13,225.0,Container,38.6,,0.0,38.6,120.2,,0.0,120.2,20.7,14.0,3.9,64.46,,0.0,43.6,,0.0,12.14,,0.0,64.46,43.6,12.14,145.0,15.8,42.2,0.0,0.0,14.0,0.0,0.0,1.0,14.6,14.6,168878.0,184.0,148342,5.59,6.52,14.6,C,,,,C,5.87
67872,9465241,,,,,2019-08-14,226.0,Container,241.0,,0.0,241.0,750.47,,0.0,750.47,222.2,18.4,0.4,691.93,,0.0,57.3,,0.0,1.25,,0.0,691.93,57.3,1.25,593.0,29.4,36.6,13.81,13.93,23.33,53.67,9.27,5.5,14.6,14.6,168669.67,94.33,148342,8.53,6.54,14.6,E,,,,E,5.87
67873,9465241,,,,,2019-08-15,227.0,Container,15.2,,0.0,15.2,47.33,,0.0,47.33,3.1,8.6,3.5,9.65,,0.0,26.78,,0.0,10.9,,0.0,9.65,26.78,10.9,8.4,15.3,20.5,0.0,0.0,6.67,0.0,0.0,50.0,14.67,14.67,170149.0,68.67,148342,37.98,6.54,14.67,E,,,,E,5.87
67874,9465241,,,,,2019-08-16,228.0,Container,105.7,,0.0,105.7,329.15,,0.0,329.15,95.8,9.9,0.0,298.32,,0.0,30.83,,0.0,0.0,,0.0,298.32,30.83,0.0,382.0,20.7,20.7,18.31,18.45,6.0,67.4,9.2,140.0,14.7,14.7,170794.0,148.0,148342,5.81,6.54,14.7,C,,,,C,5.87
67858,9465241,,,,,2019-07-31,212.0,Container,17.6,,0.0,17.6,54.81,,0.0,54.81,0.0,11.3,6.3,0.0,,0.0,35.19,,0.0,19.62,,0.0,0.0,35.19,19.62,0.0,24.3,27.1,0.0,0.0,0.0,0.0,0.0,0.0,11.8,10.65,118172.5,0.0,148342,,6.5,11.22,E,,,,,5.87
67875,9465241,,,,,2019-08-17,229.0,Container,123.2,,0.0,123.2,383.64,,0.0,383.64,111.7,11.5,0.0,347.83,,0.0,35.81,,0.0,0.0,,0.0,347.83,35.81,0.0,444.0,24.0,24.0,17.96,18.5,12.0,67.5,9.0,110.0,14.7,14.7,170670.0,90.0,148342,5.82,6.53,14.7,C,,,,C,5.87
67876,9465241,,,,,2019-08-18,230.0,Container,144.4,,0.0,144.4,449.66,,0.0,449.66,132.8,11.6,0.0,413.54,,0.0,36.12,,0.0,0.0,,0.0,413.54,36.12,0.0,437.0,24.0,24.8,18.08,18.21,54.0,70.4,14.1,70.0,14.7,14.7,170525.0,120.0,148342,6.94,6.53,14.7,D,,,,D,5.87
67877,9465241,,,,,2019-08-19,231.0,Container,141.4,,0.0,141.4,440.32,,0.0,440.32,130.9,10.5,0.0,407.62,,0.0,32.7,,0.0,0.0,,0.0,407.62,32.7,0.0,414.0,23.0,23.2,18.09,18.0,26.0,70.8,15.7,75.0,14.7,14.7,170384.0,90.0,148342,7.17,6.54,14.7,E,,,,E,5.87
67878,9465241,,,,,2019-08-20,232.0,Container,128.0,,0.0,128.0,398.59,,0.0,398.59,117.2,10.8,0.0,364.96,,0.0,33.63,,0.0,0.0,,0.0,364.96,33.63,0.0,411.0,23.0,23.0,18.0,17.87,11.0,69.5,14.7,11.0,14.7,14.7,170256.0,102.0,148342,6.54,6.54,14.7,D,,,,D,5.87
67879,9465241,,,,,2019-08-21,233.0,Container,131.1,,0.0,131.1,408.25,,0.0,408.25,119.9,11.2,0.0,373.37,,0.0,34.88,,0.0,0.0,,0.0,373.37,34.88,0.0,424.0,23.5,23.5,18.04,18.04,10.0,69.7,14.1,20.0,14.7,14.7,170125.0,98.0,148342,6.49,6.54,14.7,D,,,,D,5.87
67880,9465241,,,,,2019-08-22,234.0,Container,118.8,,0.0,118.8,369.94,,0.0,369.94,98.4,17.8,2.6,306.42,,0.0,55.43,,0.0,8.1,,0.0,306.42,55.43,8.1,369.8,25.5,47.7,4.46,4.46,8.75,17.2,3.5,30.0,14.8,14.3,170073.0,25.5,148342,6.74,6.54,14.55,D,,,,D,5.87
67882,9465241,,,,,2019-08-24,236.0,Container,20.4,,0.0,20.4,63.53,,0.0,63.53,3.1,6.2,11.1,9.65,,0.0,19.31,,0.0,34.57,,0.0,9.65,19.31,34.57,9.0,1.5,30.6,0.0,0.0,6.67,0.0,0.0,20.0,14.77,14.6,170453.0,95.0,148342,47.59,6.55,14.68,E,,,,E,5.87
67883,9465241,,,,,2019-08-25,237.0,Container,155.3,,0.0,155.3,483.6,,0.0,483.6,144.7,10.6,0.0,450.6,,0.0,33.01,,0.0,0.0,,0.0,450.6,33.01,0.0,424.0,22.5,22.5,18.8,18.84,19.1,75.0,16.7,30.0,14.75,14.75,170513.0,342.0,148342,7.69,6.55,14.75,E,,,,E,5.87
67884,9465241,,,,,2019-08-26,238.0,Container,154.7,,0.0,154.7,481.74,,0.0,481.74,137.7,15.9,1.1,428.8,,0.0,49.51,,0.0,3.43,,0.0,428.8,49.51,3.43,500.0,30.6,35.8,11.03,10.88,13.0,42.97,10.73,60.0,15.0,15.0,170378.0,234.67,148342,6.49,6.55,15.0,D,,,,D,5.87
67886,9465241,,,,,2019-08-28,240.0,Container,73.2,,0.0,73.2,227.94,,0.0,227.94,57.3,12.2,3.7,178.43,,0.0,37.99,,0.0,11.52,,0.0,178.43,37.99,11.52,166.0,23.4,18.0,6.87,6.82,17.0,26.5,4.87,15.0,13.75,13.75,156019.0,201.0,148342,9.26,6.56,13.75,E,,,,E,5.87
67887,9465241,,,,,2019-08-29,241.0,Container,85.4,,0.0,85.4,265.94,,0.0,265.94,69.5,12.7,3.2,216.42,,0.0,39.55,,0.0,9.96,,0.0,216.42,39.55,9.96,257.8,23.0,28.3,5.22,5.37,3.33,20.17,3.87,120.0,13.7,13.7,159907.0,29.33,148342,6.95,6.57,13.7,D,,,,D,5.87
67888,9465241,,,,,2019-08-30,242.0,Container,24.0,,0.0,24.0,74.74,,0.0,74.74,3.5,14.3,6.2,10.9,,0.0,44.53,,0.0,19.31,,0.0,10.9,44.53,19.31,11.9,2.7,32.6,0.0,0.0,8.0,0.0,0.0,10.0,15.23,15.23,178900.33,86.67,148342,42.34,6.57,15.23,E,,,,E,5.87
67889,9465241,,,,,2019-08-31,243.0,Container,138.6,,0.0,138.6,431.6,,0.0,431.6,127.3,11.3,0.0,396.41,,0.0,35.19,,0.0,0.0,,0.0,396.41,35.19,0.0,384.0,20.7,21.1,18.41,18.55,21.0,73.0,16.0,20.0,16.0,16.0,188258.0,244.0,148342,7.58,6.58,16.0,E,,,,E,5.87
67890,9465241,,,,,2019-09-01,244.0,Container,173.1,,0.0,173.1,539.03,,0.0,539.03,159.9,13.2,0.0,497.93,,0.0,41.1,,0.0,0.0,,0.0,497.93,41.1,0.0,449.0,24.5,24.7,18.12,18.33,48.0,74.9,19.1,5.0,16.0,16.0,188085.0,250.0,148342,8.09,6.59,16.0,E,,,,E,5.87
67891,9465241,,,,,2019-09-02,245.0,Container,182.6,,0.0,182.6,568.62,,0.0,568.62,169.1,13.5,0.0,526.58,,0.0,42.04,,0.0,0.0,,0.0,526.58,42.04,0.0,461.0,25.0,25.0,18.4,18.44,25.0,76.0,19.7,30.0,16.0,16.0,187902.0,248.0,148342,8.31,6.6,16.0,E,,,,E,5.87
67892,9465241,,,,,2019-09-03,246.0,Container,171.1,,0.0,171.1,532.81,,0.0,532.81,157.2,13.9,0.0,489.52,,0.0,43.28,,0.0,0.0,,0.0,489.52,43.28,0.0,467.0,25.0,25.0,18.48,18.68,30.0,74.3,16.5,20.0,16.0,16.0,187737.0,336.0,148342,7.69,6.61,16.0,E,,,,E,5.87
67893,9465241,,,,,2019-09-04,247.0,Container,197.1,,0.0,197.1,613.77,,0.0,613.77,177.4,19.3,0.4,552.42,,0.0,60.1,,0.0,1.25,,0.0,552.42,60.1,1.25,564.0,31.4,40.8,12.21,12.34,17.33,48.57,10.4,3.0,16.0,16.0,187582.0,195.0,148342,7.34,6.61,16.0,E,,,,E,5.87
67894,9465241,,,,,2019-09-05,248.0,Container,16.1,,0.0,16.1,50.14,,0.0,50.14,2.6,9.6,3.9,8.1,,0.0,29.89,,0.0,12.14,,0.0,8.1,29.89,12.14,8.95,16.5,21.9,0.0,0.0,8.33,0.0,0.0,60.0,14.8,14.8,170198.67,68.33,148342,37.77,6.62,14.8,E,,,,E,5.87
67895,9465241,,,,,2019-09-06,249.0,Container,180.7,,0.0,180.7,562.7,,0.0,562.7,164.4,16.3,0.0,511.94,,0.0,50.76,,0.0,0.0,,0.0,511.94,50.76,0.0,567.0,31.4,32.6,17.56,17.92,32.0,69.0,13.75,5.0,14.2,14.2,161347.5,322.5,148342,6.69,6.62,14.2,D,,,,D,5.87
67881,9465241,,,,,2019-08-23,235.0,Container,8.0,,0.0,8.0,24.91,,0.0,24.91,0.0,5.8,2.2,0.0,,0.0,18.06,,0.0,6.85,,0.0,0.0,18.06,6.85,0.0,13.9,13.9,0.0,0.0,0.0,0.0,0.0,0.0,14.8,14.3,170021.0,0.0,148342,,6.54,14.55,E,,,,,5.87
67896,9465241,,,,,2019-09-07,250.0,Container,34.5,,0.0,34.5,107.43,,0.0,107.43,17.4,13.3,3.8,54.18,,0.0,41.42,,0.0,11.83,,0.0,54.18,41.42,11.83,103.0,14.6,42.6,0.0,0.0,25.0,0.0,0.0,1.0,14.2,14.2,161327.0,312.0,148342,7.03,6.62,14.2,E,,,,E,5.87
67897,9465241,,,,,2019-09-08,251.0,Container,104.7,,0.0,104.7,326.04,,0.0,326.04,95.4,9.3,0.0,297.08,,0.0,28.96,,0.0,0.0,,0.0,297.08,28.96,0.0,334.0,18.6,18.8,17.69,17.96,35.0,69.0,13.6,5.0,14.2,14.2,161223.0,289.0,148342,6.58,6.62,14.2,D,,,,D,5.87
67898,9465241,,,,,2019-09-09,252.0,Container,136.4,,0.0,136.4,424.75,,0.0,424.75,124.4,12.0,0.0,387.38,,0.0,37.37,,0.0,0.0,,0.0,387.38,37.37,0.0,433.0,24.0,24.0,17.96,18.04,26.0,69.4,13.7,10.0,14.2,14.2,161087.0,288.0,148342,6.61,6.62,14.2,D,,,,D,5.87
67899,9465241,,,,,2019-09-10,253.0,Container,129.3,,0.0,129.3,402.64,,0.0,402.64,117.6,11.7,0.0,366.21,,0.0,36.43,,0.0,0.0,,0.0,366.21,36.43,0.0,430.0,24.0,24.0,17.79,17.92,5.0,68.5,13.2,5.0,14.2,14.2,160957.0,306.0,148342,6.31,6.62,14.2,D,,,,D,5.87
67900,9465241,,,,,2019-09-11,254.0,Container,114.5,,4.7,119.2,356.55,,15.07,371.62,97.1,19.6,2.5,302.37,,0.0,54.18,,7.05,0.0,,8.02,302.37,61.24,8.02,407.9,28.3,40.3,4.19,4.26,10.0,16.08,3.0,60.0,14.2,14.2,160852.0,76.75,148342,6.14,6.61,14.2,C,,,,C,5.87
67901,9465241,,,,,2019-09-12,255.0,Container,3.7,,11.68,15.38,11.52,,37.45,48.97,2.1,9.9,3.38,6.54,,0.0,4.98,,26.61,0.0,,10.84,6.54,31.59,10.84,7.7,17.2,22.4,0.0,0.0,5.67,0.0,0.0,30.0,13.27,13.27,147922.67,69.0,148342,42.87,6.62,13.27,E,,,,E,5.87
67902,9465241,,,,,2019-09-13,256.0,Container,120.8,,0.9,121.7,376.17,,2.89,379.06,111.0,10.7,0.0,345.65,,0.0,30.52,,2.89,0.0,,0.0,345.65,33.4,0.0,405.0,21.3,23.6,18.45,19.01,9.0,69.8,9.5,30.0,12.8,12.8,141338.0,266.0,148342,6.31,6.61,12.8,D,,,,D,5.87
67903,9465241,,,,,2019-09-14,257.0,Container,150.98,,0.0,150.98,470.15,,0.0,470.15,139.3,11.68,0.0,433.78,,0.0,36.37,,0.0,0.0,,0.0,433.78,36.37,0.0,446.0,24.0,25.8,18.92,18.58,20.0,72.0,14.3,30.0,12.8,12.8,141187.0,1.0,148342,7.11,6.62,12.8,E,,,,E,5.87
67904,9465241,,,,,2019-09-15,258.0,Container,164.9,,0.0,164.9,513.5,,0.0,513.5,153.0,11.7,0.2,476.44,,0.0,36.43,,0.0,0.62,,0.0,476.44,36.43,0.62,454.0,24.0,27.1,18.62,18.92,30.0,73.6,14.7,5.0,12.8,12.8,141022.0,28.0,148342,7.62,6.62,12.8,E,,,,E,5.87
67905,9465241,,,,,2019-09-16,259.0,Container,134.4,,0.0,134.4,418.52,,0.0,418.52,120.9,12.9,0.6,376.48,,0.0,40.17,,0.0,1.87,,0.0,376.48,40.17,1.87,420.0,25.1,32.4,9.14,8.91,4.5,35.35,8.15,40.0,13.0,13.0,141022.0,55.0,148342,6.72,6.62,13.0,D,,,,D,5.87
67906,9465241,,,,,2019-09-17,260.0,Container,91.0,,0.0,91.0,283.37,,0.0,283.37,70.5,16.5,4.0,219.54,,0.0,51.38,,0.0,12.46,,0.0,219.54,51.38,12.46,274.0,33.1,44.9,6.71,7.18,13.8,26.62,4.16,40.0,11.2,10.9,117247.8,86.8,148342,6.97,6.63,11.05,D,,,,D,5.87
67907,9465241,,,,,2019-09-18,261.0,Container,53.19,,0.0,53.19,165.63,,0.0,165.63,36.5,12.59,4.1,113.66,,0.0,39.21,,0.0,12.77,,0.0,113.66,39.21,12.77,114.0,23.5,36.7,3.44,3.33,8.0,13.5,3.0,40.0,11.04,9.86,109194.0,85.83,148342,9.79,6.63,8.71,E,,,,E,5.87
67909,9465241,,,,,2019-09-20,263.0,Container,36.9,,0.0,36.9,114.91,,0.0,114.91,22.0,11.3,3.6,68.51,,0.0,35.19,,0.0,11.21,,0.0,68.51,35.19,11.21,117.0,23.7,28.5,5.0,5.21,11.67,18.4,2.0,12.5,9.0,10.6,101406.33,42.0,148342,6.62,6.63,9.8,D,,,,D,5.87
67910,9465241,,,,,2019-09-21,264.0,Container,58.9,,0.0,58.9,183.41,,0.0,183.41,45.7,11.4,1.8,142.31,,0.0,35.5,,0.0,5.61,,0.0,142.31,35.5,5.61,285.0,22.0,34.0,5.16,5.07,2.67,18.97,3.73,10.0,10.8,8.6,40539.67,29.33,148342,4.34,6.62,9.7,A,,,,A,5.87
67911,9465241,,,,,2019-09-22,265.0,Container,31.0,,0.0,31.0,96.53,,0.0,96.53,14.6,12.0,4.4,45.46,,0.0,37.37,,0.0,13.7,,0.0,45.46,37.37,13.7,83.0,26.2,35.8,0.0,0.0,1.5,0.0,0.0,40.0,11.0,10.1,109156.0,137.5,148342,7.84,6.63,10.55,E,,,,E,5.87
67912,9465241,,,,,2019-09-23,266.0,Container,120.9,,0.0,120.9,376.48,,0.0,376.48,109.4,10.7,0.8,340.67,,0.0,33.32,,0.0,2.49,,0.0,340.67,33.32,2.49,328.0,20.7,34.7,4.1,4.16,8.0,16.06,2.82,10.0,11.0,10.17,109069.0,38.0,148342,7.74,6.63,6.35,E,,,,E,5.87
67914,9465241,,,,,2019-09-25,268.0,Container,34.6,,0.0,34.6,107.74,,0.0,107.74,26.4,6.8,1.4,82.21,,0.0,21.18,,0.0,4.36,,0.0,82.21,21.18,4.36,96.2,11.3,23.0,3.75,4.06,5.75,15.78,3.62,122.5,13.3,13.1,146755.0,23.25,148342,7.55,6.64,13.2,E,,,,E,5.87
67917,9465241,,,,,2019-09-28,271.0,Container,32.0,,0.0,32.0,99.65,,0.0,99.65,4.1,21.8,6.1,12.77,,0.0,67.89,,0.0,19.0,,0.0,12.77,67.89,19.0,24.0,16.5,44.4,0.0,0.0,0.0,0.0,0.0,0.0,13.7,12.87,149733.67,0.0,148342,27.99,6.65,9.96,E,,,,E,5.87
67918,9465241,,,,,2019-09-29,272.0,Container,106.6,,0.0,106.6,331.95,,0.0,331.95,96.1,10.1,0.4,299.26,,0.0,31.45,,0.0,1.25,,0.0,299.26,31.45,1.25,220.3,13.2,17.5,9.23,8.91,50.0,39.5,12.55,10.0,14.9,14.4,168932.5,263.5,148342,10.16,6.66,14.65,E,,,,E,5.87
67919,9465241,,,,,2019-09-30,273.0,Container,194.54,,0.0,194.54,605.8,,0.0,605.8,177.3,17.0,0.24,552.11,,0.0,52.94,,0.0,0.75,,0.0,552.11,52.94,0.75,462.0,24.0,27.7,19.08,19.25,40.0,77.3,17.3,1.0,14.7,14.7,168803.0,208.0,148342,8.84,6.68,14.7,E,,,,E,5.87
67920,9465241,,,,,2019-10-01,274.0,Container,171.1,,0.0,171.1,532.81,,0.0,532.81,153.9,17.2,0.0,479.24,,0.0,53.56,,0.0,0.0,,0.0,479.24,53.56,0.0,465.0,24.0,24.6,19.21,19.38,12.0,75.7,15.0,40.0,14.7,14.7,168642.0,165.0,148342,7.72,6.68,14.7,E,,,,E,5.87
67921,9465241,,,,,2019-10-02,275.0,Container,137.7,,0.0,137.7,428.8,,0.0,428.8,120.3,17.4,0.0,374.61,,0.0,54.18,,0.0,0.0,,0.0,374.61,54.18,0.0,453.0,24.0,25.4,18.75,18.88,17.0,70.7,11.3,60.0,14.7,14.7,168515.0,75.0,148342,6.38,6.68,14.7,D,,,,D,5.87
67922,9465241,,,,,2019-10-03,276.0,Container,142.5,,0.0,142.5,443.74,,0.0,443.74,124.9,17.6,0.0,388.94,,0.0,54.81,,0.0,0.0,,0.0,388.94,54.81,0.0,443.0,24.0,24.7,18.33,18.46,28.0,71.6,14.4,90.0,15.0,14.1,168177.0,84.0,148342,6.75,6.68,14.55,D,,,,D,5.87
67923,9465241,,,,,2019-10-04,277.0,Container,130.0,,0.88,130.88,404.82,,2.82,407.64,111.2,19.2,0.48,346.28,,0.0,58.54,,1.28,0.0,,1.54,346.28,59.83,1.54,407.0,23.7,30.0,8.91,8.95,7.5,34.8,7.3,40.0,15.0,14.1,168047.0,38.0,148342,6.75,6.68,14.55,D,,,,D,5.87
67924,9465241,,,,,2019-10-05,278.0,Container,21.7,,14.2,35.9,67.57,,45.53,113.1,14.9,17.0,4.0,46.4,,0.0,20.24,,33.66,0.93,,11.86,46.4,53.9,12.8,71.0,23.0,32.2,4.88,5.0,12.0,18.67,3.67,45.0,15.4,15.1,177536.0,100.33,148342,10.74,6.69,15.25,E,,,,E,5.87
67925,9465241,,,,,2019-10-06,279.0,Container,86.3,,0.0,86.3,268.74,,0.0,268.74,68.4,17.9,0.0,213.0,,0.0,55.74,,0.0,0.0,,0.0,213.0,55.74,0.0,374.0,24.0,25.6,15.33,15.58,2.0,58.0,10.8,60.0,15.4,15.1,177450.0,117.0,148342,4.84,6.68,15.25,A,,,,A,5.87
67926,9465241,,,,,2019-10-07,280.0,Container,112.4,,0.0,112.4,350.01,,0.0,350.01,87.3,25.1,0.0,271.85,,0.0,78.16,,0.0,0.0,,0.0,271.85,78.16,0.0,488.0,32.0,33.5,14.98,15.12,18.5,57.1,12.05,40.0,15.4,15.1,177350.5,124.0,148342,4.84,6.67,15.25,A,,,,A,5.87
67927,9465241,,,,,2019-10-08,281.0,Container,43.0,,0.0,43.0,133.9,,0.0,133.9,22.2,17.4,3.4,69.13,,0.0,54.18,,0.0,10.59,,0.0,69.13,54.18,10.59,120.0,14.4,40.4,0.0,0.0,10.0,0.0,0.0,40.0,15.4,15.1,177336.0,180.0,148342,7.52,6.67,15.25,E,,,,E,5.87
67928,9465241,,,,,2019-10-09,282.0,Container,208.6,,0.0,208.6,649.58,,0.0,649.58,185.6,23.0,0.0,577.96,,0.0,71.62,,0.0,0.0,,0.0,577.96,71.62,0.0,567.0,28.3,30.6,19.76,19.82,14.0,76.05,13.5,20.0,15.4,15.1,177158.0,115.0,148342,7.72,6.67,15.25,E,,,,E,5.87
67929,9465241,,,,,2019-10-10,283.0,Container,18.1,,0.0,18.1,56.36,,0.0,56.36,4.3,10.8,3.0,13.39,,0.0,33.63,,0.0,9.34,,0.0,13.39,33.63,9.34,23.0,14.1,21.1,0.0,0.0,0.0,0.0,0.0,0.0,15.4,15.1,177126.0,0.0,148342,16.52,6.68,15.25,E,,,,E,5.87
67930,9465241,,,,,2019-10-11,284.0,Container,63.3,,0.0,63.3,197.12,,0.0,197.12,43.3,16.6,3.4,134.84,,0.0,51.69,,0.0,10.59,,0.0,134.84,51.69,10.59,172.0,23.5,30.1,6.49,6.53,10.0,23.83,3.0,20.0,16.0,15.5,184536.0,59.0,148342,7.73,6.68,15.75,E,,,,E,5.87
67931,9465241,,,,,2019-10-12,285.0,Container,181.2,,0.0,181.2,564.26,,0.0,564.26,164.7,16.5,0.0,512.88,,0.0,51.38,,0.0,0.0,,0.0,512.88,51.38,0.0,471.0,24.0,26.0,19.5,19.62,30.0,76.5,14.8,20.0,15.8,15.8,186245.0,121.0,148342,8.08,6.69,15.8,E,,,,E,5.87
67932,9465241,,,,,2019-10-13,286.0,Container,186.0,,0.0,186.0,579.2,,0.0,579.2,170.3,15.7,0.0,530.31,,0.0,48.89,,0.0,0.0,,0.0,530.31,48.89,0.0,454.0,23.0,23.0,19.65,19.74,30.0,79.2,17.3,1.0,15.8,15.8,186059.0,85.0,148342,8.6,6.7,15.8,E,,,,E,5.87
67933,9465241,,,,,2019-10-14,287.0,Container,192.1,,0.0,192.1,598.2,,0.0,598.2,175.9,16.2,0.0,547.75,,0.0,50.45,,0.0,0.0,,0.0,547.75,50.45,0.0,470.0,24.0,24.0,19.79,19.58,20.0,79.1,17.8,10.0,15.8,15.8,185867.0,107.0,148342,8.58,6.71,15.8,E,,,,E,5.87
67934,9465241,,,,,2019-10-15,288.0,Container,184.8,,0.0,184.8,575.47,,0.0,575.47,169.0,15.8,0.0,526.27,,0.0,49.2,,0.0,0.0,,0.0,526.27,49.2,0.0,459.0,23.0,23.8,20.04,19.96,30.0,78.9,16.1,10.0,15.8,15.8,185682.0,103.0,148342,8.45,6.72,15.8,E,,,,E,5.87
67935,9465241,,,,,2019-10-16,289.0,Container,151.8,,0.0,151.8,472.71,,0.0,472.71,136.5,15.3,0.0,425.06,,0.0,47.64,,0.0,0.0,,0.0,425.06,47.64,0.0,437.0,23.5,23.5,18.55,18.6,16.0,72.6,15.0,20.0,15.8,15.8,185532.0,105.0,148342,7.29,6.72,15.8,E,,,,E,5.87
67936,9465241,,,,,2019-10-17,290.0,Container,177.2,,0.0,177.2,551.8,,0.0,551.8,153.5,22.3,1.4,478.0,,0.0,69.44,,0.0,4.36,,0.0,478.0,69.44,4.36,449.0,25.7,41.9,9.57,9.48,10.5,38.15,8.15,30.0,15.8,15.8,185364.0,51.0,148342,8.28,6.73,15.8,E,,,,E,5.87
67938,9465241,,,,,2019-10-19,292.0,Container,43.4,,0.0,43.4,135.15,,0.0,135.15,22.3,16.0,5.1,69.44,,0.0,49.82,,0.0,15.88,,0.0,69.44,49.82,15.88,98.0,23.7,36.5,5.64,5.7,9.33,21.33,3.93,25.0,14.5,14.5,166709.0,192.67,148342,9.3,6.74,14.5,E,,,,E,5.87
67939,9465241,,,,,2019-10-20,293.0,Container,125.8,,0.0,125.8,391.74,,0.0,391.74,109.9,15.9,0.0,342.23,,0.0,49.51,,0.0,0.0,,0.0,342.23,49.51,0.0,439.0,24.0,24.0,18.08,18.29,12.0,68.9,11.8,60.0,14.5,14.5,166583.0,333.0,148342,6.02,6.73,14.5,C,,,,C,5.87
67940,9465241,,,,,2019-10-21,294.0,Container,114.1,,0.0,114.1,355.31,,0.0,355.31,94.0,13.9,6.2,292.72,,0.0,43.28,,0.0,19.31,,0.0,292.72,43.28,19.31,419.0,25.9,35.7,8.58,8.78,8.5,33.0,5.85,1.0,14.6,14.6,166488.0,0.5,148342,5.72,6.73,14.6,C,,,,C,5.87
67942,9465241,,,,,2019-10-23,296.0,Container,116.7,,0.0,116.7,363.4,,0.0,363.4,101.5,14.8,0.4,316.07,,0.0,46.09,,0.0,1.25,,0.0,316.07,46.09,1.25,354.0,18.7,23.0,13.11,13.46,20.67,50.17,7.27,40.0,13.8,13.7,153576.67,319.33,148342,6.92,6.74,13.75,D,,,,D,5.87
67943,9465241,,,,,2019-10-24,297.0,Container,25.4,,0.0,25.4,79.1,,0.0,79.1,7.9,14.5,3.0,24.6,,0.0,45.15,,0.0,9.34,,0.0,24.6,45.15,9.34,75.0,18.0,28.8,0.0,0.0,0.0,0.0,0.0,0.0,13.8,13.7,153553.0,0.0,148342,7.11,6.74,13.75,E,,,,E,5.87
67944,9465241,,,,,2019-10-25,298.0,Container,24.1,,0.0,24.1,75.05,,0.0,75.05,1.8,17.9,4.4,5.61,,0.0,55.74,,0.0,13.7,,0.0,5.61,55.74,13.7,8.0,24.4,29.1,0.0,0.0,4.5,0.0,0.0,90.0,14.9,14.9,171484.0,132.5,148342,63.24,6.74,14.9,E,,,,E,5.87
67945,9465241,,,,,2019-10-26,299.0,Container,122.8,,0.0,122.8,382.4,,0.0,382.4,104.9,17.9,0.0,326.66,,0.0,55.74,,0.0,0.0,,0.0,326.66,55.74,0.0,433.0,23.3,26.7,17.98,18.58,20.0,68.3,9.7,60.0,14.9,14.9,171361.0,246.0,148342,5.95,6.74,14.9,C,,,,C,5.87
67946,9465241,,,,,2019-10-27,300.0,Container,136.8,,0.0,136.8,426.0,,0.0,426.0,117.9,18.9,0.0,367.14,,0.0,58.85,,0.0,0.0,,0.0,367.14,58.85,0.0,461.0,25.0,25.0,18.2,18.44,22.0,69.5,11.9,5.0,14.9,14.9,171224.0,244.0,148342,6.23,6.73,14.9,C,,,,C,5.87
67947,9465241,,,,,2019-10-28,301.0,Container,122.2,,0.0,122.2,380.53,,0.0,380.53,103.9,18.3,0.0,323.54,,0.0,56.99,,0.0,0.0,,0.0,323.54,56.99,0.0,449.0,24.5,24.5,17.55,18.33,10.0,67.1,9.3,1.0,14.9,14.9,171120.0,249.0,148342,5.71,6.73,14.9,C,,,,C,5.87
67948,9465241,,,,,2019-10-29,302.0,Container,102.4,,0.0,102.4,318.87,,0.0,318.87,83.0,19.4,0.0,258.46,,0.0,60.41,,0.0,0.0,,0.0,258.46,60.41,0.0,439.0,25.0,25.0,16.8,17.56,10.0,62.3,6.4,5.0,14.9,14.9,171017.0,333.0,148342,4.9,6.72,14.9,B,,,,B,5.87
67949,9465241,,,,,2019-10-30,303.0,Container,143.6,,0.0,143.6,447.17,,0.0,447.17,118.7,24.9,0.0,369.63,,0.0,77.54,,0.0,0.0,,0.0,369.63,77.54,0.0,530.0,32.1,33.6,10.25,10.43,14.67,39.93,8.9,17.5,14.9,14.9,170898.0,224.67,148342,5.69,6.71,14.9,C,,,,C,5.87
67950,9465241,,,,,2019-10-31,304.0,Container,26.3,,0.0,26.3,81.9,,0.0,81.9,7.3,15.7,3.3,22.73,,0.0,48.89,,0.0,10.28,,0.0,22.73,48.89,10.28,43.4,13.3,32.8,0.0,0.0,7.5,0.0,0.0,30.0,14.73,14.73,169562.5,51.5,148342,12.72,6.72,14.73,E,,,,E,5.87
67951,9465241,,,,,2019-11-01,305.0,Container,202.8,,0.0,202.8,631.52,,0.0,631.52,180.9,21.9,0.0,563.32,,0.0,68.2,,0.0,0.0,,0.0,563.32,68.2,0.0,568.0,29.1,30.1,18.71,18.94,41.0,47.35,14.95,5.5,14.65,14.65,168047.5,323.0,148342,7.5,6.72,14.65,E,,,,E,5.87
67952,9465241,,,,,2019-11-02,306.0,Container,37.6,,0.0,37.6,117.09,,0.0,117.09,15.6,18.2,3.8,48.58,,0.0,56.67,,0.0,11.83,,0.0,48.58,56.67,11.83,107.0,14.3,41.0,0.0,0.0,18.0,0.0,0.0,45.0,14.65,14.65,167987.0,299.0,148342,7.38,6.72,14.65,E,,,,E,5.87
67953,9465241,,,,,2019-11-03,307.0,Container,89.9,,0.0,89.9,279.95,,0.0,279.95,77.6,12.3,0.0,241.65,,0.0,38.3,,0.0,0.0,,0.0,241.65,38.3,0.0,330.0,18.2,18.2,17.69,18.13,12.0,67.0,10.1,30.0,14.65,14.65,167897.0,289.0,148342,5.72,6.72,14.65,C,,,,C,5.87
67954,9465241,,,,,2019-11-04,308.0,Container,118.6,,0.0,118.6,369.32,,0.0,369.32,102.0,16.6,0.0,317.63,,0.0,51.69,,0.0,0.0,,0.0,317.63,51.69,0.0,421.0,24.0,24.0,17.5,17.54,35.0,67.1,13.2,30.0,14.65,14.65,167778.0,287.0,148342,5.91,6.71,14.65,C,,,,C,5.87
67955,9465241,,,,,2019-11-05,309.0,Container,134.0,,0.0,134.0,417.28,,0.0,417.28,119.8,14.2,0.0,373.06,,0.0,44.22,,0.0,0.0,,0.0,373.06,44.22,0.0,442.0,25.0,26.0,17.76,17.68,40.0,69.5,15.6,30.0,14.65,14.65,167646.0,300.0,148342,6.36,6.71,14.65,D,,,,D,5.87
67956,9465241,,,,,2019-11-06,310.0,Container,137.0,,1.2,138.2,426.62,,3.85,430.47,121.8,15.6,0.8,379.29,,0.0,47.33,,1.28,0.0,,2.56,379.29,48.62,2.56,420.0,24.4,32.7,8.83,8.97,18.5,35.6,8.2,10.0,14.68,14.62,167514.0,150.0,148342,6.91,6.71,14.65,D,,,,D,5.87
67957,9465241,,,,,2019-11-07,311.0,Container,45.3,,10.8,56.1,141.06,,34.62,175.69,38.9,14.2,3.0,121.13,,0.0,19.93,,25.01,0.0,,9.62,121.13,44.94,9.62,160.5,21.9,28.9,5.86,5.79,20.67,22.03,4.3,20.0,12.9,12.6,141186.67,139.33,148342,7.38,6.71,12.75,E,,,,E,5.87
67958,9465241,,,,,2019-11-08,312.0,Container,132.1,,0.0,132.1,411.36,,0.0,411.36,118.9,13.2,0.0,370.25,,0.0,41.1,,0.0,0.0,,0.0,370.25,41.1,0.0,401.0,24.0,24.4,17.25,16.71,33.0,68.7,19.3,30.0,12.9,12.6,141031.0,270.0,148342,6.92,6.72,12.75,D,,,,D,5.87
67959,9465241,,,,,2019-11-09,313.0,Container,172.6,,0.0,172.6,537.48,,0.0,537.48,158.7,13.9,0.0,494.19,,0.0,43.28,,0.0,0.0,,0.0,494.19,43.28,0.0,454.0,24.0,24.0,19.04,18.92,45.0,75.9,17.3,1.0,12.9,12.6,140858.0,1.0,148342,7.98,6.72,12.75,E,,,,E,5.87
67960,9465241,,,,,2019-11-10,314.0,Container,179.2,,0.0,179.2,558.03,,0.0,558.03,165.1,13.9,0.2,514.12,,0.0,43.28,,0.0,0.62,,0.0,514.12,43.28,0.62,425.0,24.0,24.0,17.58,17.71,45.0,76.0,22.6,1.0,12.9,12.6,140678.0,5.0,148342,8.85,6.73,12.75,E,,,,E,5.87
67961,9465241,,,,,2019-11-11,315.0,Container,70.9,,0.0,70.9,220.78,,0.0,220.78,54.3,15.4,1.2,169.09,,0.0,47.96,,0.0,3.74,,0.0,169.09,47.96,3.74,329.7,25.9,34.4,6.41,6.65,10.0,24.4,4.8,80.0,13.3,12.6,140611.0,56.5,148342,4.51,6.72,12.95,A,,,,A,5.87
67962,9465241,,,,,2019-11-12,316.0,Container,61.1,,0.0,61.1,190.27,,0.0,190.27,41.1,16.7,3.3,127.99,,0.0,52.0,,0.0,10.28,,0.0,127.99,52.0,10.28,199.0,30.4,35.9,7.17,7.04,22.25,17.92,9.3,47.5,11.98,9.9,117044.0,170.75,148342,6.45,6.72,10.94,D,,,,D,5.87
67963,9465241,,,,,2019-11-13,317.0,Container,17.5,,0.0,17.5,54.49,,0.0,54.49,6.3,8.9,2.3,19.62,,0.0,27.71,,0.0,7.16,,0.0,19.62,27.71,7.16,36.0,13.5,23.9,0.0,0.0,0.0,0.0,0.0,0.0,12.8,9.9,123039.0,0.0,148342,10.2,6.72,11.35,E,,,,E,5.87
67964,9465241,,,,,2019-11-14,318.0,Container,36.0,,0.0,36.0,112.1,,0.0,112.1,12.5,17.0,6.5,38.92,,0.0,52.94,,0.0,20.24,,0.0,38.92,52.94,20.24,94.0,30.2,41.8,3.64,3.71,16.4,14.72,6.42,26.0,12.42,9.86,119161.6,57.2,148342,8.04,6.73,11.14,E,,,,E,5.87
67965,9465241,,,,,2019-11-15,319.0,Container,25.05,,0.0,25.05,78.01,,0.0,78.01,4.9,15.5,4.65,15.26,,0.0,48.27,,0.0,14.48,,0.0,15.26,48.27,14.48,36.7,18.7,39.1,0.0,0.0,1.17,0.0,0.0,25.0,11.92,9.7,113884.5,1.67,148342,14.33,6.73,7.21,E,,,,E,5.87
67966,9465241,,,,,2019-11-16,320.0,Container,17.3,,0.0,17.3,53.87,,0.0,53.87,7.0,8.0,2.3,21.8,,0.0,24.91,,0.0,7.16,,0.0,21.8,24.91,7.16,97.0,13.4,13.6,6.87,7.24,21.0,25.4,5.4,90.0,11.55,9.1,108591.0,21.0,148342,3.74,6.73,10.32,A,,,,A,5.87
67967,9465241,,,,,2019-11-17,321.0,Container,50.2,,0.0,50.2,156.32,,0.0,156.32,25.1,19.9,5.2,78.16,,0.0,61.97,,0.0,16.19,,0.0,78.16,61.97,16.19,240.8,24.5,43.8,2.74,2.86,8.67,10.1,2.0,20.0,11.8,9.3,108580.33,105.0,148342,4.38,6.72,10.55,A,,,,A,5.87
67969,9465241,,,,,2019-11-19,323.0,Container,36.8,,0.0,36.8,114.6,,0.0,114.6,24.0,10.2,2.6,74.74,,0.0,31.76,,0.0,8.1,,0.0,74.74,31.76,8.1,156.8,15.9,23.1,3.74,3.98,17.0,18.45,14.2,45.0,11.8,10.0,113833.0,267.0,148342,4.93,6.72,10.9,B,,,,B,5.87
67970,9465241,,,,,2019-11-20,324.0,Container,36.4,,0.0,36.4,113.35,,0.0,113.35,17.2,14.4,4.8,53.56,,0.0,44.84,,0.0,14.95,,0.0,53.56,44.84,14.95,188.65,24.8,27.2,3.85,3.81,13.0,15.5,9.2,15.0,11.3,10.0,109938.0,91.5,148342,4.05,6.71,10.65,A,,,,A,5.87
67971,9465241,,,,,2019-11-21,325.0,Container,43.7,,0.0,43.7,136.08,,0.0,136.08,26.0,13.7,4.0,80.96,,0.0,42.66,,0.0,12.46,,0.0,80.96,42.66,12.46,94.0,14.1,34.3,0.0,0.0,0.0,0.0,0.0,0.0,11.3,10.0,109900.0,0.0,148342,9.76,6.72,7.1,E,,,,E,5.87
67973,9465241,,,,,2019-11-23,327.0,Container,59.5,,0.0,59.5,185.28,,0.0,185.28,35.5,19.0,5.0,110.55,,0.0,59.17,,0.0,15.57,,0.0,110.55,59.17,15.57,126.0,25.2,42.5,2.67,2.67,11.0,10.38,2.47,26.0,14.53,14.23,162909.2,9.33,148342,9.91,6.73,11.98,E,,,,E,5.87
67974,9465241,,,,,2019-11-24,328.0,Container,88.1,,0.0,88.1,274.34,,0.0,274.34,75.1,12.4,0.6,233.86,,0.0,38.61,,0.0,1.87,,0.0,233.86,38.61,1.87,229.0,13.5,18.0,8.96,9.3,18.5,36.7,7.9,25.0,15.45,15.45,179908.0,256.5,148342,8.08,6.73,15.45,E,,,,E,5.87
67975,9465241,,,,,2019-11-25,329.0,Container,145.98,,0.0,145.98,454.58,,0.0,454.58,125.2,20.78,0.0,389.87,,0.0,64.71,,0.0,0.0,,0.0,389.87,64.71,0.0,431.0,24.0,24.0,17.83,17.96,38.0,71.6,16.8,30.0,15.45,15.45,179722.0,208.0,148342,7.11,6.73,15.45,E,,,,E,5.87
67976,9465241,,,,,2019-11-26,330.0,Container,152.5,,0.0,152.5,474.88,,0.0,474.88,134.7,17.8,0.0,419.46,,0.0,55.43,,0.0,0.0,,0.0,419.46,55.43,0.0,433.0,24.0,24.0,17.75,18.04,36.0,73.7,18.7,30.0,15.45,15.45,179569.0,180.0,148342,7.39,6.74,15.45,E,,,,E,5.87
67977,9465241,,,,,2019-11-27,331.0,Container,103.7,,0.0,103.7,322.92,,0.0,322.92,84.9,18.6,0.2,264.38,,0.0,57.92,,0.0,0.62,,0.0,264.38,57.92,0.62,369.0,19.3,31.9,18.24,19.12,35.0,70.3,9.7,5.0,15.45,15.45,179464.0,88.0,148342,5.9,6.73,15.45,C,,,,C,5.87
67978,9465241,,,,,2019-11-28,332.0,Container,35.4,,0.0,35.4,110.24,,0.0,110.24,14.8,17.4,3.2,46.09,,0.0,54.18,,0.0,9.96,,0.0,46.09,54.18,9.96,131.0,12.7,40.7,10.63,10.32,4.0,43.8,21.7,120.0,15.45,15.45,179428.0,261.0,148342,5.67,6.73,15.45,C,,,,C,5.87
67979,9465241,,,,,2019-11-29,333.0,Container,39.4,,0.0,39.4,122.69,,0.0,122.69,19.0,17.0,3.4,59.17,,0.0,52.94,,0.0,10.59,,0.0,59.17,52.94,10.59,115.0,7.0,27.7,15.14,16.43,5.0,59.8,8.8,5.0,15.45,15.45,179370.0,82.0,148342,7.19,6.73,15.45,E,,,,E,5.87
67980,9465241,,,,,2019-11-30,334.0,Container,77.6,,0.0,77.6,241.65,,0.0,241.65,57.6,20.0,0.0,179.37,,0.0,62.28,,0.0,0.0,,0.0,179.37,62.28,0.0,377.0,24.0,47.5,15.25,15.71,15.0,57.8,9.8,30.0,15.45,15.45,179291.0,81.0,148342,4.32,6.72,15.45,A,,,,A,5.87
67981,9465241,,,,,2019-12-01,335.0,Container,72.2,,0.0,72.2,224.83,,0.0,224.83,52.3,19.9,0.0,162.86,,0.0,61.97,,0.0,0.0,,0.0,162.86,61.97,0.0,363.0,24.0,48.3,14.5,15.12,36.0,56.8,11.6,50.0,15.45,15.45,179219.0,84.0,148342,4.18,6.71,15.45,A,,,,A,5.87
67982,9465241,,,,,2019-12-02,336.0,Container,60.6,,1.0,61.6,188.71,,3.21,191.91,36.6,22.9,2.1,113.97,,0.0,69.75,,1.6,4.98,,1.6,113.97,71.36,6.59,254.3,20.1,52.4,6.11,6.54,13.0,24.0,4.8,90.0,15.45,15.45,179162.0,40.5,148342,5.09,6.71,15.45,B,,,,B,5.87
67983,9465241,,,,,2019-12-03,337.0,Container,11.51,,25.1,36.61,35.84,,80.47,116.31,8.0,23.21,5.4,24.91,,0.0,9.68,,64.44,1.25,,16.03,24.91,74.13,17.28,32.9,26.7,36.3,3.44,3.56,16.4,11.86,-0.14,16.67,15.57,15.57,181370.8,126.8,148342,23.83,6.71,15.57,E,,,,E,5.87
67984,9465241,,,,,2019-12-04,338.0,Container,105.3,,0.0,105.3,327.9,,0.0,327.9,89.5,15.8,0.0,278.7,,0.0,49.2,,0.0,0.0,,0.0,278.7,49.2,0.0,343.0,19.0,22.1,17.68,18.05,20.0,69.1,13.2,50.0,15.6,15.6,181817.0,113.0,148342,6.44,6.71,15.6,D,,,,D,5.87
67985,9465241,,,,,2019-12-05,339.0,Container,174.8,,0.0,174.8,544.33,,0.0,544.33,145.5,29.3,0.0,453.09,,0.0,91.24,,0.0,0.0,,0.0,453.09,91.24,0.0,570.0,32.3,65.6,17.8,18.02,7.7,68.65,12.9,115.0,15.6,15.6,181667.0,121.5,148342,6.44,6.71,15.6,D,,,,D,5.87
67987,9465241,,,,,2019-12-07,341.0,Container,90.8,,0.0,90.8,282.75,,0.0,282.75,79.4,11.4,0.0,247.25,,0.0,35.5,,0.0,0.0,,0.0,247.25,35.5,0.0,247.0,12.6,25.2,19.37,19.6,3.0,75.0,13.3,130.0,15.6,15.6,181498.0,137.0,148342,7.72,6.72,15.6,E,,,,E,5.87
67988,9465241,,,,,2019-12-08,342.0,Container,113.6,,0.0,113.6,353.75,,0.0,353.75,92.0,20.6,1.0,286.49,,0.0,64.15,,0.0,3.11,,0.0,286.49,64.15,3.11,340.0,21.6,46.9,6.2,6.26,8.67,23.97,4.43,20.0,15.6,15.6,181392.0,8.33,148342,7.01,6.72,15.6,E,,,,E,5.87
67989,9465241,,,,,2019-12-09,343.0,Container,82.2,,0.0,82.2,255.97,,0.0,255.97,61.0,18.5,2.7,189.95,,0.0,57.61,,0.0,8.41,,0.0,189.95,57.61,8.41,191.0,23.7,29.7,6.59,6.78,6.67,25.63,4.07,22.5,16.15,16.0,189610.33,122.33,148342,9.03,6.72,16.08,E,,,,E,5.87
67990,9465241,,,,,2019-12-10,344.0,Container,183.9,,0.0,183.9,572.66,,0.0,572.66,165.2,18.7,0.0,514.43,,0.0,58.23,,0.0,0.0,,0.0,514.43,58.23,0.0,467.0,24.0,27.0,19.17,19.46,40.0,76.8,14.8,30.0,16.15,16.0,189383.0,130.0,148342,8.27,6.73,16.08,E,,,,E,5.87
67991,9465241,,,,,2019-12-11,345.0,Container,186.4,,0.0,186.4,580.45,,0.0,580.45,167.7,18.7,0.0,522.22,,0.0,58.23,,0.0,0.0,,0.0,522.22,58.23,0.0,443.0,23.0,25.5,19.3,19.26,35.0,77.4,16.2,10.0,16.15,16.0,189197.0,83.0,148342,8.83,6.74,16.08,E,,,,E,5.87
67992,9465241,,,,,2019-12-12,346.0,Container,187.7,,0.0,187.7,584.5,,0.0,584.5,168.4,19.3,0.0,524.4,,0.0,60.1,,0.0,0.0,,0.0,524.4,60.1,0.0,463.0,24.0,24.8,19.21,19.29,27.0,77.0,16.8,5.0,16.15,16.0,189009.0,103.0,148342,8.51,6.75,16.08,E,,,,E,5.87
67993,9465241,,,,,2019-12-13,347.0,Container,185.1,,0.0,185.1,576.4,,0.0,576.4,166.7,18.4,0.0,519.1,,0.0,57.3,,0.0,0.0,,0.0,519.1,57.3,0.0,445.0,23.0,23.0,19.48,19.35,30.0,78.4,18.0,20.0,16.15,16.0,188824.0,101.0,148342,8.73,6.76,16.08,E,,,,E,5.87
67994,9465241,,,,,2019-12-14,348.0,Container,171.3,,0.0,171.3,533.43,,0.0,533.43,153.4,17.9,0.0,477.69,,0.0,55.74,,0.0,0.0,,0.0,477.69,55.74,0.0,460.0,23.5,23.8,19.79,19.57,28.0,75.9,18.3,10.0,16.15,15.8,188653.0,103.0,148342,7.82,6.76,15.98,E,,,,E,5.87
67995,9465241,,,,,2019-12-15,349.0,Container,172.5,,0.0,172.5,537.16,,0.0,537.16,147.8,23.4,1.3,460.25,,0.0,72.87,,0.0,4.05,,0.0,460.25,72.87,4.05,434.0,24.8,41.4,9.45,9.57,16.0,38.3,8.0,30.0,16.15,15.8,188495.0,53.5,148342,8.34,6.77,15.98,E,,,,E,5.87
67997,9465241,,,,,2019-12-17,351.0,Container,68.6,,0.0,68.6,213.62,,0.0,213.62,50.5,15.5,2.6,157.26,,0.0,48.27,,0.0,8.1,,0.0,157.26,48.27,8.1,189.8,23.6,30.6,6.59,6.67,14.67,23.47,1.87,50.0,14.6,14.6,167418.33,185.33,148342,7.59,6.77,14.6,E,,,,E,5.87
67998,9465241,,,,,2019-12-18,352.0,Container,173.7,,0.0,173.7,540.9,,0.0,540.9,159.2,14.5,0.0,495.75,,0.0,45.15,,0.0,0.0,,0.0,495.75,45.15,0.0,498.0,24.0,24.0,20.25,20.75,28.0,76.6,10.0,40.0,14.6,14.6,137205.0,350.0,148342,7.32,6.78,14.6,E,,,,E,5.87
67999,9465241,,,,,2019-12-19,353.0,Container,103.7,,0.0,103.7,322.92,,0.0,322.92,84.3,17.5,1.9,262.51,,0.0,54.5,,0.0,5.92,,0.0,262.51,54.5,5.92,282.0,22.7,30.4,6.34,6.44,8.33,24.47,4.2,5.0,14.7,14.7,167113.0,2.0,148342,7.72,6.78,14.7,E,,,,E,5.87
68000,9465241,,,,,2019-12-20,354.0,Container,60.1,,0.0,60.1,187.15,,0.0,187.15,40.8,16.0,3.3,127.05,,0.0,49.82,,0.0,10.28,,0.0,127.05,49.82,10.28,135.0,23.6,29.2,6.48,6.61,8.33,21.03,3.9,30.0,13.97,13.7,156922.33,199.0,148342,9.35,6.78,13.83,E,,,,E,5.87
68001,9465241,,,,,2019-12-21,355.0,Container,105.2,,0.0,105.2,327.59,,0.0,327.59,86.0,17.6,1.6,267.8,,0.0,54.81,,0.0,4.98,,0.0,267.8,54.81,4.98,293.0,24.0,29.6,6.26,6.3,3.33,24.07,4.33,20.0,14.3,13.8,160481.33,34.67,148342,7.54,6.78,14.05,E,,,,E,5.87
68002,9465241,,,,,2019-12-22,356.0,Container,32.5,,0.0,32.5,101.2,,0.0,101.2,1.7,23.7,7.1,5.29,,0.0,73.8,,0.0,22.11,,0.0,5.29,73.8,22.11,5.0,10.6,39.6,0.0,0.0,3.33,0.0,0.0,50.0,15.77,15.6,184980.67,71.67,148342,136.44,6.79,15.68,E,,,,E,5.87
68003,9465241,,,,,2019-12-23,357.0,Container,63.9,,0.0,63.9,198.98,,0.0,198.98,54.1,9.6,0.2,168.47,,0.0,29.89,,0.0,0.62,,0.0,168.47,29.89,0.62,218.0,12.8,14.1,16.33,17.03,15.0,65.1,13.1,90.0,16.5,16.5,197164.0,247.0,148342,6.15,6.79,16.5,C,,,,C,5.87
68004,9465241,,,,,2019-12-24,358.0,Container,109.3,,0.0,109.3,340.36,,0.0,340.36,90.2,19.1,0.0,280.88,,0.0,59.48,,0.0,0.0,,0.0,280.88,59.48,0.0,398.0,24.5,24.5,15.92,16.24,12.0,62.3,13.5,70.0,16.5,16.5,197061.0,245.0,148342,5.76,6.79,16.5,C,,,,C,5.87
68005,9465241,,,,,2019-12-25,359.0,Container,102.4,,9.6,112.0,318.87,,30.78,349.65,92.9,19.1,0.0,289.29,,0.0,29.58,,30.78,0.0,,0.0,289.29,60.36,0.0,394.0,24.0,26.5,16.17,16.42,12.0,62.9,13.3,90.0,16.5,16.5,196956.0,245.0,148342,5.98,6.78,16.5,C,,,,C,5.87
67996,9465241,,,,,2019-12-16,350.0,Container,16.4,,0.0,16.4,51.07,,0.0,51.07,0.0,3.6,12.8,0.0,,0.0,11.21,,0.0,39.86,,0.0,0.0,11.21,39.86,0.0,20.4,20.4,0.0,0.0,0.0,0.0,0.0,0.0,16.15,15.8,188495.0,0.0,148342,,6.77,15.98,E,,,,,5.87
68006,9465241,,,,,2019-12-26,360.0,Container,22.0,,9.6,31.6,68.51,,30.78,99.29,19.9,9.6,2.1,61.97,,0.0,0.0,,30.78,6.54,,0.0,61.97,30.78,6.54,402.0,25.0,26.5,15.56,16.08,10.0,63.0,11.7,20.0,16.5,16.5,196848.0,250.0,148342,1.67,6.76,16.5,A,,,,A,5.87
68008,9465241,,,,,2019-12-28,362.0,Container,0.0,,0.0,0.0,0.0,,0.0,0.0,0.0,0.0,0.0,0.0,,0.0,0.0,,0.0,0.0,,0.0,0.0,0.0,0.0,507.0,33.7,36.2,14.77,15.05,13.5,60.0,16.75,25.0,16.5,16.4,197626.5,183.0,148342,0.0,6.7,16.45,A,,,,A,5.87
68009,9465241,,,,,2019-12-29,363.0,Container,0.0,,0.0,0.0,0.0,,0.0,0.0,0.0,0.0,0.0,0.0,,0.0,0.0,,0.0,0.0,,0.0,0.0,0.0,0.0,20.0,18.5,28.9,0.0,0.0,2.5,0.0,0.0,30.0,16.2,16.05,191939.25,59.5,148342,0.0,6.7,16.12,A,,,,A,5.87
68010,9465241,,,,,2019-12-30,364.0,Container,0.0,,0.0,0.0,0.0,,0.0,0.0,0.0,0.0,0.0,0.0,,0.0,0.0,,0.0,0.0,,0.0,0.0,0.0,0.0,577.0,29.8,32.0,18.68,19.07,16.5,74.25,14.8,35.0,15.9,15.7,186107.5,334.5,148342,0.0,6.66,15.8,A,,,,A,5.87
68011,9465241,,,,,2019-12-31,365.0,Container,34.29,,0.0,34.29,106.78,,0.0,106.78,15.9,15.1,3.29,49.51,,0.0,47.02,,0.0,10.25,,0.0,49.51,47.02,10.25,120.0,13.4,40.5,0.0,0.0,12.0,0.0,0.0,30.0,15.9,15.7,186078.0,294.0,148342,6.0,6.66,15.8,C,,,,C,5.87
1159941,9465241,,,,,2021-08-02,,Container,0.0,209.6,0.0,209.6,0.0,660.45,0.0,660.45,197.8,11.8,0.0,0.0,623.27,0.0,0.0,37.18,0.0,0.0,0.0,0.0,623.27,37.18,0.0,509.0,24.0,,20.79,21.21,15.0,83.1,15.3,120.0,16.0,16.0,184077.0,65.0,0,,,,,,,,,
1159942,9465241,,,,,2021-08-03,,Container,0.0,178.2,0.0,178.2,0.0,561.51,0.0,561.51,166.8,11.4,0.0,0.0,525.59,0.0,0.0,35.92,0.0,0.0,0.0,0.0,525.59,35.92,0.0,451.0,23.0,,20.09,19.61,15.0,79.2,17.8,120.0,16.0,16.0,184077.0,55.0,0,,,,,,,,,
1159943,9465241,,,,,2021-08-04,,Container,0.0,179.1,0.0,179.1,0.0,564.34,0.0,564.34,167.2,11.9,0.0,0.0,526.85,0.0,0.0,37.5,0.0,0.0,0.0,0.0,526.85,37.5,0.0,472.0,24.0,,19.54,19.67,20.0,77.5,15.8,90.0,16.0,16.0,184077.0,55.0,0,,,,,,,,,
1159944,9465241,,,,,2021-08-05,,Container,0.0,183.0,0.0,183.0,0.0,576.63,0.0,576.63,171.6,11.4,0.0,0.0,540.71,0.0,0.0,35.92,0.0,0.0,0.0,0.0,540.71,35.92,0.0,449.0,23.0,,19.65,19.52,15.0,78.2,17.1,90.0,16.0,16.0,184077.0,47.0,0,,,,,,,,,
1159945,9465241,,,,,2021-08-06,,Container,0.0,190.6,0.0,190.6,0.0,600.58,0.0,600.58,178.5,12.1,0.0,0.0,562.45,0.0,0.0,38.13,0.0,0.0,0.0,0.0,562.45,38.13,0.0,470.0,24.0,,19.67,19.58,15.0,78.5,17.2,90.0,16.0,16.0,184077.0,38.0,0,,,,,,,,,
1159946,9465241,,,,,2021-08-07,,Container,0.0,181.7,0.0,181.7,0.0,572.54,0.0,572.54,170.2,11.5,0.0,0.0,536.3,0.0,0.0,36.24,0.0,0.0,0.0,0.0,536.3,36.24,0.0,441.0,22.5,,20.0,19.6,22.0,79.4,18.0,120.0,16.0,16.0,184077.0,38.0,0,,,,,,,,,
1159947,9465241,,,,,2021-08-08,,Container,0.0,183.6,0.2,183.8,0.0,578.52,0.64,579.16,171.1,12.5,0.2,0.0,539.14,0.0,0.0,39.39,0.0,0.0,0.0,0.64,539.14,39.39,0.64,468.0,24.0,,19.75,19.5,20.0,78.8,17.8,120.0,16.0,16.0,184077.0,36.0,0,,,,,,,,,
1159948,9465241,,,,,2021-08-09,,Container,0.0,133.0,0.1,133.1,0.0,419.08,0.32,419.4,113.8,17.1,2.2,0.0,358.58,0.0,0.0,53.88,0.0,0.0,6.62,0.32,358.58,53.88,6.94,385.7,24.1,,6.3,6.38,5.33,25.27,5.37,40.0,16.0,16.0,184077.0,12.67,0,,,,,,,,,
1159951,9465241,,,,,2021-08-12,,Container,0.0,96.3,0.5,96.8,0.0,303.44,1.6,305.04,88.9,7.4,0.5,0.0,280.12,0.0,0.0,23.32,0.0,0.0,0.0,1.6,280.12,23.32,1.6,252.0,12.8,,10.42,10.74,15.0,40.1,5.5,80.0,16.0,16.0,185054.0,137.0,0,,,,,,,,,
1159952,9465241,,,,,2021-08-13,,Container,0.0,102.9,0.1,103.0,0.0,324.24,0.32,324.56,91.1,11.8,0.1,0.0,287.06,0.0,0.0,37.18,0.0,0.0,0.0,0.32,287.06,37.18,0.32,341.0,22.5,,15.02,15.16,8.0,59.2,15.1,110.0,16.0,16.0,185054.0,90.0,0,,,,,,,,,
1159953,9465241,,,,,2021-08-14,,Container,0.0,42.1,0.0,42.1,0.0,132.66,0.0,132.66,29.5,12.6,0.0,0.0,92.95,0.0,0.0,39.7,0.0,0.0,0.0,0.0,92.95,39.7,0.0,245.0,24.0,,10.46,10.21,8.0,41.4,18.5,130.0,16.0,16.0,185054.0,90.0,0,,,,,,,,,
1159954,9465241,,,,,2021-08-15,,Container,0.0,33.2,0.2,33.4,0.0,104.61,0.64,105.25,22.1,11.0,0.3,0.0,69.64,0.0,0.0,34.66,0.0,0.0,0.32,0.64,69.64,34.66,0.96,201.0,23.0,,9.35,8.74,8.0,36.9,21.7,39.0,16.0,16.0,185054.0,89.0,0,,,,,,,,,
1159955,9465241,,,,,2021-08-16,,Container,0.0,47.2,0.0,47.2,0.0,148.73,0.0,148.73,29.8,14.9,2.5,0.0,93.9,0.0,0.0,46.95,0.0,0.0,7.88,0.0,93.9,46.95,7.88,272.0,30.0,,8.88,8.92,7.0,18.9,18.4,139.0,16.0,16.0,185054.0,108.0,0,,,,,,,,,
1159956,9465241,,,,,2021-08-17,,Container,0.0,11.5,0.0,11.5,0.0,36.24,0.0,36.24,0.3,8.4,2.8,0.0,0.95,0.0,0.0,26.47,0.0,0.0,8.82,0.0,0.95,26.47,8.82,6.0,1.0,,0.0,0.0,0.0,0.0,0.0,0.0,16.0,16.0,185054.0,0.0,0,,,,,,,,,
1159957,9465241,,,,,2021-08-18,,Container,0.0,39.6,0.0,39.6,0.0,124.78,0.0,124.78,24.4,11.4,3.8,0.0,76.88,0.0,0.0,35.92,0.0,0.0,11.97,0.0,76.88,35.92,11.97,185.0,16.0,,0.0,0.0,0.0,0.0,0.0,0.0,16.0,16.0,185054.0,0.0,0,,,,,,,,,
1159958,9465241,,,,,2021-08-19,,Container,0.0,26.8,0.0,26.8,0.0,84.45,0.0,84.45,10.2,12.9,3.7,0.0,32.14,0.0,0.0,40.65,0.0,0.0,11.66,0.0,32.14,40.65,11.66,113.0,22.8,,0.0,0.0,0.0,0.0,0.0,0.0,10.67,10.67,123369.33,0.0,0,,,,,,,,,
1159959,9465241,,,,,2021-08-20,,Container,0.0,26.93,0.2,27.13,0.0,84.86,0.64,85.5,10.9,12.4,3.83,0.0,34.35,0.0,0.0,39.07,0.0,0.0,11.44,0.64,34.35,39.07,12.08,26.0,25.6,,0.0,0.0,6.0,0.0,0.0,15.0,15.49,14.96,182119.5,25.0,0,,,,,,,,,
1159960,9465241,,,,,2021-08-21,,Container,0.0,141.1,0.1,141.2,0.0,444.61,0.32,444.93,117.9,23.2,0.1,0.0,371.5,0.0,0.0,73.1,0.0,0.0,0.0,0.32,371.5,73.1,0.32,569.0,35.0,,15.2,16.01,16.5,60.4,11.25,50.0,15.49,14.96,179185.0,161.5,0,,,,,,,,,
1159961,9465241,,,,,2021-08-22,,Container,0.0,12.5,0.0,12.5,0.0,39.39,0.0,39.39,4.0,6.6,1.9,0.0,12.6,0.0,0.0,20.8,0.0,0.0,5.99,0.0,12.6,20.8,5.99,34.0,10.9,,0.0,0.0,0.0,0.0,0.0,0.0,15.49,14.96,179185.0,0.0,0,,,,,,,,,
1159962,9465241,,,,,2021-08-23,,Container,0.0,18.4,0.1,18.5,0.0,57.98,0.32,58.3,3.0,12.0,3.5,0.0,9.45,0.0,0.0,37.81,0.0,0.0,10.71,0.32,9.45,37.81,11.03,16.0,23.2,,0.0,0.0,10.0,0.0,0.0,27.5,13.55,11.4,136129.0,68.0,0,,,,,,,,,
1159963,9465241,,,,,2021-08-24,,Container,0.0,115.3,0.0,115.3,0.0,363.31,0.0,363.31,100.9,14.4,0.0,0.0,317.94,0.0,0.0,45.37,0.0,0.0,0.0,0.0,317.94,45.37,0.0,413.0,23.0,,17.78,17.96,18.0,67.2,11.2,70.0,13.55,11.4,136129.0,31.0,0,,,,,,,,,
1159964,9465241,,,,,2021-08-25,,Container,0.0,130.6,0.0,130.6,0.0,411.52,0.0,411.52,115.7,14.9,0.0,0.0,364.57,0.0,0.0,46.95,0.0,0.0,0.0,0.0,364.57,46.95,0.0,456.0,24.0,,18.67,19.0,15.0,69.8,9.7,35.0,13.55,11.4,136129.0,31.0,0,,,,,,,,,
1159965,9465241,,,,,2021-08-26,,Container,0.0,131.5,0.1,131.6,0.0,414.36,0.32,414.68,117.1,14.4,0.1,0.0,368.98,0.0,0.0,45.37,0.0,0.0,0.0,0.32,368.98,45.37,0.32,451.0,24.0,,17.71,18.79,24.0,69.7,10.5,21.0,13.55,11.6,138660.0,42.0,0,,,,,,,,,
1159966,9465241,,,,,2021-08-27,,Container,0.0,129.1,0.0,129.1,0.0,406.79,0.0,406.79,114.9,14.2,0.0,0.0,362.05,0.0,0.0,44.74,0.0,0.0,0.0,0.0,362.05,44.74,0.0,452.0,24.0,,18.08,18.83,8.0,69.3,9.8,80.0,13.55,11.6,138660.0,348.0,0,,,,,,,,,
1159967,9465241,,,,,2021-08-28,,Container,0.0,82.7,0.2,82.9,0.0,260.59,0.64,261.23,67.9,13.8,1.2,0.0,213.95,0.0,0.0,43.48,0.0,0.0,3.15,0.64,213.95,43.48,3.79,314.0,23.2,,4.97,5.23,4.0,20.17,4.67,26.67,13.55,11.7,137993.0,94.67,0,,,,,,,,,
1159968,9465241,,,,,2021-08-29,,Container,0.0,48.0,0.1,48.1,0.0,151.25,0.32,151.57,34.1,11.4,2.6,0.0,107.45,0.0,0.0,35.92,0.0,0.0,7.88,0.32,107.45,35.92,8.2,137.0,23.4,,5.67,5.72,16.0,21.73,4.23,16.67,14.0,12.2,145063.0,45.0,0,,,,,,,,,
1159969,9465241,,,,,2021-08-30,,Container,0.0,96.4,0.1,96.5,0.0,303.76,0.32,304.08,81.6,13.6,1.3,0.0,257.12,0.0,0.0,42.85,0.0,0.0,3.78,0.32,257.12,42.85,4.1,335.0,21.8,,5.53,5.74,2.0,22.77,5.43,6.67,9.33,8.13,96708.67,91.33,0,,,,,,,,,
1159971,9465241,,,,,2021-09-01,,Container,0.0,24.0,0.5,24.5,0.0,75.62,1.6,77.23,10.8,10.2,3.5,0.0,34.03,0.0,0.0,32.14,0.0,0.0,9.45,1.6,34.03,32.14,11.06,55.0,24.2,,0.0,0.0,5.5,0.0,0.0,2.5,15.2,15.2,178794.0,48.0,0,,,,,,,,,
1159972,9465241,,,,,2021-09-02,,Container,0.0,58.5,0.0,58.5,0.0,184.33,0.0,184.33,47.7,10.8,0.0,0.0,150.3,0.0,0.0,34.03,0.0,0.0,0.0,0.0,150.3,34.03,0.0,291.0,21.9,,11.96,13.29,10.0,49.5,10.9,20.0,15.7,15.6,182513.0,160.0,0,,,,,,,,,
1159973,9465241,,,,,2021-09-03,,Container,0.0,81.8,0.4,82.2,0.0,257.75,1.28,259.03,66.6,15.2,0.4,0.0,209.86,0.0,0.0,47.9,0.0,0.0,0.0,1.28,209.86,47.9,1.28,386.0,32.5,,11.64,11.84,26.5,50.15,20.15,57.5,15.7,15.6,182513.0,73.0,0,,,,,,,,,
1159974,9465241,,,,,2021-09-04,,Container,0.0,14.1,4.5,18.6,0.0,44.43,14.43,58.86,9.1,7.6,1.9,0.0,28.67,0.0,0.0,15.76,8.34,0.0,0.0,6.09,28.67,24.09,6.09,62.0,9.4,,0.0,0.0,0.0,0.0,0.0,0.0,15.7,15.6,182513.0,0.0,0,,,,,,,,,
1159975,9465241,,,,,2021-09-05,,Container,0.0,6.9,11.5,18.4,0.0,21.74,36.87,58.61,5.5,10.0,2.9,0.0,17.33,0.0,0.0,4.41,27.57,0.0,0.0,9.3,17.33,31.98,9.3,39.0,23.7,,4.0,4.0,13.67,13.27,0.0,66.67,15.6,15.6,181266.0,139.0,0,,,,,,,,,
1159976,9465241,,,,,2021-09-06,,Container,0.0,88.4,0.1,88.5,0.0,278.55,0.32,278.87,69.9,18.5,0.1,0.0,220.25,0.0,0.0,58.29,0.0,0.0,0.0,0.32,220.25,58.29,0.32,437.0,30.0,,13.92,14.1,16.5,52.9,11.2,37.5,15.5,15.45,178973.5,234.0,0,,,,,,,,,
1159977,9465241,,,,,2021-09-07,,Container,0.0,30.0,0.0,30.0,0.0,94.53,0.0,94.53,14.5,12.1,3.4,0.0,45.69,0.0,0.0,38.13,0.0,0.0,10.71,0.0,45.69,38.13,10.71,83.0,9.7,,0.0,0.0,0.0,0.0,0.0,0.0,15.4,15.3,176681.0,0.0,0,,,,,,,,,
1159979,9465241,,,,,2021-09-09,,Container,0.0,35.7,0.1,35.8,0.0,112.49,0.32,112.81,19.0,13.5,3.3,0.0,59.87,0.0,0.0,42.54,0.0,0.0,10.08,0.32,59.87,42.54,10.4,97.0,26.5,,4.19,4.41,14.33,17.3,7.0,26.67,13.73,12.0,141458.0,111.67,0,,,,,,,,,
1159980,9465241,,,,,2021-09-10,,Container,0.0,16.7,0.0,16.7,0.0,52.62,0.0,52.62,4.0,9.7,3.0,0.0,12.6,0.0,0.0,30.56,0.0,0.0,9.45,0.0,12.6,30.56,9.45,53.0,2.9,,0.0,0.0,0.0,0.0,0.0,0.0,13.8,12.2,141458.0,0.0,0,,,,,,,,,
1159981,9465241,,,,,2021-09-11,,Container,0.0,49.6,0.1,49.7,0.0,156.29,0.32,156.61,34.4,13.5,1.8,0.0,108.39,0.0,0.0,42.54,0.0,0.0,5.36,0.32,108.39,42.54,5.68,201.0,17.2,,0.0,0.0,0.0,0.0,0.0,0.0,13.8,12.2,141458.0,0.0,0,,,,,,,,,
1159982,9465241,,,,,2021-09-12,,Container,0.0,48.1,0.1,48.2,0.0,151.56,0.32,151.88,32.2,14.5,1.5,0.0,101.46,0.0,0.0,45.69,0.0,0.0,4.41,0.32,101.46,45.69,4.73,252.0,23.4,,0.0,0.0,0.0,0.0,0.0,0.0,13.8,12.2,141458.0,0.0,0,,,,,,,,,
1159983,9465241,,,,,2021-09-13,,Container,0.0,21.1,0.0,21.1,0.0,66.49,0.0,66.49,4.8,12.4,3.9,0.0,15.12,0.0,0.0,39.07,0.0,0.0,12.29,0.0,15.12,39.07,12.29,68.0,5.2,,0.0,0.0,0.0,0.0,0.0,0.0,13.8,12.2,141458.0,0.0,0,,,,,,,,,
1159984,9465241,,,,,2021-09-14,,Container,0.0,67.0,0.2,67.2,0.0,211.12,0.64,211.76,52.8,13.3,1.1,0.0,166.37,0.0,0.0,41.91,0.0,0.0,2.84,0.64,166.37,41.91,3.48,285.0,20.0,,0.0,0.0,0.0,0.0,0.0,0.0,13.3,11.9,137516.0,0.0,0,,,,,,,,,
1159985,9465241,,,,,2021-09-15,,Container,0.0,38.7,0.0,38.7,0.0,121.94,0.0,121.94,22.9,12.2,3.6,0.0,72.16,0.0,0.0,38.44,0.0,0.0,11.34,0.0,72.16,38.44,11.34,126.0,15.3,,0.0,0.0,0.0,0.0,0.0,0.0,13.3,11.9,137516.0,0.0,0,,,,,,,,,
1159986,9465241,,,,,2021-09-16,,Container,0.0,60.3,0.1,60.4,0.0,190.01,0.32,190.33,40.5,16.1,3.8,0.0,127.62,0.0,0.0,50.73,0.0,0.0,11.66,0.32,127.62,50.73,11.98,126.0,31.0,,0.0,0.0,0.0,0.0,0.0,0.0,13.47,12.53,142911.67,0.0,0,,,,,,,,,
1159987,9465241,,,,,2021-09-17,,Container,0.0,43.1,0.2,43.3,0.0,135.81,0.64,136.45,34.1,8.6,0.6,0.0,107.45,0.0,0.0,27.1,0.0,0.0,1.26,0.64,107.45,27.1,1.9,229.0,14.8,,7.32,8.18,13.5,26.7,-0.9,89.0,13.8,13.8,153703.0,165.0,0,,,,,,,,,
1159988,9465241,,,,,2021-09-18,,Container,0.0,144.5,0.2,144.7,0.0,455.32,0.64,455.96,124.4,20.1,0.2,0.0,391.98,0.0,0.0,63.34,0.0,0.0,0.0,0.64,391.98,63.34,0.64,562.0,32.5,,16.97,17.37,5.0,32.15,5.6,75.0,14.0,13.8,152207.0,254.5,0,,,,,,,,,
1159989,9465241,,,,,2021-09-19,,Container,0.0,17.7,0.0,17.7,0.0,55.77,0.0,55.77,7.9,7.8,2.0,0.0,24.89,0.0,0.0,24.58,0.0,0.0,6.3,0.0,24.89,24.58,6.3,56.0,14.3,,0.0,0.0,0.0,0.0,0.0,0.0,14.0,13.8,152207.0,0.0,0,,,,,,,,,
1159990,9465241,,,,,2021-09-20,,Container,0.0,27.4,0.3,27.7,0.0,86.34,0.96,87.3,11.7,12.8,3.2,0.0,36.87,0.0,0.0,40.33,0.0,0.0,9.14,0.96,36.87,40.33,10.1,69.0,24.9,,4.31,4.46,4.0,16.68,3.98,52.0,11.3,11.3,135985.6,131.4,0,,,,,,,,,
1159991,9465241,,,,,2021-09-21,,Container,0.0,14.7,0.0,14.7,0.0,46.32,0.0,46.32,0.5,11.0,3.2,0.0,1.58,0.0,0.0,34.66,0.0,0.0,10.08,0.0,1.58,34.66,10.08,8.0,0.6,,0.0,0.0,0.0,0.0,0.0,0.0,15.1,15.1,169982.0,0.0,0,,,,,,,,,
1159992,9465241,,,,,2021-09-22,,Container,0.0,30.3,0.0,30.3,0.0,95.48,0.0,95.48,12.2,14.6,3.5,0.0,38.44,0.0,0.0,46.0,0.0,0.0,11.03,0.0,38.44,46.0,11.03,78.0,7.0,,0.0,0.0,0.0,0.0,0.0,0.0,15.1,15.1,168425.0,0.0,0,,,,,,,,,
1159993,9465241,,,,,2021-09-23,,Container,0.0,28.7,0.7,29.4,0.0,90.43,2.24,92.68,13.3,12.6,3.5,0.0,41.91,0.0,0.0,39.7,0.0,0.0,8.82,2.24,41.91,39.7,11.07,58.0,24.9,,0.0,0.0,11.0,0.0,0.0,2.5,15.4,15.4,176535.0,93.0,0,,,,,,,,,
1159994,9465241,,,,,2021-09-24,,Container,0.0,139.4,0.0,139.4,0.0,439.25,0.0,439.25,128.4,11.0,0.0,0.0,404.59,0.0,0.0,34.66,0.0,0.0,0.0,0.0,404.59,34.66,0.0,382.0,19.2,,19.53,19.9,33.0,77.5,14.8,40.0,15.4,15.4,179366.0,203.0,0,,,,,,,,,
1159995,9465241,,,,,2021-09-25,,Container,0.0,118.1,0.0,118.1,0.0,372.13,0.0,372.13,104.1,14.0,0.0,0.0,328.02,0.0,0.0,44.11,0.0,0.0,0.0,0.0,328.02,44.11,0.0,389.0,24.0,,16.29,16.21,16.0,63.7,15.5,5.0,15.4,15.4,179366.0,206.0,0,,,,,,,,,
1159996,9465241,,,,,2021-09-26,,Container,0.0,52.3,0.0,52.3,0.0,164.8,0.0,164.8,38.3,14.0,0.0,0.0,120.68,0.0,0.0,44.11,0.0,0.0,0.0,0.0,120.68,44.11,0.0,300.0,24.0,,12.33,12.5,7.0,46.8,11.4,40.0,15.4,15.4,179366.0,225.0,0,,,,,,,,,
1159997,9465241,,,,,2021-09-27,,Container,0.0,61.2,1.2,62.4,0.0,192.84,3.85,196.69,44.0,17.2,1.2,0.0,138.64,0.0,0.0,54.2,0.0,0.0,0.0,3.85,138.64,54.2,3.85,353.0,30.6,,6.15,6.25,7.0,23.5,5.85,20.0,15.4,15.4,179366.0,99.5,0,,,,,,,,,
1159998,9465241,,,,,2021-09-28,,Container,0.0,8.7,2.3,11.0,0.0,27.41,7.37,34.79,0.9,7.8,2.3,0.0,2.84,0.0,0.0,24.58,0.0,0.0,0.0,7.37,2.84,24.58,7.37,5.0,11.1,,0.0,0.0,0.0,0.0,0.0,0.0,10.27,10.27,119577.33,0.0,0,,,,,,,,,
1159999,9465241,,,,,2021-09-29,,Container,0.0,38.3,2.9,41.2,0.0,120.68,9.3,129.98,23.7,11.9,5.6,0.0,74.68,0.0,0.0,37.5,0.0,0.0,8.51,9.3,74.68,37.5,17.81,99.0,17.5,,6.0,6.11,18.67,22.37,3.1,3.33,16.0,16.0,188151.0,200.67,0,,,,,,,,,
1160000,9465241,,,,,2021-09-30,,Container,0.0,164.7,0.0,164.7,0.0,518.97,0.0,518.97,150.9,13.8,0.0,0.0,475.49,0.0,0.0,43.48,0.0,0.0,0.0,0.0,475.49,43.48,0.0,475.0,24.0,,19.04,19.79,34.0,75.9,13.4,30.0,16.0,16.0,188151.0,289.0,0,,,,,,,,,
1160001,9465241,,,,,2021-10-01,,Container,0.0,162.3,0.0,162.3,0.0,511.41,0.0,511.41,147.4,14.9,0.0,0.0,464.46,0.0,0.0,46.95,0.0,0.0,0.0,0.0,464.46,46.95,0.0,489.0,25.0,,18.2,19.56,27.0,73.8,12.0,5.0,16.0,16.0,188151.0,236.0,0,,,,,,,,,
1160002,9465241,,,,,2021-10-02,,Container,0.0,182.4,0.0,182.4,0.0,574.74,0.0,574.74,168.1,14.3,0.0,0.0,529.68,0.0,0.0,45.06,0.0,0.0,0.0,0.0,529.68,45.06,0.0,456.0,24.0,,19.12,19.0,19.0,77.4,18.5,5.0,16.0,16.0,188151.0,239.0,0,,,,,,,,,
1160003,9465241,,,,,2021-10-03,,Container,0.0,210.0,0.0,210.0,0.0,661.71,0.0,661.71,195.0,15.0,0.0,0.0,614.44,0.0,0.0,47.26,0.0,0.0,0.0,0.0,614.44,47.26,0.0,490.0,25.0,,19.52,19.6,30.0,80.6,19.2,5.0,16.0,16.0,188151.0,236.0,0,,,,,,,,,
1160004,9465241,,,,,2021-10-04,,Container,0.0,186.2,0.0,186.2,0.0,586.72,0.0,586.72,171.9,14.3,0.0,0.0,541.66,0.0,0.0,45.06,0.0,0.0,0.0,0.0,541.66,45.06,0.0,475.0,24.0,,9.42,9.9,15.0,39.2,8.1,17.5,8.0,8.0,94075.5,118.0,0,,,,,,,,,
1160005,9465241,,,,,2021-10-05,,Container,0.0,184.3,0.0,184.3,0.0,580.73,0.0,580.73,169.0,15.3,0.0,0.0,532.52,0.0,0.0,48.21,0.0,0.0,0.0,0.0,532.52,48.21,0.0,484.0,25.0,,18.48,19.36,20.0,76.8,16.3,80.0,16.0,16.0,188151.0,250.0,0,,,,,,,,,
1160006,9465241,,,,,2021-10-06,,Container,0.0,160.6,0.0,160.6,0.0,506.05,0.0,506.05,146.8,13.8,0.0,0.0,462.57,0.0,0.0,43.48,0.0,0.0,0.0,0.0,462.57,43.48,0.0,471.0,24.0,,19.17,19.62,14.0,75.3,13.5,10.0,16.0,16.0,188151.0,270.0,0,,,,,,,,,
1160007,9465241,,,,,2021-10-07,,Container,0.0,188.9,0.0,188.9,0.0,595.22,0.0,595.22,175.1,13.8,0.0,0.0,551.74,0.0,0.0,43.48,0.0,0.0,0.0,0.0,551.74,43.48,0.0,500.0,25.0,,19.36,20.0,30.0,78.1,15.0,5.0,16.0,16.0,188151.0,228.0,0,,,,,,,,,
1160008,9465241,,,,,2021-10-08,,Container,0.0,186.8,0.0,186.8,0.0,588.61,0.0,588.61,173.5,13.3,0.0,0.0,546.7,0.0,0.0,41.91,0.0,0.0,0.0,0.0,546.7,41.91,0.0,494.0,24.0,,19.71,20.58,14.0,79.3,13.8,45.0,16.0,16.0,188151.0,244.0,0,,,,,,,,,
1160009,9465241,,,,,2021-10-09,,Container,0.0,192.1,0.0,192.1,0.0,605.31,0.0,605.31,178.8,13.3,0.0,0.0,563.4,0.0,0.0,41.91,0.0,0.0,0.0,0.0,563.4,41.91,0.0,524.0,25.0,,20.08,20.96,18.0,79.1,12.0,40.0,16.0,16.0,188151.0,245.0,0,,,,,,,,,
1160010,9465241,,,,,2021-10-10,,Container,0.0,178.8,0.0,178.8,0.0,563.4,0.0,563.4,165.9,12.9,0.0,0.0,522.75,0.0,0.0,40.65,0.0,0.0,0.0,0.0,522.75,40.65,0.0,460.0,24.0,,18.17,19.17,5.0,76.5,16.9,10.0,16.0,16.0,188151.0,264.0,0,,,,,,,,,
1160011,9465241,,,,,2021-10-11,,Container,0.0,190.7,0.0,190.7,0.0,600.9,0.0,600.9,177.6,13.1,0.0,0.0,559.62,0.0,0.0,41.28,0.0,0.0,0.0,0.0,559.62,41.28,0.0,511.0,25.0,,19.68,20.44,8.0,79.4,14.5,30.0,16.0,16.0,188151.0,338.0,0,,,,,,,,,
1160012,9465241,,,,,2021-10-12,,Container,0.0,175.4,0.0,175.4,0.0,552.69,0.0,552.69,162.4,13.0,0.0,0.0,511.72,0.0,0.0,40.96,0.0,0.0,0.0,0.0,511.72,40.96,0.0,474.0,23.0,,20.04,20.61,25.0,78.7,13.1,10.0,16.0,16.0,188151.0,337.0,0,,,,,,,,,
1160013,9465241,,,,,2021-10-13,,Container,0.0,195.7,0.0,195.7,0.0,616.65,0.0,616.65,181.8,13.9,0.0,0.0,572.85,0.0,0.0,43.8,0.0,0.0,0.0,0.0,572.85,43.8,0.0,510.0,25.0,,20.04,20.4,24.0,79.5,14.8,5.0,16.0,16.0,188151.0,337.0,0,,,,,,,,,
1160014,9465241,,,,,2021-10-14,,Container,0.0,188.3,0.2,188.5,0.0,593.33,0.64,593.97,174.7,13.6,0.2,0.0,550.48,0.0,0.0,42.85,0.0,0.0,0.0,0.64,550.48,42.85,0.64,498.0,24.0,,20.29,20.75,15.0,79.9,0.0,5.0,16.0,16.0,188151.0,337.0,0,,,,,,,,,
1160015,9465241,,,,,2021-10-15,,Container,0.0,193.8,0.0,193.8,0.0,610.66,0.0,610.66,179.0,14.8,0.0,0.0,564.03,0.0,0.0,46.63,0.0,0.0,0.0,0.0,564.03,46.63,0.0,517.0,25.0,,20.28,20.68,17.0,79.6,13.8,35.0,16.0,15.8,187105.0,337.0,0,,,,,,,,,
1160016,9465241,,,,,2021-10-16,,Container,0.0,168.8,0.2,169.0,0.0,531.89,0.64,532.53,149.1,18.3,1.6,0.0,469.81,0.0,0.0,57.66,0.0,0.0,4.41,0.64,469.81,57.66,5.05,447.0,23.7,,6.75,6.83,6.67,26.83,5.13,10.0,16.0,15.8,187105.0,111.0,0,,,,,,,,,
1160018,9465241,,,,,2021-10-18,,Container,0.0,48.3,0.0,48.3,0.0,152.19,0.0,152.19,31.7,11.9,4.7,0.0,99.89,0.0,0.0,37.5,0.0,0.0,14.81,0.0,99.89,37.5,14.81,100.0,30.5,,3.38,3.48,4.5,13.07,-1.08,17.33,9.93,9.6,112210.67,25.33,0,,,,,,,,,
1160023,9465241,,,,,2021-10-23,,Container,0.0,42.2,0.0,42.2,0.0,132.97,0.0,132.97,25.2,14.1,2.9,0.0,79.41,0.0,0.0,44.43,0.0,0.0,9.14,0.0,79.41,44.43,9.14,85.0,23.7,,6.76,6.86,13.67,25.07,3.07,5.0,12.7,12.7,138431.0,104.67,0,,,,,,,,,
1160024,9465241,,,,,2021-10-24,,Container,0.0,178.6,0.0,178.6,0.0,562.77,0.0,562.77,163.0,15.6,0.0,0.0,513.61,0.0,0.0,49.16,0.0,0.0,0.0,0.0,513.61,49.16,0.0,505.0,24.0,,20.42,21.04,24.0,77.6,10.0,5.0,12.7,12.7,138431.0,158.0,0,,,,,,,,,
1160025,9465241,,,,,2021-10-25,,Container,0.0,178.8,0.0,178.8,0.0,563.4,0.0,563.4,164.3,14.5,0.0,0.0,517.71,0.0,0.0,45.69,0.0,0.0,0.0,0.0,517.71,45.69,0.0,487.0,23.0,,20.52,21.17,30.0,78.7,10.6,10.0,12.7,12.7,138431.0,158.0,0,,,,,,,,,
1160026,9465241,,,,,2021-10-26,,Container,0.0,191.0,0.0,191.0,0.0,601.84,0.0,601.84,176.0,15.0,0.0,0.0,554.58,0.0,0.0,47.26,0.0,0.0,0.0,0.0,554.58,47.26,0.0,499.0,24.0,,20.29,20.79,28.0,78.9,12.5,10.0,12.7,12.7,138431.0,159.0,0,,,,,,,,,
1160027,9465241,,,,,2021-10-27,,Container,0.0,179.4,0.0,179.4,0.0,565.29,0.0,565.29,166.1,13.3,0.0,0.0,523.38,0.0,0.0,41.91,0.0,0.0,0.0,0.0,523.38,41.91,0.0,477.0,23.0,,20.26,20.74,18.0,78.7,12.5,5.0,12.7,12.7,138431.0,160.0,0,,,,,,,,,
1160028,9465241,,,,,2021-10-28,,Container,0.0,156.2,0.0,156.2,0.0,492.19,0.0,492.19,142.9,13.3,0.0,0.0,450.28,0.0,0.0,41.91,0.0,0.0,0.0,0.0,450.28,41.91,0.0,472.0,24.0,,19.58,19.67,5.0,74.2,12.0,20.0,12.7,12.7,138431.0,146.0,0,,,,,,,,,
1160029,9465241,,,,,2021-10-29,,Container,0.0,141.5,0.0,141.5,0.0,445.87,0.0,445.87,128.6,12.9,0.0,0.0,405.22,0.0,0.0,40.65,0.0,0.0,0.0,0.0,405.22,40.65,0.0,453.0,23.0,,19.43,19.7,10.0,73.2,10.7,160.0,12.7,12.7,138431.0,78.0,0,,,,,,,,,
1160030,9465241,,,,,2021-10-30,,Container,0.0,152.0,0.0,152.0,0.0,478.95,0.0,478.95,138.5,13.5,0.0,0.0,436.41,0.0,0.0,42.54,0.0,0.0,0.0,0.0,436.41,42.54,0.0,457.0,24.0,,19.38,19.04,46.0,73.6,14.1,30.0,12.7,12.7,138431.0,65.0,0,,,,,,,,,
1160031,9465241,,,,,2021-10-31,,Container,0.0,171.2,0.0,171.2,0.0,539.45,0.0,539.45,157.8,13.4,0.0,0.0,497.23,0.0,0.0,42.22,0.0,0.0,0.0,0.0,497.23,42.22,0.0,439.0,23.0,,19.0,19.09,38.0,76.5,17.2,25.0,12.7,12.7,138431.0,64.0,0,,,,,,,,,
1160032,9465241,,,,,2021-11-01,,Container,0.0,155.9,0.0,155.9,0.0,491.24,0.0,491.24,141.6,14.3,0.0,0.0,446.18,0.0,0.0,45.06,0.0,0.0,0.0,0.0,446.18,45.06,0.0,436.0,24.0,,17.92,18.17,43.0,71.8,16.0,20.0,12.7,12.7,138431.0,66.0,0,,,,,,,,,
1160033,9465241,,,,,2021-11-02,,Container,0.0,143.4,0.0,143.4,0.0,451.85,0.0,451.85,129.0,14.4,0.0,0.0,406.48,0.0,0.0,45.37,0.0,0.0,0.0,0.0,406.48,45.37,0.0,436.0,24.0,,18.08,18.17,25.0,71.0,15.1,5.0,12.7,12.7,138431.0,67.0,0,,,,,,,,,
1160034,9465241,,,,,2021-11-03,,Container,0.0,127.0,0.0,127.0,0.0,400.18,0.0,400.18,113.5,13.5,0.0,0.0,357.64,0.0,0.0,42.54,0.0,0.0,0.0,0.0,357.64,42.54,0.0,417.0,23.0,,17.96,18.13,29.0,69.0,12.8,45.0,12.7,12.7,138431.0,54.0,0,,,,,,,,,
1160035,9465241,,,,,2021-11-04,,Container,0.0,139.7,0.0,139.7,0.0,440.19,0.0,440.19,125.4,14.3,0.0,0.0,395.14,0.0,0.0,45.06,0.0,0.0,0.0,0.0,395.14,45.06,0.0,433.0,24.0,,17.96,18.04,30.0,69.7,14.1,5.0,12.7,12.7,138431.0,51.0,0,,,,,,,,,
1160036,9465241,,,,,2021-11-05,,Container,0.0,127.4,0.0,127.4,0.0,401.44,0.0,401.44,113.0,14.4,0.0,0.0,356.06,0.0,0.0,45.37,0.0,0.0,0.0,0.0,356.06,45.37,0.0,418.0,23.0,,17.83,18.17,28.0,68.9,12.5,15.0,12.7,12.7,138431.0,54.0,0,,,,,,,,,
1160037,9465241,,,,,2021-11-06,,Container,0.0,132.8,0.0,132.8,0.0,418.45,0.0,418.45,117.6,15.2,0.0,0.0,370.56,0.0,0.0,47.9,0.0,0.0,0.0,0.0,370.56,47.9,0.0,434.0,24.0,,17.96,18.08,15.0,69.2,13.3,10.0,12.7,12.7,138431.0,54.0,0,,,,,,,,,
1160038,9465241,,,,,2021-11-07,,Container,0.0,109.1,0.0,109.1,0.0,343.77,0.0,343.77,94.8,14.3,0.0,0.0,298.71,0.0,0.0,45.06,0.0,0.0,0.0,0.0,298.71,45.06,0.0,418.0,23.0,,17.48,18.17,24.0,65.7,8.2,35.0,12.7,12.7,138431.0,54.0,0,,,,,,,,,
1160039,9465241,,,,,2021-11-08,,Container,0.0,111.8,0.0,111.8,0.0,352.28,0.0,352.28,96.5,15.3,0.0,0.0,304.07,0.0,0.0,48.21,0.0,0.0,0.0,0.0,304.07,48.21,0.0,431.0,24.0,,8.5,8.98,7.5,32.55,4.15,45.0,6.35,6.35,69215.5,27.0,0,,,,,,,,,
1160040,9465241,,,,,2021-11-09,,Container,0.0,68.8,0.0,68.8,0.0,216.79,0.0,216.79,53.8,15.0,0.0,0.0,169.52,0.0,0.0,47.26,0.0,0.0,0.0,0.0,169.52,47.26,0.0,321.0,23.0,,13.65,13.96,25.0,52.5,11.7,50.0,12.7,12.7,138431.0,82.0,0,,,,,,,,,
1160041,9465241,,,,,2021-11-10,,Container,0.0,74.0,0.0,74.0,0.0,233.17,0.0,233.17,55.1,18.6,0.3,0.0,173.62,0.0,0.0,58.61,0.0,0.0,0.95,0.0,173.62,58.61,0.95,358.0,27.3,,8.86,8.82,13.0,34.77,10.47,41.67,12.7,12.7,138431.0,111.67,0,,,,,,,,,
1160042,9465241,,,,,2021-11-11,,Container,0.0,18.0,0.0,18.0,0.0,56.72,0.0,56.72,2.2,12.7,3.1,0.0,6.93,0.0,0.0,40.02,0.0,0.0,9.77,0.0,6.93,40.02,9.77,12.0,1.9,,0.0,0.0,0.0,0.0,0.0,0.0,12.7,12.7,138431.0,0.0,0,,,,,,,,,
1160043,9465241,,,,,2021-11-12,,Container,0.0,44.8,0.0,44.8,0.0,141.16,0.0,141.16,26.8,14.8,3.2,0.0,84.45,0.0,0.0,46.63,0.0,0.0,10.08,0.0,84.45,46.63,10.08,78.0,7.7,,0.0,0.0,0.0,0.0,0.0,0.0,12.8,12.1,138431.0,0.0,0,,,,,,,,,
1160044,9465241,,,,,2021-11-13,,Container,0.0,63.8,1.8,65.6,0.0,201.03,5.77,206.8,49.1,14.7,1.8,0.0,154.71,0.0,0.0,46.32,0.0,0.0,0.0,5.77,154.71,46.32,5.77,210.0,12.3,,0.0,0.0,0.0,0.0,0.0,0.0,12.8,12.1,138431.0,0.0,0,,,,,,,,,
1160045,9465241,,,,,2021-11-14,,Container,0.0,19.7,4.0,23.7,0.0,62.07,12.82,74.9,1.1,18.6,4.0,0.0,3.47,0.0,0.0,58.61,0.0,0.0,0.0,12.82,3.47,58.61,12.82,12.0,1.2,,0.0,0.0,0.0,0.0,0.0,0.0,12.8,12.1,138431.0,0.0,0,,,,,,,,,
1160048,9465241,,,,,2021-11-17,,Container,0.0,40.7,0.0,40.7,0.0,128.25,0.0,128.25,29.9,10.4,0.4,0.0,94.21,0.0,0.0,32.77,0.0,0.0,1.26,0.0,94.21,32.77,1.26,202.0,15.2,,7.0,6.95,18.0,25.1,4.05,5.0,11.3,8.6,102765.0,45.0,0,,,,,,,,,
1160049,9465241,,,,,2021-11-18,,Container,0.0,64.8,0.0,64.8,0.0,204.18,0.0,204.18,49.9,14.9,0.0,0.0,157.23,0.0,0.0,46.95,0.0,0.0,0.0,0.0,157.23,46.95,0.0,333.0,24.0,,3.56,3.47,6.25,12.88,2.62,1.25,2.82,2.15,25691.25,9.0,0,,,,,,,,,
1160050,9465241,,,,,2021-11-19,,Container,0.0,67.8,0.0,67.8,0.0,213.64,0.0,213.64,52.2,15.6,0.0,0.0,164.48,0.0,0.0,49.16,0.0,0.0,0.0,0.0,164.48,49.16,0.0,334.0,24.0,,13.46,13.92,34.0,51.4,10.2,10.0,11.3,8.6,102765.0,26.0,0,,,,,,,,,
1160051,9465241,,,,,2021-11-20,,Container,0.0,64.0,0.0,64.0,0.0,201.66,0.0,201.66,49.1,14.9,0.0,0.0,154.71,0.0,0.0,46.95,0.0,0.0,0.0,0.0,154.71,46.95,0.0,329.0,24.0,,12.96,13.71,30.0,49.8,8.6,35.0,11.3,8.6,102765.0,19.0,0,,,,,,,,,
1160052,9465241,,,,,2021-11-21,,Container,0.0,55.7,0.0,55.7,0.0,175.51,0.0,175.51,40.5,14.7,0.5,0.0,127.62,0.0,0.0,46.32,0.0,0.0,1.58,0.0,127.62,46.32,1.58,257.0,21.4,,6.0,6.15,7.5,24.55,-1.35,10.0,11.3,8.6,102765.0,10.5,0,,,,,,,,,
1160053,9465241,,,,,2021-11-22,,Container,0.0,20.7,0.0,20.7,0.0,65.23,0.0,65.23,4.4,12.7,3.6,0.0,13.86,0.0,0.0,40.02,0.0,0.0,11.34,0.0,13.86,40.02,11.34,18.5,3.9,,0.0,0.0,0.0,0.0,0.0,0.0,5.65,4.3,51382.5,0.0,0,,,,,,,,,
1160054,9465241,,,,,2021-11-23,,Container,0.0,31.6,0.0,31.6,0.0,99.57,0.0,99.57,12.7,14.8,4.1,0.0,40.02,0.0,0.0,46.63,0.0,0.0,12.92,0.0,40.02,46.63,12.92,74.7,9.4,,0.0,0.0,0.0,0.0,0.0,0.0,2.82,2.15,25691.25,0.0,0,,,,,,,,,
1160056,9465241,,,,,2021-11-25,,Container,0.0,20.2,0.0,20.2,0.0,63.65,0.0,63.65,4.7,11.8,3.7,0.0,14.81,0.0,0.0,37.18,0.0,0.0,11.66,0.0,14.81,37.18,11.66,24.0,24.3,,0.0,0.0,0.38,0.0,0.0,5.0,2.95,2.85,31528.25,15.12,0,,,,,,,,,
1160057,9465241,,,,,2021-11-26,,Container,0.0,88.8,0.0,88.8,0.0,279.81,0.0,279.81,75.7,13.1,0.0,0.0,238.53,0.0,0.0,41.28,0.0,0.0,0.0,0.0,238.53,41.28,0.0,334.0,23.0,,14.13,14.52,35.0,58.2,17.1,5.0,11.8,11.4,126113.0,48.0,0,,,,,,,,,
1160058,9465241,,,,,2021-11-27,,Container,0.0,113.4,0.0,113.4,0.0,357.32,0.0,357.32,95.4,17.5,0.5,0.0,300.61,0.0,0.0,55.14,0.0,0.0,1.58,0.0,300.61,55.14,1.58,429.0,30.7,,8.97,9.36,21.33,37.37,11.2,23.0,12.5,11.5,126113.0,16.33,0,,,,,,,,,
1160059,9465241,,,,,2021-11-28,,Container,0.0,12.9,0.0,12.9,0.0,40.65,0.0,40.65,2.2,8.2,2.5,0.0,6.93,0.0,0.0,25.84,0.0,0.0,7.88,0.0,6.93,25.84,7.88,14.7,2.8,,0.0,0.0,0.0,0.0,0.0,0.0,12.5,11.5,126113.0,0.0,0,,,,,,,,,
1160060,9465241,,,,,2021-11-29,,Container,0.0,24.7,0.0,24.7,0.0,77.83,0.0,77.83,8.9,12.1,3.7,0.0,28.04,0.0,0.0,38.13,0.0,0.0,11.66,0.0,28.04,38.13,11.66,67.5,18.4,,0.0,0.0,0.0,0.0,0.0,0.0,3.12,2.88,31528.25,0.0,0,,,,,,,,,
1160061,9465241,,,,,2021-11-30,,Container,0.0,32.6,0.0,32.6,0.0,102.72,0.0,102.72,19.2,10.8,2.6,0.0,60.5,0.0,0.0,34.03,0.0,0.0,8.19,0.0,60.5,34.03,8.19,95.0,23.7,,1.24,1.29,9.0,5.73,2.82,8.33,4.43,4.4,49367.67,8.56,0,,,,,,,,,
1160062,9465241,,,,,2021-12-01,,Container,0.0,97.3,0.0,97.3,0.0,306.59,0.0,306.59,83.1,14.1,0.1,0.0,261.85,0.0,0.0,44.43,0.0,0.0,0.32,0.0,261.85,44.43,0.32,320.0,27.4,,7.5,7.58,20.67,34.13,17.23,13.33,13.3,13.2,148103.0,104.33,0,,,,,,,,,
1160063,9465241,,,,,2021-12-02,,Container,0.0,11.4,3.0,14.4,0.0,35.92,9.62,45.54,3.1,8.3,3.0,0.0,9.77,0.0,0.0,26.15,0.0,0.0,0.0,9.62,9.77,26.15,9.62,16.4,1.8,,0.0,0.0,0.0,0.0,0.0,0.0,13.3,13.2,148103.0,0.0,0,,,,,,,,,
1160064,9465241,,,,,2021-12-03,,Container,0.0,17.0,3.5,20.5,0.0,53.57,11.22,64.79,5.9,11.1,3.5,0.0,18.59,0.0,0.0,34.98,0.0,0.0,0.0,11.22,18.59,34.98,11.22,19.0,3.3,,0.0,0.0,0.0,0.0,0.0,0.0,13.3,13.3,148103.0,0.0,0,,,,,,,,,
1160065,9465241,,,,,2021-12-04,,Container,0.0,14.5,3.6,18.1,0.0,45.69,11.54,57.23,4.4,10.1,3.6,0.0,13.86,0.0,0.0,31.83,0.0,0.0,0.0,11.54,13.86,31.83,11.54,24.6,2.8,,0.0,0.0,0.0,0.0,0.0,0.0,13.3,13.3,148103.0,0.0,0,,,,,,,,,
1160066,9465241,,,,,2021-12-05,,Container,0.0,34.9,5.1,40.0,0.0,109.97,16.35,126.32,18.3,16.6,5.1,0.0,57.66,0.0,0.0,52.31,0.0,0.0,0.0,16.35,57.66,52.31,16.35,111.0,21.8,,0.0,0.0,1.93,0.0,0.0,3.33,2.67,2.66,30280.6,7.13,0,,,,,,,,,
1160067,9465241,,,,,2021-12-06,,Container,0.0,60.4,0.8,61.2,0.0,190.32,2.56,192.89,55.6,5.6,0.0,0.0,175.2,0.0,0.0,15.12,2.56,0.0,0.0,0.0,175.2,17.69,0.0,220.0,12.1,,17.93,18.18,16.0,67.5,10.5,50.0,13.6,13.5,153053.0,115.0,0,,,,,,,,,
1160068,9465241,,,,,2021-12-07,,Container,0.0,32.6,30.1,62.7,0.0,102.72,96.5,199.22,50.3,12.4,0.0,0.0,102.72,56.75,0.0,0.0,39.75,0.0,0.0,0.0,159.47,39.75,0.0,268.0,22.1,,1.73,1.8,2.67,6.67,1.14,3.33,4.53,4.5,51017.67,6.33,0,,,,,,,,,
1160071,9465241,,,,,2021-12-10,,Container,0.0,41.5,5.7,47.2,0.0,130.77,18.27,149.04,40.3,6.4,0.5,0.0,115.64,11.54,0.0,15.12,5.13,0.0,0.0,1.6,127.18,20.25,1.6,186.0,13.2,,7.75,7.85,6.5,30.6,4.7,15.0,15.5,15.7,182947.0,167.5,0,,,,,,,,,
1160072,9465241,,,,,2021-12-11,,Container,0.0,166.1,0.0,166.1,0.0,523.38,0.0,523.38,154.8,11.3,0.0,0.0,487.77,0.0,0.0,35.61,0.0,0.0,0.0,0.0,487.77,35.61,0.0,462.0,23.0,,19.39,20.09,23.0,77.3,13.8,10.0,15.5,15.7,182947.0,90.0,0,,,,,,,,,
1160073,9465241,,,,,2021-12-12,,Container,0.0,183.7,0.0,183.7,0.0,578.84,0.0,578.84,171.5,12.2,0.0,0.0,540.4,0.0,0.0,38.44,0.0,0.0,0.0,0.0,540.4,38.44,0.0,475.0,24.0,,19.38,19.79,21.0,78.7,16.5,5.0,15.5,15.7,182947.0,88.0,0,,,,,,,,,
1160074,9465241,,,,,2021-12-13,,Container,0.0,164.0,0.0,164.0,0.0,516.76,0.0,516.76,152.6,11.4,0.0,0.0,480.84,0.0,0.0,35.92,0.0,0.0,0.0,0.0,480.84,35.92,0.0,453.0,23.0,,9.67,9.85,12.0,38.45,7.5,27.5,7.75,7.85,91473.5,44.0,0,,,,,,,,,
1160075,9465241,,,,,2021-12-14,,Container,0.0,156.1,0.0,156.1,0.0,491.87,0.0,491.87,143.5,12.6,0.0,0.0,452.17,0.0,0.0,39.7,0.0,0.0,0.0,0.0,452.17,39.7,0.0,473.0,24.0,,19.38,19.71,12.0,75.1,12.8,136.0,15.5,15.7,182947.0,76.0,0,,,,,,,,,
1160076,9465241,,,,,2021-12-15,,Container,0.0,349.0,0.0,349.0,0.0,1099.7,0.0,1099.7,325.7,23.3,0.0,0.0,1026.28,0.0,0.0,73.42,0.0,0.0,0.0,0.0,1026.28,73.42,0.0,919.0,47.0,,19.26,19.55,25.0,78.0,16.7,35.0,15.5,15.7,182947.0,66.5,0,,,,,,,,,
1160077,9465241,,,,,2021-12-16,,Container,0.0,157.0,0.0,157.0,0.0,494.71,0.0,494.71,144.8,12.2,0.0,0.0,456.26,0.0,0.0,38.44,0.0,0.0,0.0,0.0,456.26,38.44,0.0,454.0,24.0,,18.29,18.92,6.0,74.0,15.1,35.0,15.5,15.7,182947.0,59.0,0,,,,,,,,,
1160078,9465241,,,,,2021-12-17,,Container,0.0,71.0,0.0,71.0,0.0,223.72,0.0,223.72,59.4,11.6,0.0,0.0,187.17,0.0,0.0,36.55,0.0,0.0,0.0,0.0,187.17,36.55,0.0,313.0,23.0,,13.35,13.61,20.0,53.3,15.2,5.0,15.5,15.7,182947.0,59.0,0,,,,,,,,,
1160079,9465241,,,,,2021-12-18,,Container,0.0,61.1,0.0,61.1,0.0,192.53,0.0,192.53,49.0,12.1,0.0,0.0,154.4,0.0,0.0,38.13,0.0,0.0,0.0,0.0,154.4,38.13,0.0,308.0,24.0,,12.62,12.83,15.0,50.0,14.7,50.0,15.5,15.7,182947.0,56.0,0,,,,,,,,,
1160080,9465241,,,,,2021-12-19,,Container,0.0,47.0,0.0,47.0,0.0,148.1,0.0,148.1,36.3,10.7,0.0,0.0,114.38,0.0,0.0,33.72,0.0,0.0,0.0,0.0,114.38,33.72,0.0,269.0,23.0,,11.52,11.7,13.0,46.3,16.2,80.0,15.5,15.7,182947.0,88.0,0,,,,,,,,,
1160081,9465241,,,,,2021-12-20,,Container,0.0,53.2,0.0,53.2,0.0,167.63,0.0,167.63,41.9,11.3,0.0,0.0,132.03,0.0,0.0,35.61,0.0,0.0,0.0,0.0,132.03,35.61,0.0,278.0,24.0,,5.69,5.79,13.5,23.85,9.7,35.0,7.75,7.85,91473.5,44.0,0,,,,,,,,,
1160082,9465241,,,,,2021-12-21,,Container,0.0,46.4,0.1,46.5,0.0,146.21,0.32,146.53,35.8,10.6,0.1,0.0,112.81,0.0,0.0,33.4,0.0,0.0,0.0,0.32,112.81,33.4,0.32,266.0,23.0,,5.62,5.78,7.5,23.1,8.45,22.5,15.5,15.7,182947.0,35.0,0,,,,,,,,,
1160083,9465241,,,,,2021-12-22,,Container,0.0,18.4,4.0,22.4,0.0,57.98,12.82,70.8,7.4,11.0,4.0,0.0,23.32,0.0,0.0,34.66,0.0,0.0,0.0,12.82,23.32,34.66,12.82,23.0,5.0,,0.0,0.0,18.0,0.0,0.0,5.0,15.5,15.7,182947.0,1.5,0,,,,,,,,,
1160084,9465241,,,,,2021-12-23,,Container,0.0,43.3,0.7,44.0,0.0,136.44,2.24,138.68,32.8,10.5,0.7,0.0,103.35,0.0,0.0,33.09,0.0,0.0,0.0,2.24,103.35,33.09,2.24,206.0,19.5,,10.41,10.56,27.0,47.1,25.5,90.0,15.5,15.7,182947.0,90.0,0,,,,,,,,,
1160085,9465241,,,,,2021-12-24,,Container,0.0,79.5,0.8,80.3,0.0,250.5,2.56,253.07,62.3,17.2,0.8,0.0,196.31,0.0,0.0,54.2,0.0,0.0,0.0,2.56,196.31,54.2,2.56,328.0,34.4,,6.18,6.24,20.0,30.4,21.3,86.67,15.5,15.63,182947.0,55.33,0,,,,,,,,,
1160086,9465241,,,,,2021-12-25,,Container,0.0,18.9,1.8,20.7,0.0,59.55,5.77,65.32,8.9,8.7,3.1,0.0,28.04,0.0,0.0,27.41,0.0,0.0,4.1,5.77,28.04,27.41,9.87,47.0,10.9,,0.0,0.0,17.5,0.0,0.0,22.5,15.5,15.5,182947.0,2.0,0,,,,,,,,,
1160087,9465241,,,,,2021-12-26,,Container,0.0,30.8,24.0,54.8,0.0,97.05,76.94,173.99,42.9,9.9,2.0,0.0,70.9,65.4,0.0,22.06,9.3,0.0,4.1,2.24,136.3,31.35,6.34,223.0,20.1,,1.02,1.02,2.89,4.72,3.13,3.33,5.17,5.17,60982.33,9.89,0,,,,,,,,,
1308312,9465241,,,,,2022-12-25,,Container,0.0,24.1,4.3,28.4,0.0,75.94,13.79,89.72,10.4,13.7,4.3,0.0,32.77,0.0,0.0,43.17,0.0,0.0,0.0,13.79,32.77,43.17,13.79,150.0,19.7,,0.86,0.84,2.33,3.4,1.96,4.44,5.2,5.17,61526.33,23.33,0,,,,,,,,,
1308313,9465241,,,,,2022-12-26,,Container,0.0,12.4,3.0,15.4,0.0,39.07,9.62,48.69,3.6,8.8,3.0,0.0,11.34,0.0,0.0,27.73,0.0,0.0,0.0,9.62,11.34,27.73,9.62,30.0,20.6,,0.93,0.93,3.7,3.53,1.23,4.0,6.0,6.0,69906.0,56.2,0,,,,,,,,,
1308314,9465241,,,,,2022-12-27,,Container,0.0,17.8,4.0,21.8,0.0,56.09,12.82,68.91,5.5,12.3,4.0,0.0,17.33,0.0,0.0,38.76,0.0,0.0,0.0,12.82,17.33,38.76,12.82,41.0,19.2,,0.0,0.0,1.31,0.0,0.0,1.88,3.61,3.55,41245.5,19.44,0,,,,,,,,,
1308315,9465241,,,,,2022-12-28,,Container,0.0,61.3,2.4,63.7,0.0,193.16,7.69,200.85,50.0,11.3,2.4,0.0,157.55,0.0,0.0,35.61,0.0,0.0,0.0,7.69,157.55,35.61,7.69,219.0,23.5,,0.95,0.96,3.59,3.61,0.71,1.76,4.02,3.89,44279.35,12.24,0,,,,,,,,,
1308316,9465241,,,,,2022-12-29,,Container,0.0,20.3,2.8,23.1,0.0,63.97,8.98,72.94,12.3,8.0,2.8,0.0,38.76,0.0,0.0,25.21,0.0,0.0,0.0,8.98,38.76,25.21,8.98,137.0,19.1,,4.68,4.79,20.0,21.03,14.3,26.67,13.3,13.0,143576.0,201.33,0,,,,,,,,,
1308317,9465241,,,,,2022-12-30,,Container,0.0,11.4,2.9,14.3,0.0,35.92,9.3,45.22,4.0,7.4,2.9,0.0,12.6,0.0,0.0,23.32,0.0,0.0,0.0,9.3,12.6,23.32,9.3,28.0,2.5,,0.0,0.0,0.0,0.0,0.0,0.0,13.4,13.1,143576.0,0.0,0,,,,,,,,,
1308318,9465241,,,,,2022-12-31,,Container,0.0,20.4,3.2,23.6,0.0,64.28,10.26,74.54,11.4,9.0,3.2,0.0,35.92,0.0,0.0,28.36,0.0,0.0,0.0,10.26,35.92,28.36,10.26,112.0,19.9,,0.0,0.0,0.0,0.0,0.0,0.0,3.35,3.28,35894.0,0.0,0,,,,,,,,,
